-- --------------------------------------------------------
-- 호스트:                          i8a809.p.ssafy.io
-- 서버 버전:                        10.10.2-MariaDB-1:10.10.2+maria~ubu2204 - mariadb.org binary distribution
-- 서버 OS:                        debian-linux-gnu
-- HeidiSQL 버전:                  12.3.0.6589
-- --------------------------------------------------------

/*!40101 SET @OLD_CHARACTER_SET_CLIENT=@@CHARACTER_SET_CLIENT */;
/*!40101 SET NAMES utf8 */;
/*!50503 SET NAMES utf8mb4 */;
/*!40103 SET @OLD_TIME_ZONE=@@TIME_ZONE */;
/*!40103 SET TIME_ZONE='+00:00' */;
/*!40014 SET @OLD_FOREIGN_KEY_CHECKS=@@FOREIGN_KEY_CHECKS, FOREIGN_KEY_CHECKS=0 */;
/*!40101 SET @OLD_SQL_MODE=@@SQL_MODE, SQL_MODE='NO_AUTO_VALUE_ON_ZERO' */;
/*!40111 SET @OLD_SQL_NOTES=@@SQL_NOTES, SQL_NOTES=0 */;

-- 테이블 데이터 imfine.bamboo:~67 rows (대략적) 내보내기
INSERT INTO `bamboo` (`id`, `created_at`, `content`, `declaration_count`, `delete_at`, `leaf_count`, `like_count`, `writer_id`) VALUES
	(1, '2023-02-13 03:36:47.093602', '팀 어떻게 해 잉잉ㅠㅠ', 0, '2023-02-20 03:36:47.087450', 0, 0, 3),
	(2, '2023-02-13 03:36:48.118914', '팀 어떻게 해 잉잉ㅠㅠ', 0, '2023-02-20 03:36:48.118551', 0, 0, 3),
	(3, '2023-02-13 03:36:49.849911', '팀 어떻게 해 잉잉ㅠㅠ', 0, '2023-02-20 03:36:49.849602', 0, 0, 3),
	(4, '2023-02-13 03:36:51.227982', '팀 어떻게 해 잉잉ㅠㅠ', 0, '2023-02-20 03:36:51.227702', 0, 0, 3),
	(5, '2023-02-13 03:36:51.410915', '팀 어떻게 해 잉잉ㅠㅠ', 0, '2023-02-20 03:36:51.410611', 0, 0, 3),
	(6, '2023-02-13 03:36:51.721496', '팀 어떻게 해 잉잉ㅠㅠ', 0, '2023-02-20 03:36:51.721205', 0, 0, 3),
	(7, '2023-02-13 03:36:51.953947', '팀 어떻게 해 잉잉ㅠㅠ', 0, '2023-02-20 03:36:51.953632', 0, 0, 3),
	(8, '2023-02-13 03:36:53.376598', '팀 어떻게 해 잉잉ㅠㅠ', 0, '2023-02-20 03:36:53.376239', 0, 0, 3),
	(9, '2023-02-13 03:36:55.004327', '', 0, '2023-02-20 03:36:55.004031', 0, 0, 3),
	(10, '2023-02-13 03:37:03.543580', '팀 어떻게 해 잉잉ㅠㅠ', 0, '2023-02-20 03:37:03.543293', 0, 0, 3),
	(11, '2023-02-13 03:37:03.958336', '팀 어떻게 해 잉잉ㅠㅠ', 0, '2023-02-20 03:37:03.958007', 0, 0, 3),
	(12, '2023-02-13 03:37:04.127047', '팀 어떻게 해 잉잉ㅠㅠ', 0, '2023-02-20 03:37:04.126755', 0, 0, 3),
	(13, '2023-02-13 03:37:04.251132', '팀 어떻게 해 잉잉ㅠㅠ', 0, '2023-02-20 03:37:04.250833', 0, 0, 3),
	(14, '2023-02-13 03:37:26.173129', '뿌잉', 0, '2023-02-20 03:37:26.172844', 3, 1, 3),
	(15, '2023-02-13 08:48:22.158342', '대나무숲', 0, '2023-02-20 08:48:22.154957', 0, 0, 2),
	(16, '2023-02-13 22:20:35.100905', '오늘시작\n', 0, '2023-02-20 22:20:35.099916', 1, 0, 4),
	(17, '2023-02-14 01:55:42.183562', '2월 14일', 0, '2023-02-21 01:55:42.183220', 1, 1, 1),
	(18, '2023-02-14 01:59:59.916378', '내가 뒤로가볼게', 1, '2023-02-21 01:59:59.916097', 2, 1, 1),
	(19, '2023-02-14 05:08:38.678726', '이윤진 화이팅!!', 0, '2023-02-21 05:08:38.673971', 1, 1, 2),
	(20, '2023-02-14 14:17:05.171177', '에러..ㅠㅠ', 0, '2023-02-21 14:17:05.161262', 1, 2, 1),
	(21, '2023-02-14 05:18:37.092518', '호엥', 0, '2023-02-21 05:18:37.092252', 1, 1, 1),
	(22, '2023-02-14 05:33:17.639669', 'whyrano...whyrano...', 1, '2023-02-21 05:33:17.639371', 1, 1, 1),
	(23, '2023-02-14 06:33:32.265587', '안녕', 0, '2023-02-21 06:33:32.262565', 1, 2, 2),
	(24, '2023-02-14 06:49:36.823705', '누구게??', 0, '2023-02-21 06:49:36.819225', 1, 0, 2),
	(25, '2023-02-15 00:46:13.137032', '작성이 잘 되나?', 0, '2023-02-22 00:46:13.131469', 1, 1, 16),
	(26, '2023-02-15 13:02:57.248927', '뚫어 ~~ 송태섭 ~~~\n', 0, '2023-02-22 13:02:57.244241', 3, 0, 4),
	(27, '2023-02-15 18:33:38.826059', '우헤헤 돌솥밥 다음에 먹어야지', 2, '2023-02-22 18:33:38.822698', 2, 1, 1),
	(28, '2023-02-15 18:34:47.028035', '윤진아 안녕\n하늬님 안녕하세요..😆\n저는.. 특화 같은팀 성희에요오\n아임파인 너무너무 귀여워요\n우리 팀 해줘서 고마워요\n사랑해요🥰', 0, '2023-02-22 18:34:47.027768', 2, 2, 1),
	(29, '2023-02-15 18:35:18.520826', '제혁이 원영이 윤진이 환석이 친구 왔다감\n', 0, '2023-02-22 18:35:18.520566', 0, 1, 1),
	(30, '2023-02-15 18:54:51.361070', '나는누구겡나는누구겡나는누구겡나는누구겡나는누구겡나는누구겡나는누구겡나는누구겡', 0, '2023-02-22 18:54:51.360775', 1, 0, 1),
	(31, '2023-02-15 19:45:38.169903', '', 0, '2023-02-22 19:45:38.169660', 2, 0, 18),
	(32, '2023-02-15 19:45:53.075019', '우가우가우가우가~~~~', 0, '2023-02-22 19:45:53.074788', 0, 2, 18),
	(33, '2023-02-15 19:53:26.568128', '안녕', 0, '2023-02-22 19:53:26.567883', 0, 0, 1),
	(34, '2023-02-16 07:52:14.793803', '피곤해 죽것다\n', 0, '2023-02-23 07:52:14.793588', 0, 0, 4),
	(35, '2023-02-16 07:52:41.583628', '으아아악', 0, '2023-02-23 07:52:41.583402', 0, 1, 4),
	(36, '2023-02-16 07:52:57.940045', 'ㄴㅇㄹ', 0, '2023-02-23 07:52:57.939814', 0, 0, 4),
	(37, '2023-02-16 07:53:23.046198', '123', 0, '2023-02-23 07:53:23.045940', 0, 0, 4),
	(38, '2023-02-16 07:53:34.510017', '외쳐~\n', 0, '2023-02-23 07:53:34.509796', 0, 0, 4),
	(39, '2023-02-16 07:58:54.421456', '밀어내 버리기~', 0, '2023-02-23 07:58:54.421256', 0, 0, 4),
	(40, '2023-02-16 08:22:06.615821', '나도 밀어낼래~~~~', 0, '2023-02-23 08:22:06.615606', 1, 1, 3),
	(41, '2023-02-16 08:23:28.693024', '다 밀어버려', 0, '2023-02-23 08:23:28.692788', 0, 0, 4),
	(42, '2023-02-16 10:36:42.370172', '테스트', 0, '2023-02-23 10:36:42.365766', 0, 1, 6),
	(43, '2023-02-16 13:33:52.687611', '안녕하세요\n여긴 제가 접수하겠습니다', 0, '2023-02-23 13:33:52.664685', 0, 5, 20),
	(44, '2023-02-16 14:37:32.225321', '오늘은 너무 힘들어요\n', 0, '2023-02-23 14:37:32.220659', 0, 0, 4),
	(45, '2023-02-16 14:37:39.544778', '오늘 너무 행복해요', 0, '2023-02-23 14:37:39.544487', 0, 0, 4),
	(46, '2023-02-16 14:37:48.789136', '안녕하세요!! 다들 어떠신가요??', 0, '2023-02-23 14:37:48.788859', 1, 2, 4),
	(47, '2023-02-16 14:45:59.813342', '외쳐봐\n', 0, '2023-02-23 14:45:59.813053', 0, 0, 1),
	(48, '2023-02-16 15:02:46.080721', '대나무우우ㅜㅇ', 0, '2023-02-23 15:02:46.077492', 1, 0, 3),
	(49, '2023-02-16 15:36:13.858527', '댄아무 헬리콥허~', 0, '2023-02-23 15:36:13.858222', 0, 0, 4),
	(50, '2023-02-16 15:37:19.891207', '다들 거기에 있는 거 맞죠?', 0, '2023-02-23 15:37:19.890893', 5, 2, 14),
	(51, '2023-02-16 17:24:00.944200', '길게쓰면어떻게되나요길게쓰면어떻게되나요길게쓰면어떻게되나요길게쓰면어떻게되나요길게쓰면어떻게되나요길게쓰면어떻게되나요길게쓰면어떻게되나요길게쓰면어떻게되나요길게쓰면어떻게되나요길게쓰면어떻게되나요길게쓰면어떻게되나요길게쓰면어떻게되나요길게쓰면어떻게되나요길게쓰면어떻게', 0, '2023-02-23 17:24:00.943925', 0, 0, 1),
	(52, '2023-02-16 17:45:50.919530', '오늘 너무 힘들다....\n나 좀 응원해줘....', 0, '2023-02-23 17:45:50.914824', 1, 1, 2),
	(53, '2023-02-16 17:46:33.598287', '저 이제 후두암 완치됐어요!!!\n다들 응원해주셔서 감사해요~~', 0, '2023-02-23 17:46:33.597571', 0, 2, 2),
	(54, '2023-02-16 17:47:03.405955', '오늘 머리 아파서 죽다 살아났다...', 0, '2023-02-23 17:47:03.405612', 0, 2, 2),
	(55, '2023-02-16 17:47:48.237592', '요즘 눈이 시린데...무슨 문제있는건가...\n', 0, '2023-02-23 17:47:48.237290', 0, 2, 2),
	(56, '2023-02-16 17:49:05.052445', '병원 갈 시간도 없이 바쁘네,,,\n', 0, '2023-02-23 17:49:05.052137', 0, 2, 2),
	(57, '2023-02-16 17:49:55.212355', '어제 배아파서 하루종일 고생했는데... 오늘은 머리가 아프네...', 0, '2023-02-23 17:49:55.212064', 0, 2, 2),
	(58, '2023-02-16 17:50:09.987509', '비타민 잘 챙겨드세요~~', 0, '2023-02-23 17:50:09.987146', 4, 2, 2),
	(59, '2023-02-16 17:50:37.513925', '오늘부터 건강을 위해 운동 시작!!!', 0, '2023-02-23 17:50:37.513264', 3, 2, 2),
	(60, '2023-02-16 17:50:48.052153', '다들 건강 어떻게 챙기시나요??', 0, '2023-02-23 17:50:48.051855', 4, 1, 2),
	(61, '2023-02-16 19:24:44.779332', '저녁이 맛있네요', 0, '2023-02-23 19:24:44.774962', 4, 3, 18),
	(62, '2023-02-16 23:06:09.939344', '최근에 치질에 걸렸는데 주변에 털어놓을 데도 없고... 막상 얘기하려니 너무 창피하네요 ㅠㅠ 혹시 꿀팁이 있을까요?', 0, '2023-02-23 23:06:09.934275', 1, 3, 24),
	(63, '2023-02-17 00:39:35.801498', '에혀....', 0, '2023-02-24 00:39:35.798130', 1, 1, 6),
	(64, '2023-02-17 01:58:54.032551', '혹시 라식이나 라섹하시고 시간 지나신 분들 계실까요? 컴퓨터를 많이 보는 편인데, 수술하고 나서 시력 저하가 생길까봐 걱정이 되네요..안구건조증이 심해질거라는 부작용 이야기도 있고요 ㅠ 수술 하시고 현재 어떤 상태이신지 궁금합니다! ', 0, '2023-02-24 01:58:54.032234', 3, 2, 6),
	(65, '2023-02-17 08:41:39.251375', '오늘 너무 힘든 하루였어요...\n응원 좀 해주세요...', 0, '2023-02-24 08:41:39.251127', 0, 0, 23),
	(66, '2023-02-17 09:20:37.785956', '배고파요 점메추해주세요', 0, '2023-02-24 09:20:37.781453', 4, 3, 6),
	(67, '2023-02-17 09:35:10.364754', '테스트해볼게요\n', 0, '2023-02-24 09:35:10.364472', 2, 2, 6);

-- 테이블 데이터 imfine.comment:~105 rows (대략적) 내보내기
INSERT INTO `comment` (`id`, `created_at`, `content`, `declaration_count`, `like_count`, `paper_id`, `writer_id`) VALUES
	(1, '2023-02-13 16:47:55.931126', '댓글테스트', 0, 0, 6, 1),
	(2, '2023-02-13 07:58:44.183835', '댓글테스트', 0, 0, 4, 1),
	(3, '2023-02-14 05:06:03.042925', '눈물', 0, 0, 4, 3),
	(4, '2023-02-14 05:06:34.902851', '뿌잉', 0, 0, 6, 3),
	(5, '2023-02-14 05:06:43.057106', '댓글', 0, 1, 5, 3),
	(6, '2023-02-14 05:26:46.477794', '좋은 아침', 0, 0, 7, 2),
	(7, '2023-02-14 05:26:59.493586', '안녕', 0, 0, 3, 2),
	(8, '2023-02-14 05:35:01.407428', '좋은 오후~', 0, 0, 7, 3),
	(9, '2023-02-14 05:46:28.796142', '뇽이 기여워', 0, 1, 5, 1),
	(10, '2023-02-14 05:52:52.247791', '댓글테스트', 0, 1, 1, 1),
	(11, '2023-02-14 06:44:21.972639', '댓글', 0, 0, 5, 1),
	(12, '2023-02-14 06:44:37.210927', '쁘ㅜ앙', 0, 0, 6, 1),
	(13, '2023-02-14 06:45:10.437842', '여기이상함', 0, 0, 4, 1),
	(14, '2023-02-14 06:46:16.997038', '앙', 0, 0, 6, 1),
	(15, '2023-02-14 06:47:59.251179', '세균맨 동생?', 1, 1, 9, 2),
	(16, '2023-02-14 06:48:20.152818', '아니라긔...', 0, 1, 9, 1),
	(17, '2023-02-14 06:48:33.314654', '아니에요....', 0, 1, 9, 1),
	(18, '2023-02-14 06:49:56.270051', '좋은 저녁~', 0, 0, 7, 1),
	(19, '2023-02-14 06:57:43.789892', 'ㄷㄷ 초콜릿받음? ㅠ', 0, 0, 8, 15),
	(22, '2023-02-14 12:14:15.327275', 'ㄷ ㄷ 누군데', 0, 0, 8, 1),
	(23, '2023-02-14 14:57:40.583936', '요호이', 0, 0, 15, 1),
	(24, '2023-02-14 21:51:33.647273', '무슨 일이야?', 0, 0, 15, 2),
	(25, '2023-02-14 21:55:20.220736', '쿠팡에서 뭘 사길래??', 0, 0, 14, 2),
	(26, '2023-02-14 23:30:46.391402', '생일~', 0, 1, 16, 3),
	(27, '2023-02-15 14:25:22.911487', '누구냐 너..', 0, 0, 29, 4),
	(28, '2023-02-15 14:50:40.556504', '댓글와아악', 0, 0, 30, 1),
	(30, '2023-02-15 17:24:36.467757', '아무도 답안해줘서 나 혼자 먹을게...', 0, 1, 21, 1),
	(31, '2023-02-15 17:40:09.444991', '좋은 퇴근', 0, 0, 7, 4),
	(32, '2023-02-15 17:43:13.585502', '아프지마 도토 도토잠보', 0, 1, 39, 4),
	(33, '2023-02-15 17:44:09.098492', 'ㅏ변비가 다 낫고 있구나. 보기좋아 아주', 0, 0, 38, 4),
	(34, '2023-02-15 17:51:58.213841', '아프지마잉', 0, 1, 40, 3),
	(35, '2023-02-15 17:52:37.119676', '잘자요~', 0, 0, 41, 3),
	(36, '2023-02-15 17:53:21.184701', '메렁', 0, 0, 42, 1),
	(37, '2023-02-15 18:52:43.593764', '아니야 나랑먹자ㅏㅏㅏ^^', 0, 1, 21, 1),
	(38, '2023-02-15 19:54:29.995919', '아프니까', 0, 1, 40, 1),
	(39, '2023-02-15 19:54:36.810061', '청춘이다', 0, 1, 40, 1),
	(40, '2023-02-15 19:55:09.076958', '쫄지마', 0, 0, 31, 1),
	(42, '2023-02-16 09:17:54.128567', '뇽이 왜화나쪄', 0, 1, 46, 1),
	(43, '2023-02-16 09:52:29.679481', '댓글테스트', 0, 0, 51, 9),
	(44, '2023-02-16 09:52:33.527481', '아프지마도토잠보', 0, 0, 51, 9),
	(45, '2023-02-16 09:53:17.852665', '오케이 잘써진다', 0, 0, 52, 9),
	(46, '2023-02-16 09:53:36.509696', '점수 수정도 잘된다', 0, 0, 52, 9),
	(47, '2023-02-16 13:36:35.164232', '힘내세요 저도 안 뽑았는데 .. o<-<', 1, 4, 62, 20),
	(48, '2023-02-16 13:38:54.283560', '변지윤...!!!', 0, 1, 62, 1),
	(49, '2023-02-16 13:38:58.352831', '지윤진...!!!', 0, 1, 62, 1),
	(50, '2023-02-16 13:39:19.907337', '어라라?', 0, 1, 62, 1),
	(51, '2023-02-16 13:39:21.092941', '123', 0, 0, 61, 4),
	(52, '2023-02-16 13:39:23.358563', '123', 0, 0, 61, 4),
	(53, '2023-02-16 13:39:25.316514', '33', 0, 0, 61, 4),
	(54, '2023-02-16 13:39:37.902846', '5', 0, 0, 61, 4),
	(55, '2023-02-16 13:39:40.948667', '123', 0, 0, 61, 4),
	(56, '2023-02-16 13:39:50.096657', '지유닝', 0, 1, 62, 3),
	(57, '2023-02-16 13:39:52.549317', '모야모야', 0, 2, 46, 1),
	(58, '2023-02-16 13:39:58.486453', 'ㅁ..머고!', 0, 0, 62, 1),
	(60, '2023-02-16 13:42:08.037890', '댓글', 0, 1, 46, 2),
	(61, '2023-02-16 13:42:23.479821', '다시테스트', 0, 0, 54, 1),
	(62, '2023-02-16 13:42:26.656146', '이얍 댓글테스트', 0, 2, 62, 18),
	(69, '2023-02-16 13:53:09.937684', '대슥ㄹ 한번더', 0, 1, 62, 4),
	(70, '2023-02-16 13:53:23.499901', 'ㄱㄱㄱ', 0, 0, 52, 4),
	(72, '2023-02-16 13:54:22.010309', '나도 같이 먹어', 0, 1, 21, 2),
	(73, '2023-02-16 13:55:28.317971', '드드등장', 0, 1, 62, 4),
	(76, '2023-02-16 14:46:31.021136', '엔터로 입력?', 0, 0, 57, 1),
	(77, '2023-02-16 14:46:32.418443', '되네', 0, 0, 57, 1),
	(78, '2023-02-16 14:46:34.487591', '고쳐야겠다..', 0, 0, 57, 1),
	(79, '2023-02-16 14:46:39.776816', '대나무숲에서도..', 0, 0, 57, 1),
	(80, '2023-02-16 15:33:59.249031', '저는 첫날부터 건조증 심하게 오던데... 관리 잘해야해요!! 저도 하고 나서 몇일 뒤에 술먹어서 아직도 상태 안좋은거 같아요!!', 0, 3, 65, 4),
	(81, '2023-02-16 15:34:04.945176', '저도 7일차까지도 계속 건조했었어요ㅠㅠ 시간 지나면 더 괜찮아질꺼에요!!', 0, 2, 65, 3),
	(82, '2023-02-16 15:34:32.004175', '3개월은 건조하고 상태 불안정하다고 제가 수술받았던 병원에서 말해줬어요 ㅠㅠ', 0, 0, 64, 6),
	(83, '2023-02-16 15:34:40.596026', 'OO 인공눈물 추천할게요!', 0, 1, 65, 4),
	(84, '2023-02-16 15:35:15.199336', '인공눈물 처방받아서 자주 넣어주셔야해요', 0, 1, 65, 6),
	(85, '2023-02-16 19:58:19.969722', '치질쟁이님 ~ 오랫동안 지켜봤는데 완치되셔서 다행이네요😭 행복하세요☺️', 0, 1, 110, 23),
	(86, '2023-02-16 20:23:25.705968', '화내지마 워녕', 0, 0, 46, 4),
	(87, '2023-02-16 20:31:33.678770', 'ㅏ아아', 0, 0, 46, 4),
	(88, '2023-02-16 20:34:55.275082', '최고', 0, 0, 46, 4),
	(89, '2023-02-16 20:47:36.327167', '함더', 0, 0, 46, 4),
	(90, '2023-02-16 20:47:59.915335', '더더', 0, 0, 46, 4),
	(92, '2023-02-16 20:54:14.902753', '더 이상 아프지마세요~', 0, 0, 103, 23),
	(93, '2023-02-16 20:58:42.567161', '더더더', 0, 0, 46, 4),
	(94, '2023-02-16 20:59:13.918600', '더더더', 0, 0, 46, 4),
	(98, '2023-02-16 21:01:15.124677', '어더도', 0, 0, 46, 4),
	(108, '2023-02-16 21:11:11.412473', 'gg', 0, 0, 110, 23),
	(109, '2023-02-16 21:13:19.259670', 'gg', 0, 0, 110, 23),
	(110, '2023-02-16 21:14:08.613298', 'wow', 0, 0, 110, 23),
	(111, '2023-02-16 21:14:18.900291', 'wow', 0, 0, 110, 23),
	(138, '2023-02-16 22:12:24.887555', '우띠', 0, 0, 103, 23),
	(142, '2023-02-16 22:24:30.227385', 'ㅇㅇ', 0, 0, 103, 23),
	(146, '2023-02-16 22:27:34.961129', 'ㄷㄷ', 0, 0, 103, 23),
	(148, '2023-02-16 22:43:15.514544', 'ㅇㅇ', 0, 0, 103, 23),
	(151, '2023-02-16 23:35:28.858637', '화이팅 힘내세요!', 0, 0, 150, 25),
	(152, '2023-02-17 00:26:05.365248', '화나지마 나의 작은 아기새', 0, 0, 46, 4),
	(153, '2023-02-17 00:29:08.338792', '앗살라말라이쿰', 0, 0, 39, 4),
	(154, '2023-02-17 01:02:02.609280', 'ㅍㅍ', 0, 0, 150, 24),
	(168, '2023-02-17 08:47:22.291871', 'ㅠㅠ', 0, 0, 40, 3),
	(169, '2023-02-17 08:53:55.096305', '힝', 0, 0, 40, 3),
	(170, '2023-02-17 09:14:15.356399', '안뇽', 0, 0, 153, 3),
	(171, '2023-02-17 09:14:20.278544', '그렇군요 구내염이 걸리기 쉬운 질병이니 알보칠 하나 사두고 잘 관리하는게 좋다고 생각듭니다.', 0, 0, 153, 4),
	(172, '2023-02-17 09:16:38.701738', '하잉', 0, 0, 153, 3),
	(179, '2023-02-17 09:46:47.613263', '비타민', 0, 0, 154, 7),
	(183, '2023-02-17 10:04:53.991993', '행복하세요', 0, 0, 103, 3),
	(184, '2023-02-17 10:06:44.785216', '안돼잉', 0, 0, 154, 4),
	(187, '2023-02-17 10:08:23.910369', '돼잉', 0, 0, 154, 7),
	(188, '2023-02-17 10:10:19.466315', '완치기원합니다', 0, 0, 109, 7),
	(189, '2023-02-17 10:10:31.268697', '완치기원', 0, 0, 109, 7),
	(191, '2023-02-17 10:54:45.458369', '굳 보이', 0, 0, 110, 4),
	(192, '2023-02-17 11:02:23.991234', '죽지마세요', 0, 0, 151, 1);

-- 테이블 데이터 imfine.condition:~147 rows (대략적) 내보내기
INSERT INTO `condition` (`id`, `condition`, `date`, `user_id`) VALUES
	(1, 5, '2023-02-07', 3),
	(2, 9, '2023-02-08', 3),
	(3, 0, '2023-02-11', 3),
	(4, 7, '2023-02-09', 3),
	(5, 8, '2023-02-13', 1),
	(6, 1, '2023-02-12', 1),
	(7, 1, '2023-02-13', 3),
	(8, 7, '2023-02-14', 2),
	(9, 7, '2023-02-14', 4),
	(10, 9, '2023-02-08', 4),
	(11, 9, '2023-02-07', 4),
	(12, 0, '2023-02-13', 2),
	(13, 9, '2023-02-12', 2),
	(14, 2, '2023-02-14', 3),
	(15, 5, '2023-02-14', 1),
	(16, 2, '2023-01-21', 1),
	(17, 1, '2023-02-15', 2),
	(18, 0, '2023-02-15', 3),
	(19, 9, '2023-02-15', 1),
	(20, 2, '2023-02-08', 16),
	(21, 6, '2023-02-07', 16),
	(22, 3, '2023-02-06', 16),
	(23, 4, '2023-02-03', 16),
	(24, 0, '2023-02-15', 4),
	(25, 1, '2023-02-15', 18),
	(26, 2, '2023-02-13', 4),
	(27, 5, '2023-02-06', 4),
	(28, 0, '2023-02-14', 18),
	(29, 4, '2023-02-13', 18),
	(30, 3, '2023-02-12', 18),
	(31, 1, '2023-02-11', 18),
	(32, 2, '2023-02-10', 18),
	(33, 1, '2023-02-09', 18),
	(34, 0, '2023-02-08', 18),
	(35, 6, '2023-02-07', 18),
	(36, 1, '2023-02-06', 18),
	(37, 4, '2023-02-05', 18),
	(38, 1, '2023-02-04', 18),
	(39, 2, '2023-02-03', 18),
	(40, 0, '2023-02-02', 18),
	(41, 1, '2023-02-01', 18),
	(42, 2, '2023-02-11', 1),
	(43, 3, '2023-02-10', 1),
	(44, 1, '2023-02-09', 1),
	(45, 0, '2023-02-08', 1),
	(46, 1, '2023-02-16', 2),
	(47, 6, '2023-02-12', 3),
	(51, 0, '2023-02-16', 3),
	(52, 9, '2023-02-16', 18),
	(53, 2, '2023-02-16', 1),
	(54, 1, '2023-01-03', 14),
	(55, 3, '2023-02-16', 14),
	(56, 2, '2023-02-16', 20),
	(58, 2, '2023-02-16', 4),
	(59, 1, '2023-02-09', 21),
	(60, 4, '2023-02-16', 21),
	(61, 9, '2023-02-16', 16),
	(62, 1, '2023-01-01', 23),
	(63, 0, '2023-01-02', 23),
	(64, 4, '2023-01-03', 23),
	(65, 1, '2023-01-04', 23),
	(66, 2, '2023-01-05', 23),
	(67, 3, '2023-01-06', 23),
	(68, 8, '2023-01-01', 22),
	(69, 4, '2023-01-02', 22),
	(70, 8, '2023-01-03', 22),
	(71, 0, '2023-01-04', 22),
	(72, 0, '2023-01-05', 22),
	(73, 7, '2023-01-06', 22),
	(74, 6, '2023-01-07', 22),
	(75, 5, '2023-01-08', 22),
	(76, 8, '2023-01-09', 22),
	(77, 5, '2023-01-10', 22),
	(78, 5, '2023-01-11', 22),
	(79, 7, '2023-01-12', 22),
	(80, 5, '2023-01-13', 22),
	(81, 5, '2023-01-14', 22),
	(82, 4, '2023-01-15', 22),
	(83, 8, '2023-01-16', 22),
	(84, 0, '2023-01-17', 22),
	(85, 3, '2023-01-18', 22),
	(86, 6, '2023-01-19', 22),
	(87, 8, '2023-01-20', 22),
	(88, 0, '2023-01-21', 22),
	(89, 0, '2023-01-22', 22),
	(90, 3, '2023-01-23', 22),
	(91, 9, '2023-01-24', 22),
	(92, 9, '2023-01-25', 22),
	(93, 2, '2023-01-26', 22),
	(94, 2, '2023-01-27', 22),
	(95, 1, '2023-01-28', 22),
	(96, 1, '2023-01-29', 22),
	(97, 2, '2023-01-30', 22),
	(98, 3, '2023-01-31', 22),
	(99, 4, '2023-02-01', 22),
	(100, 8, '2023-02-02', 22),
	(101, 3, '2023-02-03', 22),
	(102, 3, '2023-02-04', 22),
	(103, 3, '2023-02-05', 22),
	(104, 3, '2023-02-06', 22),
	(105, 5, '2023-02-16', 6),
	(106, 1, '2023-02-16', 23),
	(107, 2, '2023-02-15', 23),
	(108, 3, '2023-02-14', 23),
	(109, 4, '2023-02-13', 23),
	(110, 2, '2023-02-12', 23),
	(111, 1, '2023-02-05', 23),
	(112, 7, '2023-02-06', 23),
	(113, 8, '2023-02-07', 23),
	(114, 0, '2023-02-08', 23),
	(115, 3, '2023-02-09', 23),
	(116, 9, '2023-02-10', 23),
	(117, 5, '2023-02-11', 23),
	(118, 3, '2023-02-04', 23),
	(119, 7, '2023-02-03', 23),
	(120, 8, '2023-02-02', 23),
	(121, 1, '2023-02-01', 23),
	(122, 3, '2023-01-07', 23),
	(123, 4, '2023-01-14', 23),
	(124, 0, '2023-01-13', 23),
	(125, 1, '2023-01-12', 23),
	(126, 5, '2023-01-11', 23),
	(127, 7, '2023-01-10', 23),
	(128, 8, '2023-01-09', 23),
	(129, 2, '2023-01-08', 23),
	(130, 3, '2023-01-15', 23),
	(131, 1, '2023-01-16', 23),
	(132, 9, '2023-01-17', 23),
	(133, 7, '2023-01-18', 23),
	(134, 0, '2023-01-19', 23),
	(135, 2, '2023-01-20', 23),
	(136, 5, '2023-01-21', 23),
	(137, 1, '2023-01-22', 23),
	(138, 9, '2023-01-23', 23),
	(139, 1, '2023-01-24', 23),
	(140, 3, '2023-01-25', 23),
	(141, 8, '2023-01-26', 23),
	(142, 7, '2023-01-27', 23),
	(143, 0, '2023-01-28', 23),
	(144, 6, '2023-01-29', 23),
	(145, 3, '2023-01-30', 23),
	(146, 2, '2023-01-31', 23),
	(147, 2, '2023-02-16', 24),
	(148, 2, '2023-02-16', 25),
	(149, 2, '2023-02-17', 24),
	(150, 3, '2023-02-17', 2),
	(151, 3, '2023-02-17', 23);

-- 테이블 데이터 imfine.declaration:~9 rows (대략적) 내보내기
INSERT INTO `declaration` (`id`, `created_at`, `contents_code_id`, `contents_id`, `receiver_id`, `sender_id`, `type`) VALUES
	(1, '2023-02-14 02:10:17.525432', 4, 18, 1, 1, 2),
	(2, '2023-02-14 06:33:11.334626', 4, 22, 1, 2, 2),
	(3, '2023-02-14 06:48:49.296369', 3, 15, 2, 1, 2),
	(4, '2023-02-15 17:44:05.495657', 5, 15, 1, 1, 3),
	(5, '2023-02-15 18:36:15.874691', 4, 27, 1, 1, 1),
	(6, '2023-02-15 18:37:16.943327', 4, 27, 1, 1, 3),
	(7, '2023-02-16 13:54:33.726182', 3, 47, 20, 4, 2),
	(8, '2023-02-16 14:20:12.964575', 3, 74, 14, 1, 3),
	(9, '2023-02-16 15:35:35.805097', 2, 55, 1, 6, 2);

-- 테이블 데이터 imfine.diary:~30 rows (대략적) 내보내기
INSERT INTO `diary` (`id`, `created_at`, `active`, `declaration_count`, `description`, `ended_at`, `image`, `open`, `paper_count`, `posted_at`, `subscribe_count`, `title`, `medical_id`, `writer_id`) VALUES
	(17, '2023-02-13 04:38:47.904096', 1, 0, '설명 바꿈 또 바꿈 또또 바꿈', NULL, 'background/7.jpg', 0, 17, '2023-02-17 01:02:44.234442', 0, '이름 바꿈 또 바꿈', 1, 1),
	(18, '2023-02-13 05:05:42.305836', 1, 0, '힘듦일기', NULL, 'background/6.jpg', 1, 6, '2023-02-15 17:45:39.460860', 5, '나는 너무 힘들어 너도 그렇니?', 1, 4),
	(19, '2023-02-13 05:06:37.618176', 1, 0, '유저1번의 일기설명', NULL, 'background/6.jpg', 0, 15, '2023-02-15 02:10:24.668606', 0, '유저1번의 일기장', 1, 1),
	(21, '2023-02-13 05:13:35.371241', 1, 0, '설명설명설명', NULL, 'background/8.jpg', 1, 10, '2023-02-15 17:52:01.094349', 1, '제목제목', 1, 1),
	(22, '2023-02-13 05:14:05.335948', 1, 0, '맞팔구독좋아요부탁ㅋ', NULL, 'background/3.jpg', 1, 8, '2023-02-16 13:42:40.318370', 3, '아임파인땡큐앤유?', 1, 1),
	(24, '2023-02-14 01:47:36.479379', 1, 0, '힘듦일기', NULL, 'background/4.jpg', 0, 0, '2023-02-14 01:47:36.479379', 0, '나는 너무 힘들어 너도 그렇니?', 1, 5),
	(25, '2023-02-14 04:30:50.896417', 1, 0, '믓지다', NULL, 'background/1.jpg', 1, 4, '2023-02-15 17:39:55.130170', 2, 'ㅇ제혁 멋잇어', 58, 3),
	(26, '2023-02-14 05:10:42.883932', 1, 0, '잠와유', NULL, 'background/7.jpg', 0, 4, '2023-02-15 17:57:48.553348', 1, '잠와잉', 54, 3),
	(27, '2023-02-14 05:12:35.642496', 1, 0, '설명', NULL, 'background/3.jpg', 0, 0, '2023-02-14 05:12:35.642496', 0, '나의 첫 일기', 1, 2),
	(28, '2023-02-14 07:50:39.263800', 1, 0, '힘듦일기', NULL, 'background/0.jpg', 0, 6, '2023-02-15 14:25:33.405729', 0, '나는 너무 힘들어 너도 그렇니?', 1, 4),
	(29, '2023-02-15 02:53:58.213519', 1, 0, '설명', NULL, 'background/3.jpg', 0, 6, '2023-02-15 12:39:16.418732', 0, '제목', 1, 2),
	(31, '2023-02-15 03:38:24.082835', 1, 0, '심장이 두근반세근반', NULL, 'background/2.jpg', 0, 21, '2023-02-16 12:56:58.182564', 1, '선보러가는제혁', 1, 4),
	(32, '2023-02-15 14:39:06.433349', 1, 0, '으악으악 무서워어어어', NULL, 'background/1.jpg', 1, 17, '2023-02-17 01:32:15.402804', 3, '사랑니를 뽑아야 하다니', 74, 18),
	(33, '2023-02-15 15:26:48.383478', 1, 0, '확인을 해봅시다아아', NULL, 'background/8.jpg', 0, 0, '2023-02-15 15:26:48.383478', 0, '최대열다섯자까지가능하도록했음', 8, 18),
	(34, '2023-02-15 15:31:55.848994', 1, 0, '설명아아아수정함한번더테스트ㄴㅇㄴㅇㅁㄴㄹss', NULL, 'background/8.jpg', 1, 0, '2023-02-15 15:31:55.848994', 0, '공개테스트', 18, 18),
	(35, '2023-02-16 08:13:19.656845', 1, 0, '보내줘잉', NULL, 'background/0.jpg', 1, 2, '2023-02-16 08:15:36.882762', 2, '집갈래잉', 57, 3),
	(36, '2023-02-16 09:25:19.213809', 1, 0, '종강주세요', NULL, 'background/5.jpg', 1, 2, '2023-02-16 09:26:16.753953', 1, '공통종강', 9, 9),
	(37, '2023-02-16 09:44:18.645140', 1, 0, '날이 갑자기 따뜻해지거나 갑자기 추워지면 나는 맹구가 된다', NULL, 'background/8.jpg', 1, 4, '2023-02-16 09:53:12.772420', 1, '비염일기', 21, 9),
	(38, '2023-02-16 12:10:09.189592', 1, 0, '설명이 이렇게 있겠지요', NULL, 'background/6.jpg', 0, 0, '2023-02-16 12:10:09.189592', 0, '제목제목', 2, 18),
	(39, '2023-02-16 12:51:18.873182', 1, 0, '아야..잊을만하면 찾아오는 혓바늘의 고통', NULL, 'background/0.jpg', 1, 8, '2023-02-17 09:37:11.879552', 0, '구내염일기', 18, 6),
	(40, '2023-02-16 13:09:25.170412', 1, 0, '치과갔더니 충치가 10개란다...', NULL, 'background/7.jpg', 1, 0, '2023-02-16 13:09:25.170412', 0, '충치가 생겼어여ㅠㅠㅠㅠ', 77, 14),
	(41, '2023-02-16 13:11:27.154575', 1, 0, 'ㅁㄴㅇㄹ', NULL, 'background/4.jpg', 1, 0, '2023-02-16 13:11:27.154575', 0, '제목 수정 테스트한번더', 8, 18),
	(42, '2023-02-16 13:12:07.141436', 1, 0, 'ㅁㅇㄹ', NULL, 'background/7.jpg', 1, 0, '2023-02-16 13:12:07.141436', 0, 'ㄴㅇㄹ', 21, 18),
	(47, '2023-02-16 13:35:03.947562', 1, 0, '비염때문에 코가 막힌다 킁킁', NULL, 'background/5.jpg', 1, 0, '2023-02-16 13:35:03.947562', 2, '코가 막힌다', 21, 20),
	(48, '2023-02-16 15:27:35.408214', 1, 0, '시력 좋아지고 싶어요 1.5가 목표!!', NULL, 'background/4.jpg', 1, 4, '2023-02-16 15:32:55.474027', 3, '나의 첫 라식일기', 27, 1),
	(49, '2023-02-16 15:53:47.506351', 0, 0, '계속 노트북 보니까 눈이 너무 아파요....ㅠㅠㅠㅠㅠ\n이거 어떡하죠...ㅠㅠㅠㅠ', NULL, 'background/2.jpg', 0, 0, '2023-02-16 15:53:47.506351', 0, '눈아파요..ㅠㅠㅠㅠㅠㅠ', 31, 21),
	(50, '2023-02-16 17:45:59.177631', 1, 0, '부끄럽지만 공유합니다.\n저의 치질일기.', NULL, 'background/5.jpg', 1, 74, '2023-02-16 18:43:38.060520', 5, '나의 치질 일기', 19, 22),
	(51, '2023-02-16 17:49:32.027950', 1, 0, '안경 탈출!! 시력 좋아지고 싶어요 1.5가 목표!', NULL, 'background/9.jpg', 1, 95, '2023-02-17 11:44:15.980833', 4, '나의 첫 라식일기', 27, 23),
	(52, '2023-02-16 23:05:33.762097', 0, 0, '치질은 너무 힘든병이예요 얼른 낫고싶다', NULL, 'background/6.jpg', 0, 0, '2023-02-16 23:05:33.762097', 0, '부끄러운 치질일기...', 19, 24),
	(53, '2023-02-17 11:34:47.404425', 1, 0, 'ㅠㅠㅠ', NULL, 'background/4.jpg', 1, 0, '2023-02-17 11:34:47.404425', 0, '치질일기', 19, 27);

-- 테이블 데이터 imfine.diary_has_symptom:~100 rows (대략적) 내보내기
INSERT INTO `diary_has_symptom` (`id`, `diary_id`, `symptom_id`) VALUES
	(1, 17, 1),
	(2, 17, 2),
	(3, 18, 1),
	(4, 18, 2),
	(5, 19, 1),
	(6, 19, 2),
	(9, 21, 5),
	(10, 21, 7),
	(12, 22, 7),
	(13, 22, 11),
	(16, 24, 1),
	(17, 24, 2),
	(18, 25, 1),
	(19, 17, 3),
	(24, 26, 28),
	(25, 27, 1),
	(26, 27, 2),
	(27, 27, 3),
	(33, 28, 1),
	(34, 28, 2),
	(35, 21, 20),
	(36, 21, 22),
	(37, 21, 24),
	(38, 21, 27),
	(39, 19, 62),
	(40, 22, 22),
	(41, 21, 62),
	(42, 19, 22),
	(43, 22, 39),
	(44, 29, 1),
	(45, 29, 2),
	(56, 28, 27),
	(58, 28, 4),
	(59, 28, 6),
	(60, 28, 8),
	(61, 28, 12),
	(62, 31, 1),
	(63, 31, 3),
	(64, 31, 2),
	(65, 32, 12),
	(66, 33, 56),
	(67, 34, 18),
	(68, 18, 57),
	(69, 18, 42),
	(70, 18, 43),
	(72, 35, 31),
	(73, 35, 62),
	(74, 35, 44),
	(75, 22, 20),
	(76, 17, 26),
	(77, 36, 1),
	(78, 36, 26),
	(79, 36, 33),
	(80, 36, 34),
	(81, 36, 43),
	(82, 36, 42),
	(83, 36, 52),
	(84, 31, 27),
	(85, 37, 4),
	(86, 37, 7),
	(87, 37, 62),
	(88, 17, 27),
	(89, 38, 7),
	(90, 38, 12),
	(91, 38, 11),
	(92, 38, 6),
	(93, 38, 22),
	(94, 38, 24),
	(95, 39, 12),
	(96, 41, 22),
	(97, 41, 12),
	(98, 42, 8),
	(99, 42, 9),
	(100, 42, 17),
	(109, 48, 4),
	(110, 48, 6),
	(111, 48, 11),
	(113, 50, 41),
	(114, 50, 38),
	(115, 50, 58),
	(116, 50, 56),
	(117, 51, 4),
	(118, 51, 6),
	(120, 51, 10),
	(121, 51, 11),
	(122, 51, 9),
	(123, 52, 56),
	(124, 52, 62),
	(131, 32, 14),
	(142, 34, 38),
	(143, 32, 4),
	(144, 32, 6),
	(145, 32, 8),
	(146, 32, 10),
	(147, 32, 11),
	(148, 32, 13),
	(149, 32, 42),
	(150, 32, 44),
	(151, 32, 28),
	(152, 53, 56);

-- 테이블 데이터 imfine.follow:~39 rows (대략적) 내보내기
INSERT INTO `follow` (`id`, `followed_id`, `following_id`) VALUES
	(33, 3, 2),
	(35, 2, 3),
	(49, 4, 16),
	(55, 9, 4),
	(56, 1, 2),
	(57, 4, 9),
	(58, 4, 13),
	(59, 4, 18),
	(61, 2, 1),
	(62, 3, 1),
	(63, 18, 1),
	(65, 4, 1),
	(66, 18, 4),
	(67, 18, 3),
	(68, 1, 3),
	(69, 1, 18),
	(70, 2, 18),
	(71, 3, 18),
	(81, 14, 18),
	(83, 9, 18),
	(86, 20, 4),
	(87, 20, 3),
	(88, 1, 4),
	(89, 14, 3),
	(91, 4, 7),
	(92, 4, 2),
	(117, 4, 24),
	(120, 4, 25),
	(122, 24, 22),
	(123, 23, 24),
	(127, 3, 4),
	(129, 6, 1),
	(132, 4, 3),
	(134, 6, 3),
	(136, 6, 4),
	(137, 6, 7),
	(138, 22, 7),
	(139, 22, 3),
	(141, 22, 1);

-- 테이블 데이터 imfine.follow_wait:~1 rows (대략적) 내보내기
INSERT INTO `follow_wait` (`id`, `receiver`, `requester`) VALUES
	(10, 16, 18);

-- 테이블 데이터 imfine.heart:~182 rows (대략적) 내보내기
INSERT INTO `heart` (`id`, `created_at`, `contents_code_id`, `contents_id`, `sender_id`) VALUES
	(2, '2023-02-13 16:47:43.160396', 2, 2, 1),
	(3, '2023-02-13 16:47:50.506203', 2, 6, 1),
	(4, '2023-02-13 07:57:53.277559', 2, 6, 3),
	(5, '2023-02-13 07:58:03.486659', 2, 4, 1),
	(7, '2023-02-13 08:06:40.814121', 5, 1, 3),
	(8, '2023-02-13 08:06:45.412930', 4, 14, 3),
	(10, '2023-02-14 01:43:12.713818', 2, 5, 1),
	(12, '2023-02-14 05:13:32.035443', 2, 7, 3),
	(16, '2023-02-14 05:20:42.623788', 4, 21, 1),
	(17, '2023-02-14 05:20:44.016346', 5, 5, 1),
	(19, '2023-02-14 05:22:59.549814', 4, 19, 2),
	(20, '2023-02-14 05:23:05.380882', 5, 6, 2),
	(23, '2023-02-14 05:29:38.124979', 2, 4, 2),
	(26, '2023-02-14 05:35:17.270820', 2, 3, 2),
	(28, '2023-02-14 05:37:32.131048', 4, 17, 1),
	(32, '2023-02-14 05:51:26.531593', 3, 5, 1),
	(33, '2023-02-14 05:51:39.269557', 3, 9, 1),
	(35, '2023-02-14 05:52:56.119499', 3, 10, 1),
	(36, '2023-02-14 06:23:21.573277', 2, 5, 2),
	(39, '2023-02-14 06:32:24.081723', 4, 22, 2),
	(40, '2023-02-14 06:36:53.654884', 4, 23, 2),
	(41, '2023-02-14 06:36:59.788769', 5, 8, 2),
	(42, '2023-02-14 06:37:06.893418', 4, 18, 2),
	(43, '2023-02-14 06:37:37.882953', 4, 23, 3),
	(45, '2023-02-14 06:51:08.830703', 3, 15, 2),
	(46, '2023-02-14 06:51:09.504147', 3, 16, 2),
	(47, '2023-02-14 06:51:11.642857', 3, 17, 2),
	(48, '2023-02-14 06:52:15.489288', 2, 2, 2),
	(49, '2023-02-14 06:52:16.739608', 2, 1, 2),
	(50, '2023-02-15 00:10:22.680047', 2, 16, 2),
	(51, '2023-02-15 00:46:25.756809', 5, 14, 16),
	(52, '2023-02-15 00:46:27.164057', 4, 25, 16),
	(53, '2023-02-15 00:48:38.025625', 4, 20, 16),
	(54, '2023-02-15 00:51:23.004664', 2, 11, 16),
	(57, '2023-02-15 02:09:41.546393', 2, 17, 1),
	(70, '2023-02-15 13:03:13.175350', 2, 17, 4),
	(74, '2023-02-15 13:13:48.608761', 2, 18, 1),
	(75, '2023-02-15 13:26:43.120081', 4, 20, 4),
	(76, '2023-02-15 14:13:58.653286', 2, 6, 5),
	(84, '2023-02-15 16:50:33.904560', 3, 26, 1),
	(85, '2023-02-15 16:51:23.301923', 2, 20, 1),
	(86, '2023-02-15 17:40:36.479714', 2, 7, 4),
	(87, '2023-02-15 17:43:15.983384', 2, 39, 4),
	(88, '2023-02-15 17:43:38.245920', 3, 32, 4),
	(89, '2023-02-15 17:43:56.599815', 2, 38, 4),
	(90, '2023-02-15 17:46:03.374527', 2, 40, 4),
	(91, '2023-02-15 17:51:52.420241', 2, 40, 3),
	(92, '2023-02-15 17:52:11.039732', 2, 41, 1),
	(93, '2023-02-15 18:35:44.357686', 4, 27, 1),
	(94, '2023-02-15 18:38:01.306098', 4, 28, 18),
	(95, '2023-02-15 18:40:44.039615', 4, 28, 1),
	(96, '2023-02-15 18:40:49.427487', 5, 17, 1),
	(97, '2023-02-15 18:54:06.284840', 2, 38, 1),
	(98, '2023-02-15 18:55:11.453525', 4, 29, 1),
	(99, '2023-02-15 19:46:03.471679', 4, 32, 18),
	(100, '2023-02-15 19:55:13.766741', 2, 31, 1),
	(103, '2023-02-16 00:37:08.733663', 2, 44, 1),
	(106, '2023-02-16 00:45:12.892510', 4, 32, 1),
	(107, '2023-02-16 07:59:41.053935', 2, 42, 4),
	(108, '2023-02-16 07:59:43.381743', 2, 37, 4),
	(109, '2023-02-16 08:23:52.944378', 2, 44, 3),
	(111, '2023-02-16 08:24:02.334514', 2, 39, 3),
	(112, '2023-02-16 08:30:35.339931', 2, 46, 3),
	(113, '2023-02-16 09:03:53.162685', 2, 46, 4),
	(114, '2023-02-16 10:36:45.041304', 4, 42, 6),
	(115, '2023-02-16 12:04:10.916178', 2, 55, 1),
	(116, '2023-02-16 13:34:17.761190', 4, 43, 20),
	(117, '2023-02-16 13:36:49.821992', 2, 62, 20),
	(118, '2023-02-16 13:39:06.707151', 3, 47, 18),
	(119, '2023-02-16 13:40:08.856484', 3, 57, 1),
	(120, '2023-02-16 13:40:34.299683', 4, 43, 2),
	(123, '2023-02-16 13:40:45.497248', 2, 46, 2),
	(124, '2023-02-16 13:40:46.846595', 3, 42, 2),
	(125, '2023-02-16 13:41:07.257202', 3, 47, 3),
	(127, '2023-02-16 13:41:17.013453', 3, 57, 2),
	(128, '2023-02-16 13:41:28.491556', 3, 38, 2),
	(130, '2023-02-16 13:41:50.851687', 3, 47, 1),
	(132, '2023-02-16 13:42:07.191815', 2, 56, 1),
	(133, '2023-02-16 13:42:10.011299', 3, 60, 2),
	(134, '2023-02-16 13:42:12.076689', 2, 57, 1),
	(135, '2023-02-16 13:42:25.061939', 2, 55, 2),
	(136, '2023-02-16 13:42:32.978384', 3, 62, 18),
	(139, '2023-02-16 13:43:11.018648', 2, 62, 18),
	(142, '2023-02-16 13:43:45.727895', 2, 44, 2),
	(143, '2023-02-16 13:43:46.489039', 2, 41, 2),
	(149, '2023-02-16 13:46:21.945716', 3, 56, 4),
	(152, '2023-02-16 13:46:48.589208', 3, 39, 2),
	(153, '2023-02-16 13:46:49.830394', 3, 34, 2),
	(155, '2023-02-16 13:47:25.453514', 4, 43, 3),
	(188, '2023-02-16 13:52:51.983365', 3, 48, 4),
	(189, '2023-02-16 13:52:54.455200', 3, 47, 4),
	(190, '2023-02-16 13:52:57.917810', 3, 49, 4),
	(191, '2023-02-16 13:52:59.715251', 3, 50, 4),
	(197, '2023-02-16 13:54:14.818060', 3, 30, 2),
	(198, '2023-02-16 13:54:15.897316', 3, 37, 2),
	(199, '2023-02-16 13:54:23.654056', 3, 72, 2),
	(200, '2023-02-16 13:54:25.101948', 2, 21, 2),
	(201, '2023-02-16 13:55:31.036728', 3, 69, 4),
	(202, '2023-02-16 13:55:31.689212', 3, 73, 4),
	(203, '2023-02-16 13:55:32.496060', 3, 62, 4),
	(204, '2023-02-16 14:01:03.817381', 2, 60, 4),
	(205, '2023-02-16 14:01:07.075401', 2, 57, 14),
	(209, '2023-02-16 14:21:46.563594', 4, 43, 4),
	(210, '2023-02-16 14:22:46.772765', 4, 43, 1),
	(211, '2023-02-16 14:37:26.246273', 4, 35, 4),
	(212, '2023-02-16 14:58:55.309545', 4, 46, 1),
	(213, '2023-02-16 15:01:40.206735', 4, 40, 4),
	(214, '2023-02-16 15:34:02.976801', 2, 65, 4),
	(215, '2023-02-16 15:34:11.210840', 2, 65, 1),
	(216, '2023-02-16 15:34:12.190017', 2, 64, 1),
	(217, '2023-02-16 15:34:23.525216', 3, 80, 1),
	(218, '2023-02-16 15:34:24.684058', 3, 81, 1),
	(219, '2023-02-16 15:36:45.111470', 3, 80, 6),
	(220, '2023-02-16 15:36:46.678451', 2, 65, 6),
	(221, '2023-02-16 15:54:39.629563', 4, 50, 21),
	(222, '2023-02-16 15:54:53.261617', 4, 46, 21),
	(224, '2023-02-16 16:09:09.228802', 4, 50, 6),
	(226, '2023-02-16 17:51:02.734807', 4, 60, 2),
	(227, '2023-02-16 17:52:02.176757', 5, 36, 2),
	(228, '2023-02-16 17:52:02.805556', 5, 35, 2),
	(229, '2023-02-16 17:52:03.383436', 5, 34, 2),
	(230, '2023-02-16 17:52:03.929246', 5, 33, 2),
	(231, '2023-02-16 17:52:26.834599', 4, 58, 2),
	(232, '2023-02-16 17:52:28.099888', 4, 59, 2),
	(233, '2023-02-16 17:52:30.274065', 4, 57, 2),
	(234, '2023-02-16 17:52:34.034563', 4, 56, 2),
	(235, '2023-02-16 17:52:34.822404', 4, 55, 2),
	(236, '2023-02-16 17:52:35.443684', 4, 54, 2),
	(237, '2023-02-16 17:52:40.386278', 4, 53, 2),
	(238, '2023-02-16 17:52:41.013519', 4, 52, 2),
	(239, '2023-02-16 18:34:01.407664', 2, 103, 23),
	(240, '2023-02-16 19:25:15.228128', 2, 65, 18),
	(241, '2023-02-16 19:39:14.579995', 4, 61, 2),
	(242, '2023-02-16 20:43:17.201847', 2, 114, 23),
	(243, '2023-02-16 20:43:28.845276', 3, 85, 23),
	(244, '2023-02-16 20:43:30.161993', 2, 110, 23),
	(246, '2023-02-16 22:11:57.183327', 2, 109, 18),
	(247, '2023-02-16 22:12:00.904397', 2, 110, 18),
	(248, '2023-02-16 22:12:21.044225', 2, 103, 18),
	(249, '2023-02-16 23:03:16.075005', 2, 65, 24),
	(251, '2023-02-16 23:08:06.345348', 4, 62, 6),
	(253, '2023-02-16 23:08:33.410486', 4, 62, 4),
	(256, '2023-02-16 23:08:58.450394', 4, 53, 4),
	(257, '2023-02-16 23:08:59.926796', 4, 61, 4),
	(259, '2023-02-16 23:09:07.394058', 4, 55, 4),
	(260, '2023-02-16 23:09:08.989414', 4, 56, 4),
	(261, '2023-02-16 23:09:10.482321', 4, 57, 4),
	(262, '2023-02-16 23:09:11.609326', 4, 58, 4),
	(263, '2023-02-16 23:09:12.542281', 4, 59, 4),
	(265, '2023-02-16 23:09:21.693026', 4, 54, 4),
	(277, '2023-02-16 23:34:10.186313', 2, 65, 25),
	(278, '2023-02-16 23:34:12.550883', 3, 80, 25),
	(279, '2023-02-16 23:34:13.698848', 3, 81, 25),
	(280, '2023-02-16 23:34:15.117294', 3, 83, 25),
	(281, '2023-02-16 23:34:15.799251', 3, 84, 25),
	(288, '2023-02-17 00:11:31.280388', 5, 48, 24),
	(289, '2023-02-17 00:35:48.739768', 4, 61, 3),
	(290, '2023-02-17 00:35:55.425179', 4, 62, 3),
	(291, '2023-02-17 00:39:50.544466', 4, 63, 6),
	(292, '2023-02-17 01:03:27.804847', 2, 151, 1),
	(295, '2023-02-17 02:51:36.138799', 4, 64, 1),
	(296, '2023-02-17 03:53:09.221721', 5, 53, 6),
	(298, '2023-02-17 08:42:09.957876', 4, 64, 23),
	(299, '2023-02-17 08:42:10.943554', 5, 52, 23),
	(301, '2023-02-17 09:08:53.142830', 2, 24, 3),
	(302, '2023-02-17 09:12:27.612634', 2, 153, 3),
	(304, '2023-02-17 09:21:43.362527', 5, 54, 6),
	(305, '2023-02-17 09:23:09.318713', 4, 66, 6),
	(309, '2023-02-17 09:33:01.491431', 4, 66, 7),
	(310, '2023-02-17 09:33:04.452566', 5, 54, 7),
	(311, '2023-02-17 09:33:52.735983', 5, 56, 7),
	(312, '2023-02-17 09:35:15.579526', 4, 67, 7),
	(313, '2023-02-17 09:43:17.001172', 4, 66, 3),
	(316, '2023-02-17 09:54:07.278863', 4, 67, 6),
	(387, '2023-02-17 10:44:33.266538', 2, 109, 7),
	(437, '2023-02-17 10:49:23.718260', 2, 108, 3),
	(457, '2023-02-17 10:52:34.181793', 2, 106, 1),
	(463, '2023-02-17 10:53:06.736426', 2, 91, 1),
	(470, '2023-02-17 10:56:48.210924', 2, 154, 1),
	(479, '2023-02-17 11:03:51.826606', 2, 153, 1),
	(490, '2023-02-17 11:04:39.915014', 2, 154, 7),
	(541, '2023-02-17 11:37:39.065615', 2, 110, 4);

-- 테이블 데이터 imfine.image:~46 rows (대략적) 내보내기
INSERT INTO `image` (`id`, `paper_id`, `path`) VALUES
	(1, 2, '77792afa-5a34-439f-af4c-dd7ad51f8d7e.jpg'),
	(2, 2, '9ce0a351-bcb3-4439-8f4c-c6cd52b94f15.jpg'),
	(4, 3, '3ff95ab0-def6-42e7-88ca-7f9b16a83736.png'),
	(5, 4, '4955cf5e-e306-4006-834b-3aad74ece737.jpg'),
	(6, 4, 'a6bdfcef-1790-4094-aa39-cc2b84132e92.jpg'),
	(7, 4, 'e95f3a51-d0c2-4cbe-9f3b-6c6cc7b580d9.webp'),
	(11, 6, '7dec6707-d588-4f41-a008-df7c320f0076.jpg'),
	(12, 6, '7985450a-bc7b-48ee-b565-67062546a89f.jpg'),
	(13, 6, 'fac1d9d0-8fc8-4544-a9fb-87142972fccc.webp'),
	(14, 8, 'c7b028c8-b547-4829-a6ca-a836054f5462.jpg'),
	(15, 8, '62577889-e1c4-4818-b372-0e7eb205986b.jpg'),
	(16, 9, '8d1280b4-3c5f-4691-b6de-f267ea0a5df2.PNG'),
	(18, 10, '078315ea-77df-40e6-a1c3-4a237f189857.PNG'),
	(19, 11, '3181b734-4156-4339-adec-6edb0c7ee412.jpg'),
	(20, 11, 'de56579f-0abe-4eb9-a49b-8f47512c13a9.jpg'),
	(21, 11, 'c9302cb7-b31c-4eda-8784-c87f9aaf3a2d.jpg'),
	(22, 11, 'f34a0624-21fd-4d1d-babc-f0a905408a82.jpg'),
	(23, 11, 'c1664c97-5bd5-43f7-9fc5-27226f6cf73b.jpg'),
	(24, 11, '28a1c45b-d222-4bdd-9497-527e3112d7a3.jpg'),
	(25, 11, '75cb483d-2ee4-41eb-8675-b43769bbd356.jpg'),
	(26, 11, 'd315c770-61d3-4379-a244-fd6be5d9bf5d.jpg'),
	(27, 11, 'b0edaa29-34d8-4883-b0b8-9c308158000d.jpg'),
	(28, 11, 'b8c3558e-7e17-47dc-8672-e672861cc830.jpg'),
	(30, 12, '0071327b-f9e2-4256-88ab-d916be93fc69.PNG'),
	(42, 15, '47a6a45d-e889-43dd-985f-f55d06c9c3ee.PNG'),
	(43, 16, '9684f758-4456-4f89-8058-340bfae8d833.PNG'),
	(44, 14, 'd01030b3-afd1-42b9-94ea-3a3c4c914e53.png'),
	(45, 18, '1a40b826-88c1-47a2-8852-d7cc1fc1a663.jpg'),
	(46, 20, 'ce905d35-398f-4a90-9757-88d707fbe030.jpg'),
	(47, 20, 'df810f0f-706a-426b-a471-2ed84d7ebaa0.jpg'),
	(48, 21, '8fc56fe6-599a-4ff8-bf38-ddd88e3cf28a.jpg'),
	(50, 44, '49b2ccf5-75ed-4d6f-8b24-a215d7a0d333.png'),
	(51, 44, '9126e995-870c-4bc0-9035-42690e12e8e4.jpeg'),
	(52, 44, '6f978d7a-9e3e-43ae-9bde-a6d15c1b0041.jpeg'),
	(53, 46, 'ce7e650a-25d5-4ed2-9628-0c07543383da.png'),
	(54, 48, '2389517d-b2b3-42cb-9ee4-23bb5af26a20.jpg'),
	(55, 48, 'c625a2fa-5569-493b-b828-701858a0f678.jpg'),
	(56, 49, 'ef34e007-350d-46dd-bafb-30c9d8713fa0.jpg'),
	(57, 50, '009a110a-40db-4709-a21a-73cd66ea7bd5.PNG'),
	(58, 51, 'f76ff2a7-5ab7-46f8-9a43-d9dae99f90d7.jpg'),
	(59, 51, '22ca1b48-224b-4c97-809e-927e423b4f2d.jpg'),
	(60, 52, 'a8e8201b-b08c-478c-965c-7a79d8d81e0e.jpg'),
	(61, 57, '84348f1a-1462-4209-ad1e-e89ca7cda452.jpg'),
	(62, 64, 'dfdbda52-992d-473a-ac5b-025744600bec.jpg'),
	(63, 68, '002dbef6-f37c-445b-84f8-10b4ef7d2433.jpg'),
	(64, 150, '44df730b-ffe8-49fb-a27a-e16fce45d656.png');

-- 테이블 데이터 imfine.leaf:~59 rows (대략적) 내보내기
INSERT INTO `leaf` (`id`, `created_at`, `content`, `declaration_count`, `like_count`, `bamboo_id`, `writer_id`) VALUES
	(1, '2023-02-13 08:06:38.809906', '잉잉', 0, 1, 14, 3),
	(2, '2023-02-13 08:44:34.156891', '울지마..', 0, 0, 14, 1),
	(3, '2023-02-13 08:51:22.257540', '고마워..', 0, 0, 14, 3),
	(4, '2023-02-14 01:43:36.451511', '아놔!', 0, 0, 16, 1),
	(5, '2023-02-14 05:20:21.915332', '화이팅', 0, 1, 21, 2),
	(6, '2023-02-14 05:22:58.679009', '안녕', 0, 1, 19, 2),
	(7, '2023-02-14 05:32:03.344972', 'ssss', 0, 0, 17, 1),
	(8, '2023-02-14 06:32:20.587030', '안녕', 0, 1, 22, 2),
	(9, '2023-02-14 06:36:56.196473', 'ㅇㅇㅇㅇ', 0, 0, 23, 2),
	(10, '2023-02-14 21:54:31.029817', '무슨에러?', 0, 0, 20, 2),
	(11, '2023-02-14 23:40:17.923446', '누구에여', 0, 0, 24, 3),
	(12, '2023-02-15 00:13:51.970591', '얍', 0, 0, 18, 1),
	(13, '2023-02-15 00:13:56.089270', '얍!', 0, 0, 18, 1),
	(14, '2023-02-15 00:46:23.325765', '댓글 작성하기', 0, 1, 25, 16),
	(15, '2023-02-15 17:35:53.278317', '슬램덩크 다시볼래~~', 1, 0, 26, 1),
	(16, '2023-02-15 18:36:01.661812', '마시께따', 0, 0, 27, 1),
	(17, '2023-02-15 18:38:34.833435', '꺅 반갑습니당 저녁 맛난 걸로 챙겨드세용😆😆❤️❤️❤️', 0, 1, 28, 18),
	(18, '2023-02-15 18:40:40.914470', '우와아아 저희 하늬언니 잘부탁드려요 ㅎㅎ', 0, 0, 28, 1),
	(19, '2023-02-15 18:41:13.449191', '슬덩.. 재밋죠.. 저는 서태웅이좋드라구요', 0, 0, 26, 1),
	(20, '2023-02-15 19:45:31.572798', '누군데!', 0, 0, 30, 1),
	(21, '2023-02-15 19:46:56.348475', '저는 대만이여...', 0, 0, 26, 1),
	(22, '2023-02-15 19:53:38.104293', '뭐지이거', 0, 0, 31, 1),
	(23, '2023-02-15 19:53:49.452583', '집가서 콘솔창우로 확인해볼게', 0, 0, 31, 1),
	(24, '2023-02-16 14:46:21.876856', '센터필드 지하 한국집 존맛', 0, 0, 27, 1),
	(25, '2023-02-16 15:01:47.815616', '시러잉', 0, 0, 40, 4),
	(26, '2023-02-16 15:04:53.487563', '댓글댓글', 0, 0, 48, 3),
	(27, '2023-02-16 15:54:44.744209', '네, 저 여기 있어요', 0, 0, 50, 21),
	(28, '2023-02-16 15:54:59.578685', '그냥 그래요...', 0, 0, 46, 21),
	(29, '2023-02-16 16:01:46.736829', '어디계세요...?', 0, 0, 50, 6),
	(30, '2023-02-16 16:09:15.853839', '테스트해보기', 0, 0, 50, 6),
	(31, '2023-02-16 16:10:39.200507', '테스트해볼게요', 0, 0, 50, 6),
	(32, '2023-02-16 16:10:42.484323', '오', 0, 0, 50, 6),
	(33, '2023-02-16 17:51:28.208426', '저는 영양제는 꼭 챙겨먹어요!!', 0, 1, 60, 2),
	(34, '2023-02-16 17:51:35.854801', '어떤거 드세요??', 0, 1, 60, 2),
	(35, '2023-02-16 17:51:51.682003', '저는 종합비타민이랑 오메가3 정도??', 0, 1, 60, 2),
	(36, '2023-02-16 17:52:00.041531', '와우!! 감사합니다~~', 0, 1, 60, 2),
	(37, '2023-02-16 17:52:13.594900', '작심삼일??', 0, 0, 59, 2),
	(38, '2023-02-16 17:52:19.256291', '응원해주세요..ㅜㅜ', 0, 0, 59, 2),
	(39, '2023-02-16 17:52:23.606288', '힘내세요!!', 0, 0, 59, 2),
	(40, '2023-02-16 17:53:02.591293', '요새 눈이 아픈데 어떤걸 먹어야하나요??', 0, 0, 58, 2),
	(41, '2023-02-16 17:53:09.934840', '눈 건강에는 루테인이 좋죠!!', 0, 0, 58, 2),
	(42, '2023-02-16 17:53:21.590240', '감사합니다.', 0, 0, 58, 2),
	(43, '2023-02-16 17:53:47.015013', 'ㅇㅋㅇㅋ', 0, 0, 58, 2),
	(44, '2023-02-16 19:39:00.669068', '뭐드셨어요??', 0, 0, 61, 2),
	(45, '2023-02-16 19:56:29.868652', 'ㅠㅠ 많이 힘들어? 뭔진 잘 몰라도 힘을내 ~~~ ', 0, 0, 52, 23),
	(46, '2023-02-16 19:57:30.861916', '뭐드시나요 저는 김치만두 먹을거예요 ㅎㅎ', 0, 0, 61, 23),
	(47, '2023-02-16 20:43:13.149346', '돈가스요 굿굿', 0, 0, 61, 18),
	(48, '2023-02-16 23:06:53.213591', 'ㅠㅠ 정말 힘드시겠어요... 저는 최근에 치질쟁이 님의 일기를 구독하고 있는데 그분 일기를 보면 비슷해서 힘이 나요~ 추천드립니다!', 0, 1, 62, 1),
	(49, '2023-02-17 00:39:59.961708', '와이라노..', 0, 0, 63, 6),
	(50, '2023-02-17 02:26:56.057867', '저도 돈가스 먹었어요', 0, 0, 61, 6),
	(51, '2023-02-17 02:51:54.426523', '저는 수술한지 2년이 지났는데 아직 시력 저하가 없어요!', 0, 0, 64, 1),
	(52, '2023-02-17 02:52:23.531053', '특별히 신경쓰는점은 루테인과 당근을 많이 먹는다는 점입니다 !!! ', 0, 1, 64, 1),
	(53, '2023-02-17 03:52:53.798542', '걱정한거보다 시력저하는 안 일어나고 있습니다 어서 수술받으시고 광명찾으시길...왜 진작에 안했나 모르겠어요', 0, 1, 64, 6),
	(54, '2023-02-17 09:20:55.871735', '치킨 먹고싶어요', 0, 2, 66, 3),
	(55, '2023-02-17 09:23:26.745874', '고기 먹어요', 0, 0, 66, 3),
	(56, '2023-02-17 09:33:41.991297', '돈까스먹어요', 0, 1, 66, 6),
	(57, '2023-02-17 09:43:32.573047', '댓글댓글', 0, 0, 66, 3),
	(58, '2023-02-17 09:54:12.112438', '테스트', 0, 0, 67, 6),
	(59, '2023-02-17 11:36:01.270523', '테스트', 0, 0, 67, 6);

-- 테이블 데이터 imfine.medical_code:~0 rows (대략적) 내보내기
INSERT INTO `medical_code` (`id`, `image`, `name`, `department_id`) VALUES
	(1, NULL, '코로나', 1),
	(2, NULL, '독감', 1),
	(3, NULL, '고지혈증', 1),
	(4, NULL, '고혈압', 1),
	(5, NULL, '당뇨', 1),
	(6, NULL, '단백뇨', 1),
	(7, NULL, '감기', 1),
	(8, NULL, '알레르기', 1),
	(9, NULL, '만성피로', 1),
	(10, NULL, '변비', 1),
	(11, NULL, '소화불량', 1),
	(12, NULL, '식중독', 1),
	(13, NULL, '폐암', 1),
	(14, NULL, '위암', 1),
	(15, NULL, '간암', 1),
	(16, NULL, '갑상선암', 1),
	(17, NULL, '맹장염', 2),
	(18, NULL, '상처봉합', 2),
	(19, NULL, '치질지루', 2),
	(20, NULL, '이명', 3),
	(21, NULL, '비염', 3),
	(22, NULL, '기관지염', 3),
	(23, NULL, '난청', 3),
	(24, NULL, '인후두염', 3),
	(25, NULL, '식도염', 3),
	(26, NULL, '라섹', 4),
	(27, NULL, '라식', 4),
	(28, NULL, '결막염', 4),
	(29, NULL, '백내장', 4),
	(30, NULL, '다래끼', 4),
	(31, NULL, '안구건조증', 4),
	(32, NULL, '두드러기', 5),
	(33, NULL, '가려움증', 5),
	(34, NULL, '여드름', 5),
	(35, NULL, '아토피', 5),
	(36, NULL, '모낭염', 5),
	(37, NULL, '무좀', 5),
	(38, NULL, '화상', 5),
	(39, NULL, '발진', 5),
	(40, NULL, '다한증', 5),
	(41, NULL, '피부암', 5),
	(42, NULL, '도수치료', 6),
	(43, NULL, '손목통증', 6),
	(44, NULL, '디스크', 6),
	(45, NULL, '발목통증', 6),
	(46, NULL, '무릎통증', 6),
	(47, NULL, '허리통증', 6),
	(48, NULL, '관절통', 6),
	(49, NULL, '저림', 6),
	(50, NULL, '척추측만증', 6),
	(51, NULL, '뇌출혈', 7),
	(52, NULL, '뇌종양', 7),
	(53, NULL, '허리통증', 7),
	(54, NULL, '두통', 7),
	(55, NULL, '편두통', 7),
	(56, NULL, '치매', 7),
	(57, NULL, '쌍커풀수술', 8),
	(58, NULL, '코수술', 8),
	(59, NULL, '양악', 8),
	(60, NULL, '혈노', 9),
	(61, NULL, '요로결석', 9),
	(62, NULL, '방광염', 9),
	(63, NULL, '생리통', 10),
	(64, NULL, '산후조리', 10),
	(65, NULL, '자궁경부함', 10),
	(66, NULL, '질염', 10),
	(67, NULL, '방광염', 10),
	(68, NULL, '난소암', 10),
	(69, NULL, '공황장애', 11),
	(70, NULL, '우울증', 11),
	(71, NULL, '불면증', 11),
	(72, NULL, '식이장애', 11),
	(73, NULL, '스트레스', 11),
	(74, NULL, '사랑니', 12),
	(75, NULL, '치주염', 12),
	(76, NULL, '교정', 12),
	(77, NULL, '충치', 12);

-- 테이블 데이터 imfine.medical_department_code:~0 rows (대략적) 내보내기
INSERT INTO `medical_department_code` (`id`, `image`, `name`, `my_medium_blob_field`) VALUES
	(1, 'data:image/png;base64,iVBORw0KGgoAAAANSUhEUgAAAIwAAACMCAYAAACuwEE+AAAACXBIWXMAABYlAAAWJQFJUiTwAAAAAXNSR0IArs4c6QAAAARnQU1BAACxjwv8YQUAAAn7SURBVHgB7Z3NchvHEYB7FtgFIFEmJNN2qEpk0DlEh6QI+ZJDUkXwDZgnMN/A8hOIeQJLT2D6CUKfcxBcFR9yElS5RFWxCcouR2XTEijLBLAL7Lh7uQCXIEDsALPA/vRXBeJHIEEKH3t6ZrqHAmKOlLLc7/e3em6vYgij4rpuRQhRkQBlOL8kidbZRTbpDv5MDVe6zZzINfL5/FP82VoQYwTEDBTk/a7T3REgqihFDR+qQJaQnkgNFOmAri3LegoxIhbCOI6zJUHuuFLuQNYEmQYKhFGnjgLtm6b5JSyZpQlDQ41t2x/jd7CDkaQKzHRQHhRnD8Wpo0RHsAQWLgxKsomvuovRZBeSl3/EBnzj9i3T2lu0OAsTpt1uV0ROfIYvWQNGG4sWJ3JhaOjBHOWBC/I+MJGxKHEiFaZjdz7Gl9gDHnoWg5/j4Mzqc4iISITh4WfZyHrBLOxGEW0M0AxFFZEznrAsy0TUuo7d6HQowmv+yqAJzlXiinxYtIqfgCa0CENDkJEz/sHrKTEFc5uCVajpGKLmFuYsXzEeA6/QxhtN0swlDC3C4RBUB54FJYWWgfnNPPtTMwvDsiSWuaSZSRiWJfHMLI2yMH7OgtNmliXhtAqmVVXNaZTWYQIJLsuSfMpdu1un+iOVT1KKMB27ewg8G0oVgoq0TGs7bKVf6AiDecunwLKkDlo76zrdB2GfHyrC+JuID4FJL668XywWH0172lRhOMnNDKGS4KlD0tmuM8uSAco4NO1Pe9KVwtg9+yPedc4SojZth3vikMR7RJmFhqaNSbOmiREGd58pc64AkzXKV82axkYYP7ocApNZMMpUxiXAYyOMH12YDDMpAb4UYTi6MANwg7I6ukF5KcJwdGGGCNi9/FAAji7MCJdmTBciTM7MbQHDnFPGtbgL6zIXIgzvRjNjaBStwr3BnWGEoSM3gGVhLlP13fAYCuNKdxcYZgx0ds/gtnH+oHfaE8Ncwj/oySNPH2zbrrogK5ByHNeFk24HL23v9jRWC0Xvci1vQsapUCknrfx6wmCc2YTp/3+JheT4uvUTfHPyMpQoo6yVrsG9d29nWhw6dxCvHnnCyEDISRunjgNffX8Epz0HZuW4fQr/PPof/OHmGty99Q5kETqkkq59YdLZEz1OFooSv7l+A0xjejkzifJT53R4/9mrY+86i9IMclxBpy50HfsVpBCKCgNZ8ijIhzisrKMsKpw6Nvz7xXfw2u4OH/vL7fe9YSpr4KrvTaPX621CCnn+unVBlu3fbSjLQlwzLfzcD+Dt4rkgz17+CFnE7ttbRl/2UzkcDYYP4u7Nd3AosmAe/rz+W0884hiHKRqusoZ0ZcWg49ghZVDuMoguppGD35dvwbzQ17lzY3V4/7j9C2QNcsXAFd7URZjTnj28vWoVQBerVjHwGrPPupIK/Z0H7WfcpZlr5vk6TNvJnjAgBAkjKsAw4ShThOEmNSYsLAyjRJlzGEYJFoZRgoVhlGBhGCVYGEYJFoZRgoVhlGBhGCVYGEaJPMQQ1er+UU4XsDH4C+5W/3fGQqokdyPESph5q/sXSRuFCRZpzUISuxFiI4yO6v5xlEx9bwYVUekkid0IomN3JSyZeav7J0Gfe+etstY3OlgrPCuj3QhEUqSJhTA6qvuTRlK7EZY+S9JV3Z80ktqNsHRhdFf3J42kdSMsVZgoqvuTRtK6EZYrTETV/UkjSd0IvNIbA5LUjcDCMEqwMIwSLAyjBAvDKMHCMEqwMIwSLAyjRGyEsWUfskqw4EtnOUYULFWY4L5R2+mB42ZTmuD+UdyLqZYrDP42veVvCZAsX7deQtag6PLtm5Ph/bXSdYgzSx+SgqUM35y8ytzJTv85fjG8XcLowvUwU6Aqs5IfhinK1L89hOc/tyDtDKoMX5y+GT724bvrEHdiUqJpw+PvDqEXKPzWUaJJQ9669zX0lWhSvjFPCQIVt7+2O5fqXrhEUxGS5l/fP/eq8XXyweot+NPae6ADEuUr/B5188e330tMLVBsugbOShY3vMT3+c8n2sR53e1AXKHyzLu31mKf6AaJVV8SDR0UlulCv83UzDZrI1tw5hEFlHcFK+VUoOF2feWG9raVRRDLzkeCfutm/c0j2aIW5jq+6Vn8IxW8NcAowcIwSrAwjBIsDKMEC8MowcIwSrAwjBIkTPp3+hhdtFgYRoWWIVgYJixCNA0Q0ASGCQlGGNEEhgkB5i8N+iOhTUgxOrsRklTdHwXkipE38k1IGVF1IySpuj8KpJBPjVwu9yWkjCi6EZJW3R8FxXyxYQghaJbUhJShuxshadX92pGySa54K704ta5DytDVjZDU6v4IaNAHr+JOgmx42qSMv96+M+xGIGme/PB/ePbyOFQ3wlXV/VkcjgxhHNC1Z0m73a6InHEIKURnN0KSqvt107OdeysrK41hWOnYXRKmAilkkPjO2o2QxOp+rWD+UiwUN+jmsAgcs98DV8r7kEJm7UZIcnW/TjDZrQ9vD244jrPVl24dGGYEKdztklmq0+0LmW7XsZ9IKavAMAMCwxExMlWQB8AwAXB2tBe8fyHCYHQpY5Sh5LcMDIMUTKuCOczR4P6FCOOt5AmxDwwDXjTZD8riP3YR27arLsgnwGSe0ehCXFrutCwLV31lHZhMMy66+I9fJs0rv0w4xkUXYuyGSqlUamIu8xCYTDIpuvj/Nh6eMWUUXHcpWIXaJGEmbtme1T6IPWAyBa27TJKFmFrT0LE7j/FpNWDSD+4ZFU1r+8qnwBT8BJim2Tw0pZsWJrrVq6ILMbW32kuAeWjKAHJvmixE6DI727E/TWv5Q9ahGbFlWp+EeW5oYWjWhNI8lgC8m50mRnajpxH6uA+aNbl992+Qwg6DzOJPoVU+Rbnym5Pg1BAqyR1F+UAhPwmuAZ/6kGRoja2mKgsxc28J7mpvumeblBxpkoUnC24yP4UZmKsZiaVJHHPJQszdvebnNLganM4WldQwZY8oLHMfikg5jey7tJzcBCaWYFRo6JCF0HKKJklTtAobXBIRP/xFuW0dsnhfDzRCq4U4RtJqMM+glg++B/I+vSf+CR1aiKQD/yyvEZ/xLveSwF3nQt7c1RVVgkRysPPZEFXcNgyxC5zbLBIvqhQ1DkGjRBJhglC0MXLGA9yD2gUmMihXMfPm33UOP+OIXJgBLE5ERDj8jH05WDAsjha8hkNb2p+vWCsNWCALF2YAiZMzc1uuK/eAF/1CQesp+OHAyluPoh56rvgelk/badcMaXyEUacGLM8o1PJz0If+F4MjN5ZJLIQJ8sZ+U7UMa9OVcgekV6xVgWzRpEMq6dxB2Zdf0IwTYkTshBmFKv06vU5VSLFpCKPiDir+pKzA2aZn0jY+aShp0ZCCUlCpSJNO2BaGOLJyVn1ZQ01YfgXJUWU1pdV2fwAAAABJRU5ErkJggg==', '가정의학과&내과', NULL),
	(2, 'data:image/png;base64,iVBORw0KGgoAAAANSUhEUgAAAIwAAACMCAYAAACuwEE+AAAACXBIWXMAABYlAAAWJQFJUiTwAAAAAXNSR0IArs4c6QAAAARnQU1BAACxjwv8YQUAAAySSURBVHgB7Z3LdhNXFoZ3lVQl2RisEAI43ETTayWDzsLNhEFnLexJj91PEL9B4AlwP0HIEwSeoMkT4AwyySA2Kz1IBoCADhCuMhAklaQ6ff6Sqlwql0olqVSqy/7WsnVB2GD93vvf+5yzS6GEI4SodLvdKx2zU1UVtWqaZlVRlKogqtD+R5qo9z5EDQ/k/2nXFGatoBR2i8XiXfl/q1OCUShhSIGca7VbGwopq1IUa/KpKuUJYQlpVwrpNm51Xb9LCSIRgmm321cEiQ1TiA3Km0BGIQUko862FNBNTdN+oDkzN8Eg1RiG8bX8F2zISLJKzGikeKRwtqRwtqWIHtIciF0wUiQX5XfdlNFkk9LnPxKDfONu6pq+FbdwYhNMo9GoKgXlO/kt14iJjLiFM3PBIPVIj3LdJHGVmJkRl3BmKpim0fxafost4tQTD32PIyurWzQjZiIYTj/zRmyXtNLmLKKNShGDqKIU1B0WyzxR1lptY7fZRISP+CtTRLBXSSriRlkvX6OIiEQwSEFqQf0P91MSivQ2Jb20FkWKmlowPb+i3iHu0CabiEQzlWDQhJMpaJu4CkoLdVX6m2nWpyYWDIsltUwlmokEw2JJPROLZmzB9D2LLJtZLCmnXtL01XE9zVh9GJfBZbGkn0rLaG1j/9E4f2msCNM0Wg+Iq6FMoWCTlqavh93pFzrCSN/yDbFYMgd6Z61263rY14eKMP1FxBvEZBdTXC2Xy9+OetlIwbDJzQ2hTPDIlNRbdWax5ICKTE03R70oUDBGx/iKV53zhLI2aoV7aEriNaLcgtR0fljVNDTCyNVnOOcqMXmjElQ1+UaYfnR5QExukVGm6meAfSNMP7owOWaYAT4QYTi6RE/bNOnR2zfW7bGFQ/JjkdKAXKBc9S5QFg+8SEYXQUxU7LWa9OOTh5ZYwG9vXtJnHx2jz49+QolHoU35+drgUy44ukTLh3bbEsuHTvvAn505vEyXjn9KCedAxTTgYQpa4QoxkeAVy0JRo5OLS86fP363R0//fEcJpyJ7cQN9mQHBmKbYIiYSfnr2P0csRVWlyydP0eWVM3Rmadl5zcvGB0o6QtCG+7EjGIzcIO67RMIvL5/RntF0Hn9x7AQtlxasqPOquS+SRRl1UsBqXxsWjmBMYW4SMzW/vn5B9/feOI9hcM8erlim15uiVpaWKA1gdo99X91/0pr2xEzBvforqwqycVdDP/4+aH6RohaLOqWB/qAnC0swhmHgAFqVmImBgf3vq+fOYxhcWyzeFPW3j3spKkVU7a2cvQij0kViJgbeZOf5E+cx0s2lE72S2S9FXagcpbSBuYO4tQQjXCGHGQ+7fLYbcxDLl6fOkqYWDqSovywfTUfDzgcMqcRtXzB8JnoSvEYW5TPEAm+CDq9bLB+XF61qKa3YHlfF1AVi/zIRPz17PGBkv/y0JxZEHfRh3FHn0okVSjnwMRW10+mwf5kAGFl34802sn4dXjvqpB2ja1xRu6LL6WhMgoysX4c3C2IBwhRVFePYiQlNkJEd1uHNCtCKKju8HGFCAiPr7rW4jeywDm+WwHUeIp9xl1VsI2sDb3J55bR1H2IZ1uHNFIoCwShVYgIZZmTRa0GH1y0Wd4c3g1QQYfiQWgBBvRZvh/eIXnY6vBmFBTOKn//4faDXgl1ytli8Hd7LK6esqJNhKuxhAoA3efbhvfMYvZaVQ4d9typkpdcyChbMEPyMrN1rSfNWhWlhwfjw6F09dK8lhVsVpoIF4wG9lp3nT53HMLJBvZY0blWYBhaMC/9eyynrfpa2KkwDC6bPqEVDd2RBryXNWxWmgQVDvV5L0KIhxOQ2uV98kk+xABaM5JcXg0YWvRa3kdUKqiUim3v115RXci8YGNnH7/ecxzCy6LW4QTPu84/2/QrSk9/x1zyQa8GMs2iIagir0zaP3ib6AvYzI7eC8S4a4gjrqKrnQuUj5/6rFBxznQW5FEyv1zK4aBjGyC7r+76GU1JO8NugHXbRcFHbPwvNgskBWd6gHRe5Eoy71wLGXTRsm13nfsa3MQwlN4LxLhr+/fjK2IuG8D42y3qJ8kguBBPVBm23YBa0VMx2iZzMCyZoBMe4PHVtpkrLJMyoybRggkZwjIs1PcrVe2HBZIygERyT8LLxp3P/mOz45rWyyqRggkZwTMpAV/jIMuWVzAlmFhu0sW40MJvOsziZJzInGO8Ijig2aLujy9nDy7ntwYBMCWbYCI5pQJXlji5nc5yOQGYEM4sN2vBC7uhyYflo7pcRMiGYWW3Q3nnxZMA45+2EgB+pF4x3BEdUG7QRsdzpDcaZSblg7PLZZtpei433IBvSG69o90itYGbRawFWxHr5h/M44+M7xiaVggkawTEN3othQYR5PlLiRyoF4x3Bcfnk6ZmIhTdXHaRIKcNvBAeuozgNMLdo+LFYRpMqwQSN4JgUlOTuKovFEkxqBBN1rwXR5NfXzweafSyW0aRCMN5ei3sEx6Rfz7u/F18TpwdYLMEkXjB+IzgmbaIhqngjFehFq2O5XlQMS6IFEzTudFywRQFCcUcVlOM4M80t//AkVjB+Izgm8ReogH578+LAFVxxThpXGOEUNB6JFQx6Ld4RHGHfXDv14NrQ3hOKHFWmI5GCQfpw91r8RnB4gUiw7/b+3mvL1No9FRsIBdsTIBT2KpOTTMF45rX4lc8QBISx12pY4vITCWChREviqyQ7veAW6aXTF8qow/DwKCuHlujskQoLJULmLhj3G29fKR7HUO0zQEgxYYFIcF4I6Wu5VHaeh9jc56KTCoStqcle3oNgMEop9usN2P0QdxqBYP5x6pyVQh5Jw9rxSTFujkhhYR0JAltZOuwbSbzLCUkHP4PPjib2Wkv1uQhm2JuIaPP0/TvLb6yfPk/3ZNvejgz4QeK3DzNasLHbjkajQKWUJvAzwGDpdtdMYiVXLyryk6D48G6shinV+5HBOvOztGTdX9T0SLZaoos7TlqbJ4b85bCjKn5GOKGQKP+lKLUiKVSjGK9bvWc0nPsQyPqZ8zP9oeC3NE09lzuP79Nbo2VFVpwNT1pqUhVSahQje62Wcz/vh8L8cPebEI2ThLTju7hIaI1ixF0F7BktYgZxiyRpv0zQSrGoFmudGEtOd7n7TIbcn58/CW1gsw4qRveQ6aSNFBGKuFssFAo/xCkYlMHol7xq9vosaati4uLk4mAvKQmUi+VdVVEUlNU1ipFLx1csw8v405sbfJwShRA1aMXq9MrSeluW1psUEyiZ/3nur7IKeDtggpleyk7oOJFdfLIEI0jsWrKJmZVDR+QHMSlAVdTb1i0+ia74nhgmAMMw7uLWCStNo/VA3lSJYbxI/1Iulc/jrtMUke73NjGMD9Lsbtv3HcHIji8LhvHFVMxb9v0Bp9tqGztCiNjWlZgU4EpHwLNbR3CUYQaQ1dGW+/FAhJHRpSKjDMxvInfvMPFT0vSq9DDO1KaBCINOnjS/N4lhyIomN91i6T83iKy3V00SO8TkHm90AQd2HOu6Lru+YpuYXOMXXfrPH6TRaFSVgvqAmNziF12A75mGhYWFmvQyN4jJJcOiS//P/OGKKafIvktJL60NE8zQU1NWxUTKFjG5An2XYWIBI/c0NI3mHfmyNWKyj1wzKmv6euBLaAR9A4wym1NTtqlLo7saFF3AyIO8lgHm1JQDxNYosYDQ2+yMtvGNKcRVYjIHKmJd06+FeW1owaBqkqK5I4h4NTtLeFajRxF6tgSqJrNr/otiPmHAzJB+CT3OXxl75zeb4MwQyuR6GXt6Td8Er1FvTAiTTtBjWxtXLGDisyVyVfui2Vuk5EiTLiyxyEXmuzQBUx1GYtGkjqnEAqY+vdb3NLIbzEdUEs2INaKwTD2BD55GdE20k2vEJBIZFXajEAuIZGQjRFPWS+d5S0Ty6Dfl1qMQi/X1KELQLZQ5Et1grqDmj3wPxFW8J/0JHZEwkxP4PV+jfMer3HNCrjqXitpmVFHFzUymCPdSVHldVZVNYm8TJ1ZUKUeYgrzMJMK4QbRRC+r1OOfP5BF4Fa2o/TvK9OPHzAVjw8KZETNMP77fjmKGhRMJ1oFDQxi3lvSlXYqR2AVjA+EUtMIV0xRbxE2/UKCfIj/d1ov6t7NOPQH/hvnTaDfWVKF+JaPOGrF4vODIz+0udb9f0Ba2ac4kQjBu3hvvV3VVv2gKsdEfaV+lfFHrDakUuxglh4qTEkTiBOMFO/2aneaqIpSLqqJWTXvHnxBV6i16pm3hE6mkjpQiRYGtIjVM2FZU5aFe0LfnlWrC8n++zTq7JfSxMAAAAABJRU5ErkJggg==', '외과', NULL),
	(3, 'data:image/png;base64,iVBORw0KGgoAAAANSUhEUgAAAIwAAACMCAYAAACuwEE+AAAACXBIWXMAABYlAAAWJQFJUiTwAAAAAXNSR0IArs4c6QAAAARnQU1BAACxjwv8YQUAAAx5SURBVHgB7Z3LchPZGce/bkktiZsFGAaGm4BUkUUoPFkki0wVZpGsyROM3wDmCXCeYJgnGHiCYdZZ4FSFzSxiU2RBqpJgTMLVgA2OJbWsPjn/Vrd8JHWrW1a33JfvVyWrJbcsu/T3dzvf+VqjhCOEqHU6nes71k5d1/S6ZVl1TdPqgqhGu7c0sdG9iVU8kH/TiiWs1YJWWCkWi4/l37ZBCUajhCEFcqHVbt3USJuTopiXT9UpTwhbSCtSSA9wbxjGY0oQiRBMu92+LkjctIS4SXkTSBBSQNLqLEkB3SuVSn+hfWbfBANXY5rmLfkb3JSWZI6YYKR4pHAWpXCWpIie0z4wdcFIkVyT77ogrckCpS/+SAzyg7tnlIzFaQtnaoJpNBp1raD9IN9ynpjImLZwYhcMXI+MUe5YJG4TExvTEk6sgmmazVvyLRaJXc90cGIcmVndp5iIRTDsfvYbsVQulRfisDY6RQysilbQl1ks+4k232qbK80mLHzEP5kigmOVpCLuVozKtxQRkQgGLkgv6D9yPSWhyNimbJTno3BREwumG6/oD4krtMkmItFMJBgU4aQLWiLOgtLChi7jm0nWp/YsGBZLaplINHsSDIsl9exZNGMLxolZZNrMYkk5G+WSMTduTDNWHUYJcFks6afWMltL6D8a50VjWZim2XpGnA1lCg1NWiXjRthOv9AWRsYt3xGLJXOgdtZqt+6EPT+UhXEWEe8Sk10scbtSqXwfdFqgYDjIzQ2hguBAl9RddWax5ICadE33gk4aKRhzx/yGV53zhDYftMLt65J4jSi3wDVd9MuafC2MXH1G5FwnJm/URmVNnhbGsS7PiMkt0srUvQJgTwvjWBcmx/gFwEMWhq0L4yIXKOcGFyiHLAxbF6aHRgvDTymwdWEGGMqY+ixMoVS4TgyzS03W4vrqMn0WhlejGQ9WKkb5K/dBz8Jg5AaxWJhh5hxt2PQEYwlrgRjGA8zucY/13SftaU8MM4Qz6MnGFoxpmtiAVqecsNlq0tMP72h7pz3yvPXGdqjzckDdbeXsWhidrlGO+Pn1f+gfH9fp0X/9Wz+222169PK5fd6Td28o72DuIO5twQjF5GQdCMG1GG3L8j1v02z0jnesDuUdDKnEvSOY/OyJVoUwY5R9z4M7cjlSrlDecWNcHVMXKEfxS1ghbJqt3vFs9QAxdhxT03d2dnIVv7xXBHP64GHPc+C21PNYMF3Mjnld74hOrkZ0FPWCfV8tlnyFsN74X+94tnKASs5r8o6wRL1oj2OXQUxe+O3ps7YgZqsHfc9Z29rsHZ87MkNMF2ilKCu8cwmcIB8bsBanDx7x/T67I39wnYfIZ9ylHRTqXE4dOEwHigYxDpoGwWh1Ymzast7yvrlrXS7XjhHTRw0WJheb1DZbrcAS/6utz71zRgXFOaZWpBwI5sn6a/r35kc7fvn9hcu+WQ+WAVx+eWyWmCFqmY9hEMRCLAAuB4+9WPu00Wddzh/m3cFeZF4wahCLmsqMT3WXrUs4Mi0YWJMXSk3lyrETnuf9a+M9W5eQZFowg9bFK4hVXRZg6zKazAomrHVRG6TYugSTWcH87d3L3vG5wzO+1kUVFVuXYLLrkpTlMT8h/PzmRe8YVV22LsEUKaP8+uRpWvu8aVsWr/I+0mgU81yunjhJTDCZFcyBkiEti3fcAlekptFXjs7ymlFIMiUYt3Eb/O7MBSmCkud5g4Gun7CYYTIVw0AsEAJuWBfyAq5IDXSvzn5BTHgyI5jB/UOnDx0aOmfQFSF78mvTZLzJhGDCxiTDrojT6HHJhGDcuAX4xSQo/6uuCFkUB7rjk3rBqKvM4Osz54fOgQX6+/u3vcewQKN6ehl/Ui+YA6XdTMjLFWF3YxgLxIRDa5qt1G8ZcLeFeFkNt3kKFHWdbpy7yK5oAlJbh8EORjREIcvxcy+IW/pWoo+eYLFMSCoFg2zHzYp+c+qsZ2o8GLdcmjnGTd0RkLoYBrNd1BS67TFZwTtu4RQ6ClIlGFgNzHZx8etfefrhbS9zQtyCzIm3u0ZDqgSz/O5lX+HNK4VGmq3GLSj9c9wSHakRDOIWdVSHX+FtsPTPPS7RkhrBDJb+vTIjLv3HT2oEU3VaFfwKb91m7g+9xxALu6LoSU1a/fWX523r4bevCNbFnVnHzdzxkRrBoIMONy9gXV5t7/a/sCuKj0ysVmNpYIety1RIrIVx2y3hhn51/IuRVdrB2IWJj8RaGFgNN+NR0+lBICx14iV30MVLYgWjptFe7ZYuPMBwuiRSMKp1CYpJVOtziq1L7CRSMGufdlspg6ZAbXd2u+1meGJ37CRSMOqcuaCMp6EMCFK775h4SJxg7ClRjjtCPBJkYUy+cMRUSZxg0O/iMuriES4GB7lTJXGCQRzirhuNO4W73WFrEzeJK9zBDf3hwi9s1xQmRT5iVHoubNNscuAbM4mtw4Stp8xWq73jF0p2lRZQePzz83/atzRcKjD1a0nqdQPWZXaVtuszrn3e6A0QQLdg0kmkYPBfp062HAVS6eOV3Uxq+c1LYuIjkYLBoiO2iIy6iKeKuuAIK6NOz0w66q6HNCxrJHK12q2twMKg9B9Ui0G75qWZo73mb3cdapItsWjGQoq/2WrYi5ton1A/XATbM+WyTP2r9v1eURdO01B4hGDgOBPVQHL+8Mzuhy+txeyZC4GvuTp7yhbXJ+cDgGggOIjGbxLVIBDJq61P9pQHiGXUVWfVNSz8/CvSyu2lD6ev7jSB8KbEBvZWP6OEXSQUi4+PXq71Hs+fvRgqXYYF+Kt0Y5+U/1rgDg5Cj6/7obQdi4EPrCu05sg2ijCMKxwEucvvXtnHqD2hnJBwVouaVE3SduPDxZw7NNOb5zLqP10FMcCNc5f6NuCDF5837du4HJGVZvwuqDiXCnovxnAvcgGBIWZyu/1g0ZbfvrK/F+QOB4cgXZ5JwTZeTVvVWu3Wj0JQ4i50jg8F/4Ho491LUxQsx5P1N30LmWE47oyYP3+kFtqV4fd8Kj/8hpLV4bVfnfzSd6C0200I3E15id/loGlLmtk2v7OEuE0ZZbtt2vN6YQ0aTr3DBR8qrAhECSty+tDhPWcqeB8I9PX2Vt/zeA+4U7wPLKWX6/MbKJA0dE27K2OY5i0pnbvERII6WSII7PvGVt70NK2L28WiXlzd4RaByEDsgizv6Yd1e+vLjk/8Bdd3dfaktD5VSgtCE481IUSt1TY/EhMLyPjUFB0uahLXt5+US8ZR+4LVSUytmYQhxGqlXLloLw1I1SwRw4xmBV9swQgSK8QwI9A1/YF9jy+iI34ihhmBaZqPca+5T3Acw/jixC847LU3yKLMA2IYDzRZ4XWPe4LRiAXDeGNp1n33WFO/Iesxy7IuM0cM46K4IzDQcSfYyjB9yOxoUX3cZ2Gcqi+CX57Iw9jI6m5dxjC9Xtk+CyO/sSGD33vEMGRbk3uqWJzn+pH59pxFYpmY3DNoXcDQrgHDMGTVVywRk2u8rIvz/DCNRqOuFfRnxOQWL+sCPPclVavVVXRXEZNL/KyL8z1vOGPKKbLuUjbK836C8d35aGdMpC0SkytQd/ETC9AogKbZfChPmycm+8g1o0rJuDHyFArACYCRZrNryjYbMtCdG2VdQOBmfDsAZteUA8RikFhAoIVxyfr+pTyDjNgoGd+GOTe0YJA1SdE8FES8mp0lBlajgwg9HwZZk9Wx/igPV4nJBk4KPc5LQlsYFw6CM0OoIHeQsSdQOUHwPHXnyjDpBDW2+XHFAsa2MC5yVfua1V2kZEuTLmyxyEXmx7QH9iwYwKJJHROJBUwkGODENLIazFtUEk3AGlFYJp6iiZhGdCyUk1eJSSTSKqxEIRYQydhViKZilC9yS0TycIpyN6IQi/3zKEJQLZQ+EtVgzqD2nw0MAMJnghoaRcTEMYwX3bhG+4FXufcJuepcLpYWorIqKrFMAu+6qMoNXdcWiGObaWJblUqELmiQWCyMCqyNXtDvyDWoBWJiA7FKqVj6U5Tux4vYBePCwomJGN2P59vRlGHhRIK94dAU5v1DxqGpDoOaumBcIJxCqXDdssQicdEvFKinyC8PjKLxfdyuZ8TvsP802o15XejfSKszTyyeQbDl50GHOj9VS9Ul2mcSIRiVLXNrztCNa5YQN0nYzVp1yherGFKJuYMYJYeMkxJE4gQzCDr9mjvNOU1o13RNr1tux58QdeoueqZt4ROuZAMuRYoCrSKrlrBWNV17bhSMpf1yNWH5P+DupwuIA8q8AAAAAElFTkSuQmCC', '이비인후과', NULL),
	(4, 'data:image/png;base64,iVBORw0KGgoAAAANSUhEUgAAAIwAAACMCAYAAACuwEE+AAAACXBIWXMAABYlAAAWJQFJUiTwAAAAAXNSR0IArs4c6QAAAARnQU1BAACxjwv8YQUAAA4ZSURBVHgB7Z3LchNXGse/bkkt2TFYjp1gQwARpipZkMLJhkVShdjMmnmC+A1CniCeJ0jyBCFPELKeBZqqsMkimEoWUDWAL9xjwAZjSS2rz5x/Wy0ftXW1Tkunpe9XJeuC6JbU//6u55y2yHCEENlqtXp5z9vL2Zad8zwvZ1lWThBl6eAWJ7b2b2IVT+R3WvGEt5qwEivJZPKO/G5bZDAWGYYUyNlypXzVImtRiiIvX8rROCF8Ia1IId3AveM4d8ggjBBMpVK5LEhc9YS4SuMmkE5IAUmrU5ACup5Kpf5LQ2ZogoGrcV33G/kJrkpLskhMZ6R4pHCWpXAKUkRrNAQGLhgpkotyr0vSmixR/OIPY5AH7rqTcpYHLZyBCaZYLOashPWT3GWeGG0MWjiRCwauR8Yo33kkrhETGYMSTqSCKbmlb+Quloldz2CoxTgys/qZIiISwbD7GTaikE6ll6KwNjZpBlbFSti3WSzDxMqXK+5KqQQLr3nLpAmOVUxF/JBxMt+SJrQIBi7ITti/cD3FUGRsk3bSeR0uqm/B7Mcr9k3iCq3ZaBJNX4JBEU66oAJxFhQXtmwZ3/TTnzqyYFgssaUv0RxJMCyW2HNk0fQsmFrMItNmFkvM2UqnnMVeY5qe6jBKgMtiiT/ZslsuYPxRL/+pJwtTcssPibOhkcLCIK2Uc6XbkX5dWxgZt3xPLJaRA7WzcqX8Xbfv78rC1JqIPxAzunjiWiaT+bHT2zoKhoPcsaGrILijS9rvOrNYxoCsdE3XO72prWDcPfdr7jqPE1a+U4e7pUviHtHYAtd0rlXW1NLCyO4zIuccMeNGtl3W1NTC1KzLQ2LGFmllcs0C4KYWpmZdmDGmVQB8yMKwdWECZINyMdygPGRh2LowdSxaOvySAlsXJsShjKnBwiRSicvEMAdkZS2uoS7TYGG4G800YSXjpD8PntQtDJbcIBYLc5jFmjZ86oLxhLdEDNMErN0TPLYPXvRXe2KYQ9QWevLxBeO6Liag5YhhmpMLhnLuWxibLhLDtAHrDuLeF4xQTA7DNAOLVOK+JhieE820J4hxLay6UK64r4lhOiCrvjP23t4exy9MV7hV97JdFVV2R0xXCE/kbCzHTgzTBdCKLSu8bGGYrsB1HrSvcceMMJaVS8q/ORozKp4nb1XaLpeoUq36j/FaM1K2LW8Jmkw5/v10Ok1jTDZJYzBJbbtcps3iDm27ZXpZ3KXdvQr1w3Q6Q5PJFM1mJmhuYmqcRJS1Sm5Z0AiyKYXx9N1b2ni71dJ66MIXz8QknTmWlQKapFFmpAQDYdzfekkPtl91FAkO8oS8TaZSvquB62m1Tbis3UrFv38jrVSn7X48/T4tTB3zH48aIyEYHMz7UiStrElSimHhvWM07aSlBXivLpKjgthns/jOt2Jwc8UWLu70sWn69P0PRko4sRZMO4sCkcBFLLw35YskSiCe9TfbtFnabSqej6dn6Hx2diSEE1vBID65/eLJIaHMZiblWT0XuUhasf5mi9bfbtNLKR4ViOUT+bkg4jgTO8FAIH88f0zPdncaXh+2UMLA6vy5+fxQzBN3NxUrwSB2+P3Zo4a0GIHrZ3Mn/BjFRGBx7r7ebHBVEMuXp87GUjSxEcy6DGj/kmes6oKQjcCq9BPADgJkV3df/S1jrYNRJPjMF+Y+jJ2LioVg8GPfk2dpAALaLz48aaxVaUUza/PJzJzvouKC8YIJiwUu6KtTZ6Q5dyiO7FZc+u3JemxFY3TzESmzKpbjToaunD4XW7EA9KS+OnlGfpeDdgK+I1xuHDBWMAhw/3r5ov4cYoFlMT1e6QZfNDLoVUVz+8VTvxBoOka6JFRubz1Zq2dDcEOwLFGKBcE0UmG4jCCwRrtgOj3hNxtbtQ7622eVbm48rLsnfL+8b0HNzZ6MFAzEEpxtUcYsEMb6m9d+TafT2Y2mImoourOacEwzJ+tJSLlNxTjBIG5RXVH+o5x/lkexH8QOvXayo6jYwrLdkqIJuDB7QrYS3icTMUowcEWFRw/qBzGK7AHb/v3ZRlOLgmoxGpOBS8B7EUuFy/xgfvIYfXFiQZubVLNBk12TUYL54/kT2tjZ9h/DFf3z7D9IJ+HYKNjPedkcPHM82/LgI9Z4uvM28ortzY0H9VYC3B9qTaZhTJaEgxmIBUTxY4XbCqgUI5hGJ7mdpcC/QVAQMKxe/TPLbf3+9BHpAi2OgA3ZwDQxazJGMDDJATi7dI9cw/a33VL9+ecfLvgHqFeXAheJGCMA2/xz8xnpAI1TuMUAE2szRggmbF3OT+sN+LB9tQAIK9FP0IqAVBUNekT9jhMOQG8s4Nm7Hd8dmoQRgkGWEIC0EnUPnajWa1oWAHUE0hCNag3ub70iHahWBmLRtV1dGCEYjJgLOH18mnTzdPdt/fEFJU7oF9UaIObQBUYJBrw0LI4ZumDgLraVQUa6O9CwXnu1NB0Zkc7YyB8fXE/Bq9qCVATYyVplGcM+TXJLQxfMtlusP4Y70l3+Rx0lAO5IN7OKAHf3XNKBP2FO+awYjmoKwxdM+cC6zEYwp0et5EYx4UytwcBa6kL9rDq32y9GdaujnnAWJ0ztyg9dMOoZ+kZxH1FsX1fqq6JaSJ0HeVNpR+jOGvth6ILBDMEABL+6Azz0hgKiyDjeKMVAXQcWv4H6WU2auz10weCsVOsOmBCmE2QyQcYBC6Oz3O6Pn1HGsujKwNC3CjguxWLSCEMjYhj1h34WQUZw5thBbeeeUsTrl79ePq8/nldqJ/2yHmHVu1+MEAyqpmrdQXfTTf3RsX0d1VO/N6XEL2oRrx/84RTK9zdtNQgjBANzvjB5EMvotAIAY2gxvzkAlqEf0aApGO5N6XIb6udCE9a0Ae/GpNXqCLMorMxnc/MNg64hmrs9ChNpPzrTGLAdcFxTbwogJlKbsLqslk6MEQwyjNNTB7EGZjnq5tL8R357IABW4j9r//MtRrsaULBKRGHjQcPsRWzr0sIp0oUqRBOtCzBsiKZLNx89rPd+ohmiWfVH9oUn8wPEC7AYKSWrKrbIrJDZXVr4KJIhmojnTJ1/ZeAg8FcN2ceXJ89GEvg1m7baDTiYn858oHWQNgLdwqODa7PyIPAe+e3xWn3gddQrHbRazyUMLAqGHbQb+3sUwuOMsZ+veJpJb4RdE8SSj3wi2/4yrP5SrMpENlSKUfyLYt/YD+IidcKe6fPGjZ2MH56rg3b/lyMyVRZALLekJVXHGUc1B0snxs6txln9+QcL9ef4YW89Xo+kgThomokFcYvpYgFGr96AeEGd1rEvmrVYi8afrCfdkCoWfEdTg9wwsVxQKK4LDDZbyJEXFIoIZDN/ynR7r2HJshn/xzZ/yTJPiv5FQ9EP6TnmRfGSZRHSbPUm060NrAqq1uHpuZfmT8UiZgkDwUD2sZE5RHP31WZDzwVgkNGF2XljuruoDt97/fehKvH85BR9ceJkXLO9LQgGJcYcxYxWldqo1nHpllZCietCjiFWrbJbvi19UiyvygZrg2sMqLFBwCCvMNLuyikQCsbjIAuKfQ3JsgpWuVL+RQiK9YXOW7mpAIgH3XAd1zeCIJAaB9dfwgjBVhfEgFjPZ2divYhjAxCMW3G/94S4RiMAhIMz/b60OJ2aisG6dQhAu7n8DbYHoXSqAY2URQlhW9YPSU94q1I6NApgZB3WesGt0xVGtjVOaRnklVOGCbSSTNrJ1T3DlpTQAQ5ccPDU6xvBQnS6SFYngvgouP6SSfOGokRY4o4lhMiWK+5rGjP2u9IHV1rrdJHQVGJ/Cdbg+TiSTjkzvi+Ka2rNDBAhVjPpzDk/0pOqKRDDtGcFf3zBCBIrxDBtsC37hn+PP6IqfiWGaYPrundwX8+nOY5hWlKLX/CwXq2SRZkbxDBNsGSFN3hcF4xFLBimOZ7l/Rw8bijxynrMbVmXiWUjkokIxR2BUANFsJVhGpDZ0bL6vMHC1Kq+CH7jfTVuRhuyupuTMcxa8LzBwsh/2JLB73ViGPKtyXVVLLXXGpH59qJH4jYxY0/YuoBDg0Acx5FVX1EgZqxpZl1qrx+mWCzmrIT9kJixpZl1AU2HmU1MTKxidBUxY0kr61L7t+ZwxjSmyLpL2knnWwmm5dxqP2Mia5mYsQJ1l1ZiAR0H85bc0k35tjwxo4/sGWVSzpW2b6EO1AJgpNnsmkabLRnoLrazLqDjch9+AMyuaQwQy53EArqeXzJK85eYRpAROynn227e27VgkDVJ0dyM67RapgWhbnQnul6BClmTV/X+JR+uEjMa1FLoXv5Lz1MeOQgeGboKcsP0vMZdLQjOY4fExBXU2PK9igUceVK17Gpf9PablGxp4oUvFtlkvkNHoK9Z+Cya2NGXWEDfyzbUYhpZDeYpKkbToUfULX2v04uYRlQ9lJNXiTESaRVWdIgFaFnYGaLJOOlzPCTCPGpFuSs6xOJvjzSCaqH0kagGcwY1fOQxENdwTFBDI01EsvTUflxj/cRd7iEhu87pZGpJl1VRieRaA/suKnPFtq0l4thmkPhWJaPRBYWJxMKowNrYCfs72YNaIiYyEKukkql/63Q/zYhcMAEsnIiI0P003R0NGBaOFvwJh65wf55ypga6GNTABRMA4SRSicueJ5aJi35dgXqK/HPDSTo/Ru162nyG4VOsFPO2sL+WVidPLJ4wmPJzo0rVXydSEwUaMkYIRmXH3Vl0bOeiJ8RVEv5grRyNF6tYpBLrDmIpOWScZBDGCSYMRvqV9kqLlrAu2pad84IRf0LkaL/pGbfGJ1zJFlyKFAWGiqxihW3LttachFMYlqvplv8DSakWIDu8+QsAAAAASUVORK5CYII=', '안과', NULL),
	(5, 'data:image/png;base64,iVBORw0KGgoAAAANSUhEUgAAAIwAAACMCAYAAACuwEE+AAAACXBIWXMAABYlAAAWJQFJUiTwAAAAAXNSR0IArs4c6QAAAARnQU1BAACxjwv8YQUAABGzSURBVHgB7Z3PchNXFsZvt6SWbBxssAl2ACPCVCULKAyLYTGpwiwya+YJ4nmCkCcI8wRJniDkCYYsZpUFnqrJIlnEpsiCVIUgO4AN2GCDbUktq3vu1+orX7W71S2rW7q3+/6qjGW59Qf3p3POPefc0xoRHNu2J5rN5o19a7+sa3rZsqyypmllm5AJcvAlE1utL7uCH+j/admyrUpOyy3n8/kH9P+2RQRGI4JBBXK+3qjf0og2R0UxT+8qkyxhO0JapkK6h++GYTwgAiGEYBqNxg2b2Lcs275FsiaQMKiAqNVZpAK6WygU/kuGzNAEA1djmubn9B3copZkjijCoeKhwrlDhbNIRbRChsDABUNFcoW+6gK1JgtEvvhDGOiJu2sUjDuDFs7ABFOtVstaTvuWvuQ8UcTGoIWTuGDgemiM8qVF7NtEkRiDEk6igqmZtc/pS9whyvUMBjfGoSur70hCJCIY5X6Gjb1YLBQXkrA2OokZWBUtpy8psQwTbb7eMJdrNVj4mJ+ZxISKVUTF/rpklL4gMRGLYOCC9Jz+b5VPERQa2xSN4nwcLqpvwbTiFf0+URlasYlJNH0JBkk46oIWiVoFycKWTuObfupTRxaMEou09CWaIwlGiUV6jiyangXjxix02azEIjlbxYIx12tM01MehgtwlVjkZ6Ju1hfRf9TLg3qyMDWz/oSo1VCq0NCkVTBuRu30i2xhaNzyFVFiSR3IndUb9S+jHh/JwrhFxK+JIr1Y9u1SqfRN2GGhglFBbmaIFASHuqRW1VmJJQNMUNd0N+ygroIx983PVNU5S2jzYRXuQJekakSZBa7pQtCqKdDC0OozIucyUWSNiW6rJl8L41qXJ0SRWaiVKfsFwL4WxrUuigwTFAAfsjDKuigYtEA55y1QHrIwyroo2mhk4fBdHMq6KDwcWjF1WJhcIXeDKBQHTNBcXEdepsPCZK0a3bAsslHdJXsN07ld0HUyWjDIeLFERvMFonBYLhnFq+yHtmAwcqNpW4skA2xU98hvb14534OYGhkl594bJ7PvqapITtPn2aiRPLvTsq0FknL2Gg2y9Op5V6EwcIwjrNcb5G9nzmfa4mB2D/3mCKZtYdLsjuBuHm9tkj+2Xzu3eSCESWpNnOOaTbK33yBvzfqh54C1+fjkqawKp0Ld0gXccARjmuacRewlkkLWdt+RXzdeOELgmR4dIxcnTlLXc+zQYxDTPKKW5c+d7Y77IZaPTk5l0k2xzG9LMLQqbVn2XZIiguKUPA1sr73/AZk59l7oc3QTzlX6HFOuZcoG9u2SUfrGiWHs1my5VACX8+j1S+p+3vj+/pMPZukqaIREASuma6dbwnj0ZoNUXSsFa/Xj85VMuSkMqWx9J+mJXxCn/EZPrDdOYXx0Yso5wUfl0etX5DGNg/Y9z9/v80qCE8domLpQb5hviMTA7SBO2TZrHffD/bCTO0KtwN/P/4X0S5bjGxrHnNBkzr/Akvzy4hlZ39vpuB/iuPb+DFl9u90+sZcmTztBblxs12vkp/WnbTfFmKax0eWp06l0U5pObuWbdnNOwPnOocCqLL183rH6gUW5OH7SEUZBzzlWh4HsbZzg+WCxVt9udcQ363RVtknfG9xUnAIVAduyy3lnHLttE5lArPLr5suO+xCA4pMNoTB2OTGNF4skCWaPTzhBMWIbFmg3rCZ9fy+c72mKbaCVPM3wSmVhEHgisGUw9+OXT+GDU15IcYPV1OWpace6/e/5atvasPeZFtHgOg+xz7hLErYKYhw3SuSTM7O+YgF8HOFN3CUBhHPz3AUnKcjA+4XIU4GmQTBamUgA6kC8G2JiGc0bgY8Z4QSDIHUQwJJdnzlHPhw/0b4Ponm89ZqkgAlYGCnWgUiUMSAEiCXMzfCZ2NV322SQwEWdGxtv/wzRDMLKJYwcgoFJZ39srISiiAXwgsHqZdAn7PKp020rhwB46cVzIjkTwscwcEV83NLKcRiRHovYZrJ0IJpBnzCIGgE5Y6O2F6m1QmSEFwwfMOLT2msm9WOafWXghD3cWCeDBKLtiGckD4CFFgzM+Nreu/bPqDL3Ck4YkmgM5Ep+Wns6UPeEZTVcKZDdyggtmLWddx21oKO2E+CE8Z/ydSrCH1Z+H9hyF65pZvSgnQI9OrIitmB2D2pESIr1A1YtvKUBiI0gnNV3yV+Xc/b4wYrpzwGv2OJEaMFs1Hbbt+NoVoKl+XT2Ykd+Bq5p6eWas2xP0k3BNTK3BFcr6xJbWMEg0cbcEUx6XMVDZGNRNLx6aqZDOIgrYG1+8RQ042SqdIx7vV0iI8IKZm/fbN8eN+IvHEI4fhU0uIsfn60k4qb4Auh2vU5kJE8EBfkXxkghvt4SWC5Ukr0rleNUlGy3AHNT2GLy1+lzsVW6+doW3JKMCCsYvs0yjmakoF5fxBUfnzjl9K54e1sgnMWnf8TWu1vIHRj0akPOGEZYwcRJUK/vh3TlhcQeKzOgtwVf3t5duCl89du7m2SLxaBItWCCtpqgXHDt9ExgiQGimKVWxdu7C9E5wsno3iQgrGD66WVB/IMSQFCvb1D/TMfru1tM4Kr43l0W3yBH1GvvblJx2SARVjC8v/fuBggiaEust9e3F7r17uKrl/iGF76sTeLCCoa3AtXGfujxfk3hAN1vaDOIWuEOwq93F8BFOU3fEdwU6kiMuJvSB4W4FoZaAnwKIQAsQSEIv2xv0EQGxCkIaKO4n6jwvbsPN146NSnnPURchvNdf0k1pSeN0EHv9LGx9qcZBTteMFGWyUkB4VyfOdvTMhyZXb6Q2q/FGxZCCwYb5pkgYPrZEjjqMjlp+GU43+TltwzHpjqGzJv4tZpZF3pT0n+e/Nb+ZOKTi0+zn/u5PPV+5E32SdBtCy1aK/gG9k/PX5TWwggvGO+nl6eXZfKgCNpCy5ii4sZEK1kRvkUTsQhrC/ByzZnRIo5YAFuGe6vhjEs0dyMzwgsG8cjlSfn+yIhtrk+f7bgPMZasy2mGFKUB/PFH3cwoViWbIT2xWL2gd8EvL9Iadrjbes4IyTME2IVczve58DpY8uO5/AJt/j5H+JJbFyBNLantegLiGcba7lual1lzbiMvwkaLsSwwi4fQj4KlcTcgCBasru3suAnAghOnYCcjC3D39vdDxVDQpdqVHEjqio/8p5qNFvM9LtfbCUSSbn1F3ubtuEiH7Dm820r8YFngMOBqwp6L5X78gChZwJ6WAUOpbG/g2xNQv2FLXAgF3fu9tCbguZyhiPS5Nt1aEESA5XHQ2FYG3CBcFeImJCHhBhGLyeyeUtsPw9oT4gCi+ORM+PIdAlnbeeu0VSCw5jPR/NYSrJTQEnpxfFK6mlImOu6SptukcT8QNOMLIoL1ujQ5LY1wlGD6JKitAsB1IXZhgTiW4N6x9Hg8CpYoH8D9id7GqQTTB36z9loDA8a75nngrvgJnwBF1vXdHeEvhKEEc0S8Na5e2ioQE+ELqyu+YOmkAZ6tCC0a6cL1gnZgsoe1t8dv1h5m2/Xag8MC80tc6YOJRtR9S/IJhku4DeOP6h1wFGXWXhgQ2vzZC+2cDUTzy4s1IiLSCYbfNjuM7aYPN9fbK6Gos/aigKU2X2RFZlnEOTLSCWaU257xdkCTMRmoLa1zI0iiiKV1Xcm9SOJGoCz6tCrpgl4+s7pNl6hwS91OGvIdcCGTbmaWB+7l0ZvWSfFOEfdjlVvVoPsvzA3htVHLYhYJYkATeTewtMbET3QZsmlVIrV0yhfDuLsJAMQS9slFjsS5Ktvmi0Ozeh9vb7b7b/meWz8gLr6tIkotCq/NJ/KwdA5zM/j/8cOTRJvvK2VRA7sJGGHjv/J8T4qnQl3o8jsv/DwX1JGiBLnbbpKu8rru+zxB8FeL26yJFcdImYcJ2k3gh3MZHDcF7z3J7a0gAc1WPPz4tOkIl/8DcIM44eWTB4F6lJZSdt1sticLllGUTj0pLQw/fxd/0G5mG7mOVsXZ/0Q5W0UiVK+r/ICjiCcPYuX7etEqETUemeSOi7pVeBBIm+lF+p2Za1ibo+yb7oWOeTURN9Kz8WhwQxBZL++Pb4FoNMMLmoNC2sYMWAZ+LHvSI1T72UgP69armPnjRcr6QjDJzxxNCH4se5QVSD8M+lI6grIFlwTBSDkdh8UyzDVhGTuIwl2jST/xntfge2LgihCv+F0bG8c9fLXuZHK7HcenC0bFmSWzpWsSWxgAK8PXYH5ee5qICUfNiOEXhGIwANvvjVXNz+tPfS0exILqNH+c37Wc+CBbmG21mlbR6ZKyQiTGmaTAbRjDyfzx2WrsopkaOdi37ScEVjKovK6RPdNyjzucc2HXTsBxQc+HJOE212glUjcetTBahUgOXBPfIsBEE2eswS+lIQ6vIJmVK5+kORTD3Sng40oMN5jFcQxv0tCbJBSlC4++y2Xdsq0KSQFYVvNbQlqiWYktEA7L/XhLBUEX0/jQc80Ev0v68O0T57hrFAwbaCWf1/OVfUmHDHths1jYH5xtZItrzm633M/MseNk/qzhlCqQQwnaPtvamjLqZJ9H83nnOB7+6nNHuT5Uktia/UCzbXui3jDfkBSB7bIYKVb15E6QPT2qcFji7v6ff7SfN+7RHYhdflj9vf3zVRrQiySYYsE44Yzbr5n1J/RbmaSIoAE/AJ9wDEvEAKJuqXosbTeqO+4+oz3f4UD9Dns+eL+NjiuqwLogSywMtl0pFUsXnNIAVc2iTcgCSRGsX9bZtcjNoQOtCQ4HsQ2EwAJUWBLkWfwCZtzHcifM7bWW0s3QPpdusOU1LxY0ZwnGMv5xBGMTe5n4XttDftgcOnTLIW7waxfAiYqyokLQiyUuEm2wCMx69bNFxDuvD6ut69NnhBtppmv6PXx3VFKtVstaTn9CMgBcFazLmntZYu/GMh4W96CP2C+IxbRx7xRPBNiIO7q5Oohj9e0b57G8UJ1LLH8wO9RZfUHsm42rY2Njy22zksY4JiqOhWm0MqsQBQYIYaUTJf8RNIMPj2/toS61K89MoH6ZXRx3fUY8y+Lgxi+42RaM2TC/smz7NlH0TLcAOww21j6OwDkpqEjuFo3iP93bLRqNxo2mbS0SxZFhwuFHjASBeGjm2FhgvkYkbM26OVIYWcTtjkiX5mOWaF5mjij6Bm4HlyFEcMwCWrYa67WZaqhw7gh4Ou5sRMJKMDEAUcg+MRPQ1dEd/ucOC+NmfRH8ZvPqUYpD0OxuWdO09qDAjjIp/cWWrml3iUJBWsEuLxb3vk5M05yziL1EFJnHa13AoSZwwzBo1tdeJIpM42dd3PsPk6XMr8IfP+sCfLeZjIyMVGgs8zVRZJIg6+L+zh+1YsooNO9Cs7rzQYIJ3MjmrJiIdocoMgXyLkFiAaE9DTWzdp8eNk8U6UfTFksF42bXQ0gIbgCMZbZyTelmiwa6c92sCwjdW+0EwMo1ZQD7TphYQOQ2O9X+kF6wIjYKxhdRjo0sGKyaqGju26o4mS481egwIo/7wKrJalr/oDcrRJEO3CV0Lw/pufNbBcGpIVKQ66XngUJuEDxPJJ/6kHGQY5vvVSzgyHtLaFX7itUqUipLIxeOWGiR+QE5An1tRlKikY6+xAL63r3mxjQ0G5zNLSrSEFIjikrfQxER09hNC+nkClEICbUKy3GIBcQyRROiKRnFC6olQjzcpNzNOMTiPB+JEWQLqY9ENlitoIYPPQf2bZwT5NBITCSyA78V12jfqir3kKBV52K+sBCXVeFJZLBzy0WVbuq6tkBUbDNIHKtSitEFeUnEwvDA2ug5/cu0zZ8RDcQqhXzhX3G6Hz8SFwxDCSchEnQ/vi9HBowSTiw4Gw5N2/xuzBhbJgNk4IJhQDi5Qu6GZdl3iEr6RQL5FPrPPSNvfJO06+nyHoZPtVGd1239M2p15okSjxds+bnXJM3v2ciNYSKEYHh2zJ05QzeuWLZ9i9hOs1aZZItKa0ilvWw37e+x4iQCIZxgvKDTr7Zfm9Ns7Yqu6WWLdfzZdpm0ip6yFT7hSrbgUqgo0CpSwYRtTddWjJyxOCxXE5X/AxfZDu896qk7AAAAAElFTkSuQmCC', '피부과', NULL),
	(6, 'data:image/png;base64,iVBORw0KGgoAAAANSUhEUgAAAIwAAACMCAYAAACuwEE+AAAACXBIWXMAABYlAAAWJQFJUiTwAAAAAXNSR0IArs4c6QAAAARnQU1BAACxjwv8YQUAAA0aSURBVHgB7Z3NdtpmGscfCSSw48Q0cZu6bRrSzDntYnridjFddBFnMbPOXEF9B02voJ4raHsFTa9g0vUsyiy6mC5q53QW6TmThHw0dr5xYhsQoHfev0BYCAECS4BePb9zMMgWxj7683y/LxrNOUKIQqvVuty0m0Vd04u2bRc1TSsKogId3ZJEpX0TZRzI/2nbFnY5o2W2s9nsTfm/VWiO0WjOkAI5X2/Ur2qkrUlRrMtvFSlNCEdI21JIN3BvmuZNmiPmQjCNRuOyIHHVFuIqpU0go5ACklanJAV03TCMf9OMmZlg4Gosy/pS/gVXpSVZI2Y0UjxSOJtSOCUpons0A6YuGCmSS/JVN6Q12aDkxR9zg7xw103D3Jy2cKYmmGq1WtQy2vfyJdeJiYxpCyd2wcD1yBjla5vENWJiY1rCiVUwNav2pXyJTWLXMx06MY7MrH6gmIhFMOx+Zo0o5YzcRhzWRqeIgVXRMvoWi2WWaOv1hrVdq8HCR/ybKSI4VplXxLd5M/8VRUQkgoEL0jP6P7meMqfI2CZn5tajcFHHFkw7XtF/Iq7QzjcRieZYgkERTrqgEnEWlBQquoxvjtOfmlgwLJbEcizRTCQYFkvimVg0YwumE7PItJnFknAqOcNcGzemGasO4wlwWSzJp1C36iXMH43zpLEsTM2q3yXOhpRCw5CWYV4JO+kX2sLIuOUbYrEoB2pn9Ub967Dnh7IwnSbit8Soiy2u5fP570adNlIwHOSmhlBB8EiX1O46s1hSQEG6puujThoqGKtpfcFd5zShrY/qcA90SdwjSi1wTRcGZU0DLYzsPiNyLhKTNgrDsqZAC9OxLneJSS3SyhSDAuBAC9OxLkyKGRQA91kYti6Mi2xQrvkblH0Whq0L00Wjjf5veWDrwvjoy5h6LEzGyFwmhjmiIGtxPXWZHgvD3WgmgO28mfvEPehaGGy5QSwWpp+1jjYcuoKxhb1BDBMA9u5xH+tH33R2e2KYPjobPTk4grEsCwvQisQwwRTdUc62hdHpEjHMELDvIO4dwQiPyWGYILBJJe47guE10cxw3BhXw64L9Yb1khhmBLLq+4bebDY5fmFCYbWsy3pLtNgdMaEQtijq2I6dGCYE0EpWVnjX5nAH+dho2jbtN+q0ZOQoqx9vx7Zn1UPaq1epIX+nIX/Xcm6BVhYWSVXwOQ9ZShmPD15TU9h00LDo3aVlmoRbL57Snb0XjlD8LGYN+vD0Cr1/UsGVOZoGwWhFUoR9q+4YS1iPQUAszn3AxR4FBPLL7gPHsgzisNmgrSc7dKfykv6y+p4jIIUowCYr8VaAWJ7XDum5vJgV6Sbi4Oc/7vWIBS7t3Mll+vCNFTonrdWCRxx7Vo1+2XlIilGAS1LOdu7Va859QcYUUQE3BBG4/PnMWbpYOB143u8vn7X/Dnk+jj86/SYpQiHyfXpnxZKZo2Uz3z2GaKKyNIeNRlcEABYlSCwA4oCYXO7svZSurEWqoIxgQCG/0CeaWrPZc05Ga//LmTEypGfVg+5juJ1RFgNict0TxLIjA21VUEowwC+arN5bMnj7xJJMf/P09uIShcXrii4unw71nPdPHmVge/U6qYKSaTVEk89mnaA0q2d6fobjcWMbb/psZMK9x5ZzR5kaXJoqKFuHyc84nV02j0T5ymOhkk7qCneTYHjinbDWwmuJUJspPbzr/J5T0l2iGrx64iQlERZMCAyfWwv7HMRJu4f7zrGb6qOOgyoxCnqo4SQt5VYi6EXRDim094Z+0az59Ow7TkEvCFgdpOqlB3edx0kh8RbGrfAOYlibICzeLGcca4NzIZqP3zzruDKk2LAw91/vUbUjEmRgW48f0efvjrVd7sxQLq2OA2/QipR8XCAcPG9l4YTjgv52/k9O8c/lmRQ8KsJJIPEWBhVe4DYVXZBSR2FdcCFdl4FiXFTjCxAOhPTf54+dY1SEkxDPKBH0uqKJEriQ357tdoNW4C3GRQEqwrdePnU65667mvd5GnZJAcCqlB7e6REL0uE4LIA3vXYzqXmG02ofsCpwD16QHiN4jQPvvEwSmpQsGB/IYLwgzkB89Mvu4NmWD2R/adJCnLcQOEm9Z9qwYHzgHf/KOkqj3dhiGEi7V84vTnTBvSWBSTKwacMxjI9P33pn7OFwiOp25QWNS1wZWJxoNasuiOkBAggTgMKdbD3dcR7Duvz1/MXQVuZ25blMqZ90jz95azURg+OpdklwNYuG0TeojYuOIttIFtoxD9yKa2UuFs44YjtsWD0l/0XPQBWyL6+bQwaWlFUGqbQwmG/57ekuPdhvB7ifv3N+YneAabyfH913HretiwhcfjIIiOWz1XeloExKAqmzMHhnbz151PPuxwjlpIKBJUL8gd7QOGkx4iRM76F4l4TsyCU1goFQfpdV1aCM54F0Kx+dXpn4wn0k+0JuLAMgBqTZXlfnCtTpK8nK9OrSyUQJxUUpwcAV7Oy/kh3gevfdjrI73IbfTbiZkFuWb1uZE9RotY+dW6tz75xjSwFk5YU+1RfzvH+q4MQy6DzDaii0rKQPJWIYXExkHYOWr/rB4NLHK2edINW7fCQMEMv6uQuJtA5RkHgLg9QWVdi9EXOz7oSbN2bA49tSZOMsm4VrgTVScu10CBIvGL9YzuQxL7vUFQVma7GrQtAaZ2fASdY/br145gjB7DwHQSzmb41MxjkHjxHneOOQtJJowdx/VQm1fHUYqydOObdRYMiJBZPw1kDY5atR0GwdpcyGnt6OSmL/c2Q+3j5M3JnJgbdqayi1hcdYJFYw3l5P3E27Xx8/6gmMOYZJIN70Oa5Ne/Aavz7+o2fyzju8nUYSK5ie1YgxrevBBkLeoBpiUbkoF4bEuiTvsNHuwT5FjX8DIRZLm8QKBmV8t7w/6QDTMB54RjVZLEckOj/07tWC9T1RLQabdgaWJBJduMOFRPfZnYtFXQaWAS0AWCBkM0iBx62beDMw7+ZEjAKtAZT2/yPbA+7gtrvI3VvUc5uNYdNhbwbm3RiIUWAIfNEw6cq5D5w4Y2FAeg2r8+vjHWKOjzLzMHBPuO0cvJJuquq4FQTDruXZPXztHI9bdGtMsAG0yig3cedvJv7r3v+6AWz7MwFGCyZpqxGnifJdtFO+bViZ46G8YBaNIyMaVjBeq5LmvlEQygvGmxY/8K2bHoR3MT5nSb1AMBVSGEznuxVhxDKjKsLe5atA5c8/moCK8oKBSwlbEcYguX8oKykLzKZEJavJL6ovfWyn26+7KbZbET4jrQcyIliU3YPXPSl0XBsIJRpNK2dJozKl4HOrP3v7vb6K8OGAmAaD5J+tvkdMP9LCaGVB6i+vdivCGBy/JS1MNWCGxl2+ypYlGBm/bONDQstp+pBQrFLEDR3pdjXY/YDPfLgdG1IMtJLN6tlyM4XVTIiDBTIeQhM3NSFEod6wXhLDjCBnmG/omqYhrS4TwwxDiDK04lS0ZARTIoYZzja+OIKRWdI2McwQdE2/4dzji2iJH4lhhmBZ1k3cd/PpmlW/K++KxDB+ZPySz+Uv4GG3Wy2j3xvEMAHIYLfkPu4KRlZ8WTBMILZm/+A+7inxynrMlqzLKN9XYsbA446Ab4BKsJVhepDZ0ab3uMfCdKq+CH7TuYEb04es7hZlDHPPPe6xME4lT9OuE8OQY02ue8XS+V4vMt9es0lsEZN6/NYF9A2Bm6Ypq76iREyqCbIune/3U61Wi1pGv0tMagmyLiBwmcnCwkJZxjLfEpNKBlmXzs+C4Ywppci6S87MrQ8SzMCFbO3ZB22TmFSBussgsYCRw7w1q/aTPG2dGPWRPaO8YV4ZegqNoBMAI81m16Q2FRnorg2zLmDk2monAGbXlALE5iixgNDrS6yG9Y0txDVilAMZsWmYX4U5N7RgkDVJ0fwkSP1VkqnC140eRejtPpA12S3778QrDNShk0KP85SxlzxyEKwMoYJcP2NvKNQJgtdJ8W1CFAc1tvVxxQImXlQtu9qX7HaTki1NsnDEIpvMN2kCjrUKn0WTOI4lFnDsbRs6MY2sBvMSlblmRI8oLMfeFBExjWjZKCeXiZlLpFXYjkIsIJJdNCGavJm7wCMR80enKHclCrE4v48iBNVC6SNRDeYMavbIayCu4Zp0duiIhFi2nmrHNdr33OWeEbLrnMsaG1FZFS+xbOzcdlH5K7qubRDHNtPEsSr5CF2Qn1gsjBdYGz2jfy17UBvExAZiFSNr/CNK9xNE7IJxYeHERIzuJ/DlaMqwcCLBWXBoCeuHJXNpqptBTV0wLhBOxshctm2xSVz0CwXqKfLLDTNrfhe36xnyN8yeaqO6rgv9C2l11onF4wdLfm60qPXjgrFQohkzF4Lxsm/tr5m6eckW4mpnS/sipYsyNqnEvoPYSg4ZJ80RcycYP5j0qzVra5rQLumaXrTdiT8hitRueiat8QlXUoFLkaLAqEgZO2xrunbPzJilWbmasPwfvKa2CEePBZMAAAAASUVORK5CYII=', '정형외과', NULL),
	(7, 'data:image/png;base64,iVBORw0KGgoAAAANSUhEUgAAAIwAAACMCAYAAACuwEE+AAAACXBIWXMAABYlAAAWJQFJUiTwAAAAAXNSR0IArs4c6QAAAARnQU1BAACxjwv8YQUAABMbSURBVHgB7Z3LchNXGse/bl1tjO2AuZiLEcPUhAUUhkVYJFWYRWaqZsU8QfwGIU8AeYIkTxDyBEMWk6qZLHCqkkWywKZI1cBUwMIQzMUQ24AltSz1nH+3Tut0q6XullpSd+v8qmzLtm52//u7n9MKRRxd16drtdql3fpuQVXUQr1eLyiKUtCJpqn5ESc2zQ+9iG/Y37RS1+vFlJJaSafTd9jftkkRRqGIwQRyolKtXFFImWeiWGA/KtAooRtCWmFCuomv2Wz2DkWISAimWq1e0km/Utf1KzRqAvGCCYhZnSUmoBuZTOYHGjJDEwxcjaZpn7J3cIVZknmSeMPEw4RznQlniYnoEQ2BgQuGieQce9VFZk0WKX7xR2RgB+5GNpO9PmjhDEwwpVKpoKSUr9lLLpAkNAYtnL4LBq6HxSjX6qRfJUnfGJRw+iqYslb+lL3EdZKuZzA0YhyWWX1DfaIvgpHuZ9joS7lMbrEf1kalkIFVUVLqshTLMFEWKlVtpVyGhQ/5mSkkZKwSVfQv89n8ZxQSoQgGLkhNqf+U9ZSIwmKbXDa3EIaL6lkwZryi3iJZoY02IYmmJ8GgCMdc0BLJLCgubKosvumlP9W1YKRYYktPoulKMFIssadr0QQWTCNmYWmzFEvM2cxlsvNBY5pAdRghwJViiT/TFa2yhPmjIA8KZGHKWmWVZDaUKBQMaWWyl/1O+vm2MCxu+YKkWBIHameVauWa3/v7sjCNJuKXJEkudf1qPp//yutunoKRQe7I4CsI9nRJZtdZimUEmGau6YbXnToKRtvVPpFd51FCWfDqcLd1SbJHNLLANZ1slzW1tTCs+4zIuUCSUWO6U9bkamEa1mWVJCMLszIFtwDY1cI0rItkhGkXALdYGGldJBzWoJx3NihbLIy0LhILhRZbfyQgrYvEQUvGZLMwqUzqEkkkTaZZLc5Wl7FZmCR0ox9svqJMKkVze2VxOiRW8tncef6NZWGw5QbFXCxr25v066sXtPxinTZKOzRsqvU6JYD5hjYMLMHU9foixZwtrdy8XSnTMPnp6SP6bvU+3Xv9kuIO9u7ht9XmD43dnmLNeDpj3d7ZrdKw2Ci9syzc+s4bijuNjZ4MDMFomoYFaAWKORk1Zd3edrEwdzee0bcP/svinNfUT9a2t6zbU9k8JYACH+U0LYxK5ygBzIztsW5vaRUWQ9Ss73eqVXq49Ydx+/4fG321QK/KzfgpKcE39h3EV0MwumBy4sx4JkP78+PGbYhFPNOdv+tXbIHAm4txjLnImbFxSgLYpBJfG4JJzppo8QA93HptszKn981Ytx+/2bL9LizW3jZFempqHyUFHuOq2HWBEjTGcGp6H6VV09PiTBctCVwWtzIg7FgGbu+VkM7PTkxQgkAcM63u7u7GLn5Byorg9faLpy2xCALf0+8dsL5H3CKKZm7vlHX7Vci1GvF1Do/vZVlblpKEVtMuqTW9Fit3hLOYp6xwK98/+q1FOLAyf5p6z/oeQS4/mLMTe62fIzAOE1uwOzlFbu+d12fW3kR6w29X9LpeULEdO8UIBK84e0W4cMQz/OzMYZv74aKBBeIuCzFMWHGMM9id3WN/j1wsEDsqwOtv31LcgFZUVuGNXcB7cfYYfXhkziYIAFFAOPzsxf0Oj0/Yfo8Du9so2UM8Yu2mF/DcHDG4BhDJ0pOHNivoZoGiDq7zEPoed4MCAexHR0/QB4ePGmc0BwcFvSS4KZzJF2eP0/GJ5sH59dVz6/ZUNkdhgMouFwMEKGZqaIbCsvC+Eqzb+YOzLRYoFihKIc0+FyjGzO6ZND5gOe6xs7zUOHBwUwhq32dn+9kDh4wSPSyL2BCczIVThb0nWJfDeyaMYBevc/flM3ospNkQ9kUm8KncGMWU6TQlZJHa3OS0cWbfe71hHSRubTb27hjZEa/0csIoqsG6iNkW3BEan788e2JzQZOsRXBx9mjcM6dppaxVdEoYO1WNfny6Zlmbdnx84lTPB/BH5m64YI4zUcLNIZ4RLdmfWAHv7MwhSgKxjWE6MZ7J0uXjJ22ptRPEGr2KxWldcBvzOM54JSliAWlKKBAEUmuI4t4fL63MiBNGwAt3J5JAF9RCIi2MCIp4l4+dtGVSAAe3l6k8se7iBC4IFi5pYgGRimGqVn0kfB0jrvl+7UHLzzF0hUzK7xgC3iNc0a8bz1sEA1FeYC5IHLNIGpERDM7Y5ZfrxgH84PAxlnqGO3i0/m6bZS6/t/09Fw4Otji5Z1Zlt402wrN3b9palfffmzGsWViFwKgSGcGg0IbaCcA/PezilpjNoPqL1xBrJCKwcPzAew1awap8dHQuke7HjcjEMKfZGcrjDPR3UMcIa/zAmc2gkHfh0BH6eO4Undl/sCW+gVWBUNqJRbz/HnZ7VMQCIhXDuNVPYOpP7ztAvXD7+VPLmqBWcuHgkZb7wCWuoTpctgfCSI0xl4siHz64q/xu9X/Wff5+8i+Jd0WcSKXVqJ98xJqKomjMIljNSJG7AV1i0fU4G4McVIrxYTxGEOy4w/pwkJbz8YitSiUxo5heRC6t5kU3scuMkv7S49WuBreXXz61bsO6+HEf44abybQVC9gvCGT9XThLSZDm32XZFzruZsMy/BHSXolkHQbmHV1msVKLRWo//f4okGjgijYcfZ6wEC3Kdo+L5visDD4wh8xrRGEJMUwiXbiDG0IMw8E/EqLxKrjh9/jni64IzxNmcCrWWjbKO11bAzQqMSvj/JsQO0XRzcWi+YiA9O6r57byvlswjH/6fdYGcP7zwwic3fiRiZcHybCGQeMsbllEqwm3ic46gusoBtKx6Va7ZVA4SBACgk43oYAz+w8ZBbV+gHT9J/aeOB8eORHIKojZW1yqxJEUDASwVSkZWUipUQ+p1mqNGVx7ExFFNrddEjC+eeHQrC83JFZz8Ro4s6dyOWMwy6tNIVoZPO7MzEFfbQbEJ6g1ccIYtRgEkREMrANmcVF+72WbDAjldKPE7weMUDrnVzjIktBI7GShuqkd4e9EL4q/ZrvaUBQZumDc/Hg3dGPSsYpAHN5uh1d84iYaFPs+mD1m31GC/a3YEODZzlvb+3ZrLSAYXmu0SnACRCWeGXrhDmebUyzIENBHQnHMdA95Y1cpERwkM8g1DzgC4iANS25ZODhwc0adJmO8HxwsLgDUgXBA21kaXnBEDYWLgZcBzjPLgfeF1zOX7tZtr8nFgp9DJEYbg7k4MR7De+pXHBaUCFgY8+xE7IC1yGYJ3r+V+A8rcvED6zcbwmuJhUCsKkB/yXkWwxrwOWD8DnGG15nu12qB2fG9tFMz47NOFhaN2KjsAhH7mV4+FgH8HlTxMTjL/3riz23ve+vxQ9putAD8ZlywFD+zgLbUg5vlPawg8dggiP2IJvo/fHkJLAc63F5WRtzajO+wAJcgug24gTMzhww3hTld5+M6ARcU9OqrEMi4sT3IHsMVY0lvFOswiZjpxWgEtxhwIV6DTGIckUmZabNzDRFcBNLe43uDr1CEKxNdzPkDs8ZXcd2U+LuZ8T0d+1ZRIhEzvbAy4iyNVw9GrK0gc3F2tEX4UJf5OO8z3rRSzfVPcGO8Ew7Xh+9FEO/0YyS1XyRmCFzcxgOFv06I+85BEKKrKb6u0Of/fuL+uFznlQYQHndfwK2Gg+8Xjp1sPoZZnH7vuRcmiRGMeDBx4DqB+EDcdEg8YIV9Obr2t2Mtj3HbkcEJ6kni/dt1xxHjiJaGz/zEgcQIRnQXux7/fOemQ84pOze8imfO7T5QX+l0f1iafu6G1S8Svy6pHThg4uhEJ3A/rzqIc7sPP30h5557cSAxKx/Fnb/TPtNRpN/ITtyyF/N5VKPH4+WKxO0+zIqxvyIbXBNeY7cxdM4bn1EmMYLZKJWs20FGDHgGI+7ezZ/Db8FMFGuQ14Y4sOqAzwYj9prKScEMhNKuZt3uZhEcxNFtRXXH0XQMQlrokcXhYhaRFAyfZ91m6S7OwklW+TQqoMYUWmvYBVMubnA46NFGt0KgX2ZY4Is1U0alNxP98zdy79CteQfx8J9BDKi+iktabS4hH6/lHoijUBLAyRCHAapICcZPpxfWh8ca4pJWjjE9xwSGf75XoS0sRKtXrQV3K5jsiwuREYxzPgU1ilPT7xkHAO4GQem2Y1/dqmPPOoCqLR99xIHEmYu9WpDp9MtViaKNSwGuWyIhGGQHolgwn4K1z633M4emnCsI2mFuzWFaJHShg27tIWklEoKBK+KWAnUMDDO5gcm28d1dm1gQLGJEAakxFxQ+YGmcorI2SWS/xzZifmse5nOaFs55SR2QdKsiEgnBiKX5i4ePtT2QOEDLL5pLX53zsHyepHl/zRAOdt3GYjNxS9Zt1qD80KN8bwbbLz2bmSLoVMMNxnIfXh9EYuIOm/1gu1S4ik4Tbc51PEH2ZYF4HjC3JI4etJvWh7W7/fx327B2UPq1eG7YxGghW5W+X/vN+r7bOVdnJuY8sG6rGOD28FqYhMO1Djhwkc3HaXSbuTuxxYAU/zyLxeIyHOWH2AgmyByuF07R8FldxCq/PHvcsseu32UebstN8Di+QjMJxEYw4pZjYUzR/7z+2OZy4J7EjjGsylljpjfY60A0t56stgTcfFEcZnHibHFiI5h/rd63DgIm1nrdNBGZDZa5brtcM6nXawJgtkW8CIYT1IOw/w2e39nuMLb62HlnuLso7t4Qi+YjSv/iJWvC2GHT2IOGZWTOrVjD2JAZ7g0ZVrvBLLFa3Ymgi/sHAaQd6UuDIQgVF63jaiFhgDiFx0QiYe2IOSu8T7girA7YH7DPFcH6ziYsDAQT2dLnXccGymHsIoWze9nlepEAly4OY1mqGCRD9EY85FJcxHsQ4x3EN8YQ1uRUFGs5m2mFfYpyEIMG4rMdc9kIgt1ezn5YlXuvX7RcBkcE2VMYgamYfoszxohN5vAxGcP2hKIU06RQkSJ83Wre/jevdNbdgJNzVaMbOKv56kksou+15ySuXEhHfOwyCMzCKEWdop0o9dL+R/C53LicnwifpQW46OjZmYNWOsx7TrBEqKF0Ixzb1q2ZZBTuWMC7gouEFimh8IBZFAsCT1xgVFz4hkzE2O7VcdUTZGfN60cGC0A3yvb54CQArahpNV2khHL7pb1RCaHgwqJO18bFwPd5ES8qClDQQ/DtFzyfuFX9oAa5+o2u6HfUVCr1AyUQ50FDuiwKRcxAEOjyhWQQDb8OgbhuCaLxe32l9bfNtd2TTCxJuRZBPp1fURVFQVpdpIThnPN1HjSIZ1K4Khsqs+LqQwgHAbdobfxutCy6L76dSOzR9SK0YtSkWWq9RCMIKr1izOK2xnl2olmA81qzzTk1vd8o1OFKKQma7lvBJ0MwLEtaoYRhK5y12QmKX9eAWxqIBYU7230EyxRkCQnqLBBOUlAV9abxFZ/0mv4tJQy+DBWkOxxoCEt0G85dpvA8aHbCYsRla9R+oGnaHXw1mo9jY2NF1rUuspsFShBIkxF3oHLbCxBN2JcUjBUsfpmYmGi6JOOGotykhAGXA7fglaWIVmVULpQVBBbsLvHblmBYxTdxgvGLKJJRuVBWEOpK/Rt+27bZY6WqLeu6Htm+Uj/BCCj+G3LNkgPmjvK5vLXHmmOASoeVGUnBxLJ7PABYdnRd/N5mYZh1mWZWZpUiPB8jGSy5TLbAYhhr8z5bvmlU8hTlBkkkZFiTG6JYGj+zw/Lt+TrpyyQZeZzWBbRUtLLZLMu39SWSjDRu1qXx81ZKpVJBSamrJBlZ3KwLcK2Zo/LLYpkvSTKStLMujd+5IzOmEYXVXXLZ3EI7wbTtypmzD8p1kowUqLu0EwvwvKxPWSvfYndbIEnyYT2jfCZ7ueNdyINGAIw0W7qmZLPJAt35TtYFeE4EGQGwdE0jgH7dSyzA95XmtKr2RV3Xr5IkcSAjzmayn/m5r2/BIGtiormlj2hzMrE4utFe+B5SRdZUr9X/QQlcYTCyNFLoIA8JevFTGQQnB19BrpPAF9hqBMELFPF9ZSQdQY1tIahYQGALw2Fd7XN1s0kpLU28MMTCmsx3qAu6FgyQookdPYkF9CQY0IhpWDU4WUtUEodHj8gvPV8kFDGNXqujnFwkSSRhVmElDLGAUK4qC9Hks7mTciQiejSKcpfDEIvxfBQiqBYyH4lqsMyghg87BvpVHJPGDh2h0HMM44YZ1yhfyy73kGBd51w6sxiWVRHpy4XOTReVv6yqyiLJ2GaQGFYlH6ILctIXCyMCa6Om1GusB7VIkr6BWCWTznwepvtxo++C4Ujh9Ik+uh/Xl6MBI4UTCsaCQ03XvpnITgx0M6iBC4YD4aQyqUv1un6dZNHPF6insE83s+nsV/12PR3ew/ApVUsLqq5+wqzOAknxOMGSn5s1qn07lhlboiETCcGIvNXezmfV7Lm6rl9pbGlfoNGiiE0qse8gtpJDxkkRInKCcYJJv/JueV7RlXOqohbqfOJP1wtkNj3j1viEK9mES2GiwKhIETtsK6ryKJvKLg3L1fjl/+LE3SVYcA3jAAAAAElFTkSuQmCC', '신경외과', NULL),
	(8, 'data:image/png;base64,iVBORw0KGgoAAAANSUhEUgAAAIwAAACMCAYAAACuwEE+AAAACXBIWXMAABYlAAAWJQFJUiTwAAAAAXNSR0IArs4c6QAAAARnQU1BAACxjwv8YQUAABE3SURBVHgB7Z3NchNXGoa/bkktyRjbBAdsCEYOU5MshsKwSBakCrPILGbFXEF8ByFXEOYKklxByBUM2cxissCpmizCApsiC5hKgsAEGzBgA7asltSd8x7pyKdb3fqxW+7T0nmqjGUjyeB+9f2fTwYpjuu6E7Va7VLVqRZMwyw4jlMwDKPgEk3Q7keS2Kh/uEV8wf5Py47rFFNGajmdTt9h/7cNUhiDFIMJ5HS5Ur5ikDHHRDHPvlWgYcLlQlpmQrqBz5Zl3SGFUEIwlUrlkkvuFcd1r9CwCaQTTEDM6iwyAV3PZDI/UszEJhi4Gtu2P2f/givMksyRpjNMPEw415hwFpmIHlIMHLhgmEjOsZ+6wKzJAiUv/lAGduGuWxnr2kEL58AEUyqVCkbK+Jb9yHnSRMZBC6fvgoHrYTHKlw65V0nTNw5KOH0VzI698zn7EddIu56DoRHjsMzqO+oTfRGMdj9x4y5mM9mFflgbkyIGVsVImUtaLHFizJcr9vLODix8xM9MEaFjFVVxv85ZuS8oIiIRDFyQmTL/respisJim6yVnY/CRe1bMPV4xbxJukKrNhGJZl+CQRGOuaBF0llQUtgwWXyzn/7UngWjxZJY9iWaPQlGiyXx7Fk0PQumEbOwtFmLJeFsZDPWXK8xTU91GCnA1WJJPhNlu7yI+aNeHtSThdmxyw9IZ0MDhYEhrYx1udtJv64tDItbviItloEDtbNypfxlt/fvysI0mohfk2ZwcdyruVzum0536ygYHeQODV0FwR1dUr3rrMUyBEww13S9053aCsau2p/prvMwYcx36nCHuiTdIxpa4Jpmw7KmUAvDus+InAukGTYm2mVNgRamYV0ekGZoYVamEBQAB1qYhnXRDDFhAXCLhdHWRSNgDco5f4OyxcJo66JpYtBC67cktHXR+GjJmDwWJpVJXSKNZpcJVovz1GU8FkZ3ozUBLOes7HnxRdPCYOUGabFoWplraIOTFjcc11mghFNxHFovbdF2xea3wXg2xz9G0hnS7A3s7mGf+G6apktKsjt69HqDVt5uMrFsh94HgvngnUmaOaz7qHugyNzSLG5wwdi2PeeQu0QJAwJZevaEtquVrh8D4Vw8eVpbnB4Rld+6SzLpHDmUGOBu7j5f41bFz9HcCHdBGbMenm2Wd2h9Z5uqDRcFcS2uPKCLJ2b4/TTdgb2D7NM3XDBufbdcItiuVOinJw89ViXNxHFm/B06M/EOE0qq5TEVp8bc1ibde/WcCwdf31p7TPOnZgPvr2kFSyrrnyk58UuQWN5nQvmQxSb+C4/7wLpUarXm/WF1fnnxrHmfD45Msse+S5qu4HGMga0L5Yr9ihLADw9/9Yjl/LFpTxCLmGZ16w2tvNloZkntgMj+MftX0nQHi2OOpKvV6jlKAPdePg8VC0Ty++bLtllSEHBNd9fX6OzkFGk6Y9fsS+maW5tTcL+zB7iilTe7AS5cCcSC7y89fxIoFMQ14xarv2QyzYwILmrTLlNJEt7vm6+4Nbpw7ARp2uM6biHN17G7LqkML8Y1LnKeXXzEHY+Y2/ll/anH9UAkENL0oVGazB8KfT4I57eNl80sC2KczI/oGk0HoJU0q/Aqb2FWt942byPAhXu6/2rdcx9YnbAsyQ/S6QvHT1AmZXILA1ZYFqUF0x68z0OaEkCpajdvr759Q2vbuwKCxfl46iQTQZ56pW6pNnmqjVoNYhqdZrfBMCAYo0CKsyXFHLJYxliM8vH0eyx1dnh7QCaTSvGLLxfx/ODvLfYhinpwb1owbZmAhVHeDssXVabKLAJS7U5ANEdz+cBsSBbTrdXH9BEToG4bhDKB35bygsmHXMBue0gIchGrINBtez97h37642FPvakhYyIRMcx4NksvdsJrLGNWtqUvJCq8r1kaLUCK7WfLJw48Bpbm4skZ7Z4CSIRg1qQsSTA1cphlRUcaMUr7C4u0HPhTbVieIFcHS4NMTBf0WlFeMHINBkyNjNLZd4+zOMPq+jnCajKyizp1eJwX+n558ZR/DRd2ZuKojmd8RL46PmrQZRbgon48faonsYQBCyKPR6AGgzoOxiMEnWKeYUR5CyPHLhhhCEM0HkuiS80yKFEFhpVA/II0fJzFO/7pPAgRlV6AwuBPTx7x26gAn508TppdlBYMLvzuaEKqNbBlgvht4wVvPLbrTuM58BHUc4KIZFHAfaHFIOZm8DjtlnZRWjC4YAJYBhkIBe2BbsYY2jGZz7cEzRDmi4a40ODUgtlFacHgYgnyUkp8++mTlvFM0XiEsCZHDvGCHITArQR7HjF1538cgtsXpZJOo7skEWm1jF8sKOpdODYdmgnVXVldCLgPmo7IvG4/W22OOdQLdo+0aLpA+SxJgH6RP7PBeOblU7NtRxmCwP3/fvovvMMtELUXfpvFTgIUDTW7KG1h5CAX2dLa9pvm11HM44rHi1EJuKeM1LeC9dIWx4vSFgapcLrRHJQDYDFEFQV4nlOj482v5TkbkWprdlFaMDz+sFrPDkU9TonKcTpgBEIPVLWifAyDcUsZWJeoX/lBwuzHzxkElBfMzNiE59U/fegw9QO/MFHx1bSivGDw6pdF0q8imjz6MJnTA+FhJCatFmBwux9E0dAcBhInmH4BCyMm+47q2CWUZEzcocPcuL1ZLhNFEMagOIfZF5Giw9WhmKebje1JhIWRC3hrW28oCu4ysaB7jREGzPGKTrYWS3sSIxiRKYWNKfTK9MiumcJzYisEzllr2mPs2GW1z8k2wMUUpxSRxWCL1H7BWaZ7rLIrn7WWN1SJeRu0JdDxxlknfH+KpeDDmkUlRjDoMItJOHDxxOlICmtYoHjv5XrL2AMam3B/YUdOMKUnYp9hIjGCAfJoAy5UlBukYG0Q11R7GMgaxkWLiRIMGpD/ffhr86LiVR5lXwnWBnMy8hwxsqgz40doenSMn3WStz4IhsnaJEowYHXrNd1a+6P59V7HHPjKj82XLWs+/K7v09NnWop6eOzPa49bYp9hsDaJK9xNHxrzDD5hHEEMPnULLjiyIqTUS8yiyHGKPDwFyxFUAUbWhsGt95nlEeA58FwIzuVRjEEjkZXeoBmW28+edHWhkPVALBXPkNTur0EeKm/nYhA74WTk+XenPWe/kclhrWsUqb+KJLY1gNlcWTSwFrhQqyGFPb7bl736sUVTFssnvjleWSQvurjo6KZ/cmLG828RdZ1eLV8SSFwM4+fn1cee0U2AuKR+9DXPLp7dqOh6N2tCJPOnCi0uB1bqPw/+3/y6mxhJtBM61XUGgcSdGvAT1L2GQDq5BLihoPgEQkJsIoqEcHcQBESz+vY1/z4Kd+KgPqwaBshFMRFiles6eCx22AzKTuDEuiRcCLyi5SB1zGq/Cn5MOgwHa4PFiryZ6QMXVr6v6DfBneHnQjT4DJcDsYDNxlqRkYzF3eXfjnrHPiE8/57hJJIYl4QLDHEgRgmrwGJ3L17puA8WKcK91M9VW3yiDhblh0etG6tgbXD0ZKqxfbPeFqhxQQhLI1M/C3WCxymCIAuCug7Sb3lHDYCYcPA/iSgvmF62ewfVTGQggpvMhZQ6vMox4YcYCJ/D4hIgRIuND5+06W0Fbf2EsM8zS5S02EZZwUAo9189D41FxOJm/gZazH1Mjx7uqk2AVz3cCFxR0KJnGVGMw8UN6jcBcfISFg2H3uTCHcQGUSGTItel/7GCYNKLfUoKRu5My+AXLFZz9HrasR38LXJYhRcXPWg1mij9r29vBVobTOsJYYumKMSy9HyVfw+NTLEhQrY2cIWwmklyUUoJBr+8W2srLVYFF2yGCyU6kYQhutfY2xuUHsNS3F1/6ln/KgO3SK7hedcVf88LP0O2NrCMeFwSTlkqJZifV1c8FwKxwYXj07EMaOOiotckWzq5Q44mpHj/JUG9tjPLlyqK7Aku63JAV90fTyUl7VZGMLIJB6r8AtHsRAdbCAM1GlGD8VuKINoF4vL/OaqhsH6jTB0GW6QEKr3a0OxEUCtYefO62bNCuu7fAiEDcUEsiFvu8jfS8Pa65FlluMDbPb5/ZRwoUenF+OOmVKuYGRsnlYBojuZe8YAYFx1pvpzZQNyIsfzWButiKzXv0Jcc3MpFR4ACIfpXInPC7wVu8TVzb/LphjhRQjBijy6AaVbxUBkyH5FBISj3p8LC2shZEN+tJ6XichsDYvDXZsRjMCYBseH3IteeSuwxcbstJVySnBVN9ens9H6R54fbdbFhBT6dOdOy7p6vT6vV6oVAJio5i8J9/WMSsGL+QiXcVtwuCxYGbwMSa+XotS1vfFLzrYHl7Zq4aO3eKgfWBpmR3FrA/eU3KJX5sOGCIEpM+8miQH9M/v3EzAYszAbFjBy/qLxi45BkAYKaljJiwOqjqZOhb64huP9yvbEatuoRC2Zszk4e8zxnzDHMRtpgf8SZV3u6zYrvkxtj1k+Ie5u/6VdncSNgxgfvrLPHikwJ7knUnMQIhDz5V69BneAnJQRTvpUkB45hFNNkUJFcmqOYkFNNy1C70im/uuWVsN3A+0k+/MU/eRIQBUuITO5fqbCzxjTIKFKMhO3iVRGPYCIIPpFiX35vtsVlcWGw9oKcRYUNpB8kzP4tm47rFClGZAszjBsr+cCVVBjkq9Jyh1qyKBWsC7Rips10kWLEO2er9gCgvKWqVIkuvZXLCni7QlksAIJSoTblGu6ddCqV+rE6wOdoksamL4U+32bL+UGTS+eW04ZhbLAGZJF9XaCYwStN5aMZ25X+FM1QSrjvG/9BzQcjEdOqFDJdtwit8NYAS60XWWq9QDGD0nu793YcVGBBMESFoXRkTKh2I2ZRLKZbxh9cMC65y1w2MZDU8zpRZ3TImFSeujMN8wY+c5WUSqWCkTIfUEyI2dekgOAcdZVhyuqqduX86OjoctOssDgGgimQRuOHxS+5bG4WN5t5rGkYN0ijCYAFu4vidlMwrOKrBaMJxDGc78RtT6RbrthLruvG1lfSKIjkjoCvtOpqK6PxwLKja/LXHgvDrMsEszIIfvU7M2g42YxVYDFM8xC5x8KgkseC3+uk0RC3JtdlsTS+58W27TmH3CXSDD1+6wJa2sOWZbGqr7tImqEmyLo0vt9K3JVfTfwEWRcQOICSz+eLLJb5mjRDSZh1afxdMDpjGlJY3SVrZefDBBM64sYzJjKukWaoQN0lTCyg40zDjr1zk91tnjSDD+sZ5TLW5bZ3oQ40AmCk2do1DTYbLNCda2ddQMepax4Aa9c0BLjXOokFdD1mZ1fsrxzXvUqagQMZsZWxvujmvl0LBlkTE81Nl0h3swcJXze6E10fBELW5NScf7KbRdIMBo0UupeH9Dz5rYPggaGrINdPz0cNG0HwPCmwJkSzZ1Bjm+9VLGDPZ0tYV/ucU29SakuTLLhYWJP5Du2BfR1G0qJJHPsSC9j36bVGTMOqwfqIitJ06BF1y77XJSCmcWsOyslF0igJswrLUYgFRLJfA6LJWdlZPRKhHo2i3OUoxMKfjyIE1ULmI1EN1hlU/LBr4F7FNUENjSKiLyfw63GN8a3ucscE6zpn05mFqKyKTF9WPtVdVO6yaRoLpGObg4RblVyELshPXyyMDKyNmTK/VGH/zCCDWCWTzvwrSvcTRN8FI9DC6RN9dD+BP44OGC2cSOAHDm3X/m7UGl2mA+TABSOAcFKZ1CXHca+RLvp1Beop7I8bVtr6pt+up82/IX5KldK86ZqfMaszT1o8fnDk50aNat/nM/lFihklBCPz1n47Z5nWOcd1rzRW2hdouCjWl1S6y27N/R4ZJymEcoLxg0m/nerOnOEa50zDLDhi4s91C1Rveiat8QlXsgGXwkSBUZEiNmwbpvHQSlmLcbmabvkTHX/CDEKRJc0AAAAASUVORK5CYII=', '성형외과', NULL),
	(9, 'data:image/png;base64,iVBORw0KGgoAAAANSUhEUgAAAIwAAACMCAYAAACuwEE+AAAACXBIWXMAABYlAAAWJQFJUiTwAAAAAXNSR0IArs4c6QAAAARnQU1BAACxjwv8YQUAAA2VSURBVHgB7Z3PdtNWHsd/ki3ZCYGEfwMpbTDDoiymh8BmFuUcwmL2zBM08wSlT0DmCUqfoPAEQ9ezwCxmMwsIZ1i058wUA50EQgAnJHEi21LvV7bsa9mWJUtOrnTv55zEsuPISfTN7+/9XWskOI7jzDWbzZsNu1HSNb1k23ZJ07SSQzRH3Y80UW19OBXcYb/Tqu3YlZyWW83n88/Y71YlgdFIMJhALh7UD25rpC0yUSyxh0okE44rpFUmpIe4NU3zGQmEEIKp1+s3HXJu245zm2QTyCiYgJjVKTMB3TcM4zEdMUcmGLgay7K+ZT/BbWZJFkkxGiYeJpwVJpwyE9FLOgIOXTBMJFfZqy4za7JM6Ys/hIFduPumYa4ctnAOTTC1Wq2k5bQf2UsukSIxDls4ExcMXA+LUe7a5NwhxcQ4LOFMVDD71v637CVWSLmew6Ed47DM6gFNiIkIRrmfo8YpF4zC8iSsjU4JA6ui5fSnSixHibZ0ULdW9/dh4RM+MyWEilVExblXNIvfUUIkIhi4ID2n/0PVUwSFxTYFs7CUhIuKLZhWvKI/IlWhFZuERBNLMCjCMRdUJpUFpYWqzuKbOP2psQWjxJJaYolmLMEosaSesUUTWTDtmIWlzUosKadaMMzFqDFNpDoMF+AqsaSfuQProIz1R1G+KZKF2bcOXpDKhjKFhkVahnkr7Eq/0BaGxS3fkxJL5kDt7KB+cDfs80NZmHYT8R4psovt3CkWiz+MetpIwaggVxpCBcEjXVKr66zEIgFzzDXdH/WkQMFYDesb1XWWCW1pVId7qEtSPSJpgWu6NCxrGmphWPcZkXOJFLIxF5Q1DbQwbevyghTSwqxMaVAAPNDCtK2LQmKGBcB9FkZZF4UHa1Au+huUfRZGWRdFB42W+x/iUNZF4aMvY+qxMDkjd5MUii5zrBbXU5fpsTCqG60YwGrRLFzz7nQsDLbcICUWRT+LbW24dARjO/YyKRQDwN493rHefdDd7Umh6KO90ZOLKxjLsjCAViJJ2TrYp58/vKO9Rp0UAyl5SzlbFkanqyQx/37zG/3ycZPdvibFYLDvIG5dwTicyZENWBfPsjikGAY2qcRtWzDyzkTvNazOsanlSDEYL8bVsesCSRy/7NW7ccuJQpEUQ0EcM6c3Gg2p4xc+0J3OG5QkddvOVCBtNa2b+abTXBRwf+dDY6/e6BxPG8kJ5tWnKj3dWHePv/7sIp2Zmqa049hOScd27CQxdafZOTb0ZGKYzdpeRyyt+7uUBaAVnVV4pd4EqMbFMElYGMRETzfWOvenmJtbODFLWQDv85D4HndpI+kY5um7tc45IZYbFxbYeU3KBJoGwWglUiTCq+2q6448MiWWFnOwMNIOqfEpdVzrgnOhWuzx5ckzWRMLkFswdbsb8OZz8bwz34uCK7py6ixlkDmpYxheMHGqvLAur3e2OvevnDpDWUX6oDcJYF08zhSnaeF4do22EkxM/Nbly2y6og7KJbXJj1m044tyJwqFTFR0g5BbME27c2yMGfTymdHl2VOUdZRLigGsC58ZZTl28VCCicGr7W7sknVX5KEEE4P3+92qrgzWBUgtGL7ZyDchw+B3R8rCKAJZ3/3UOZZFLEAJZkze1+RzR0DVYcYAxbot66BzX1kYSXi+udE5jrIAfMuqdY7RCpCJPEkIFmdjaI1fPHV57mTo7+fXvMg2aSCVYCCU/1Xf069bH9xjj6hrV2R1RyDzgoEwMN2IrOb1p2qPUADEEnXtCs7noQSTEeA2hokEoHZy/Q/z7IIfoyhALI32+TBlkNSkQVrInGAglF8+vuuJM3hmzSKdPzbDYpZTY11sfrR21iyQbGRGMLAiP3/YYPHJx76vYb3uF8dnXfcR1aL4kX20NhOCaQ2OrfWNpZ5mKS+WS8YVCc8kR2vTQOoF85/NN31WhRcKsqLn7zfc4Hb+2HGKC58hzSoLkx68Wgofq/gDWV5MzzffJiKYRpMfrZWv7plKwSCO+Nfayx73cH56hq6f+6wTyD55u9az1vZ8AmIBu41kR2vTRuoEM0gs/lqKXyx/nD1FX505R0nQ4FJ02VJqkCrBwA35xXKNuSC+W+wXyziFuWEkOSmZVlIlGH//xy8WzAcFicXdWeHdmlt8g/gQtMKVhRUUX4NRghEciIEPcP90+lzfOhT/bLNfLOXffu2p+kI4+Hizu0NfX1iQ0sVEJRVhfqt62ysGVGr9nJ9uBbaIWfxWA65sUIsAbFn7LP3+QKNIYo4p7QhvYXCR+Q16glzIn+c/d12W311gGw5+/a2XesNqeUJE+j2qXZDEHFPaEf63RuGNv9hfnQ3OdgbFFq98g/JenQbCO91eAAXrMaz/pOgitGD8e67gYkfdcwVC4Nff+pcjzBa6DUQlmNEILRh+V4RxJwv5tSuYffYLDt1rj72IoyYyIrRg+EGxcfdc6amd5PqtE98P2mtapAhGWMH4A9VxRzn2RpTy+SC30bRJEYy4gpnAjk4yNguTRsi/INxIUKCqODqEFIx/7scLVFGT4V1VGPg0W72BVnyELNyt7+x0jk9z1uXJxv/dMj7ijr9cvByqlM8X2GoqC4qNkBZm2+LHOFpFNrgpiAVEGXHll2dusqxr3PFYEGe3h6wgqEvil0G2Cmvru9udx9AzCtsoxPNOc+Os/uIcb4GG9ZoUXYQTjL/Q5gljfa/rpuZnZigKQdVcXnijrA9f9JM1HhJOMMM2W46TNfHP3+YEqYiOcILhK7NT7ZhhVHl/FLPmVOeYd3ceYTMp3n3JbGGqJBCD5n7ibvGOYDXfLtrhXONebLivvM7HPOMH0CmlKpxgBpHEwqVjnBXZ8rmlKS77GdWANHtiHumC5KqupUAwvAviA9go8GOtfstgaOEDX769IF13W9MqOmlUIcFBR3np80t07ez82BMAQRe6N7UOFsxUT6YkX3c7r5FWcQR6T/hhAShEE2c0Nahuw4upPqJjPW3kQz83a7C/0ireJLRCAtHz335IFyRaLUbe3hS0ouf1fIUEgk+B+RbBJIkigijiyhqO5jzTc7ncYxIIPgXGxUvqovDnCTsZMAjeLW5ZchUBi/niqq5pGrKkCgkEv86WfwOIOARt08E3FRujXFJPA7JB0uA4FWjF/VdmqXWZBGL+WLdX9Ibbon1c/Auy/Kl5lB4RX7yD1ZLILa3ik/ubsyxplQRi4UR3/S6WJMQd/3j1qVtqwoIsv0uK2rHmi4Cy1GJ0TX/o3uKT03R+IoHwL0nAZkDj/if7x2y/ODE78PU8wrzOCQnjGMuynuHWFczU1FSFBItjMM7qmX5clPLrF5HSWPznY+sPzFR7BE0fRMmUpnvaDAeUeVj8MjMz43qhThWKRb8Pbce5Q4IwbZh05eRZev7+rXsfF/GfL//r7oaJi47AtafgxlwJRLJZ26E3ezt9bgxiuXFhYejr9RbvmJUJ2M5jWjKXxILdsnfcEQyr+DIfJY5gAIbj4SJ4l/L605b7AXCRPXcSZBXg3q6fmw9cFoGSv5dJ4VxBVWV+2ee2BC7J1uwH3nFHMIZhPD6oW6uO4yySQKB3tMCsypON9Z5JSACrEhSkRtl2NUo/iU+tvVpRZveWYe5oypwqe3d9UwMOImGhBAPgnm5cuOi+bd767o57uz1kIRSmDLBDNzKtKBcxahcar9GxSHVYpGwKhmVHK/z9HsGYefMHZmXgloR8izFYCt5atOogLQsTdwsx/vvDpNbYlROCQWCe5b1imOcp8/d7BINKnlW37osU/AaR5JtD8DFLmJFauEqsFW4F39m0Lqyge59p4qXvsV5Yvr1ok/OUJARTlbBal+dOk4KoYJilkYIB+9b+I/alJVJIC6xLwSz8bcDj/dRqtZKW01+QQloGWRcw0Fmj8ssKefdIISWDYhfua4Nh9Zg5ljHBysjzpswKt+7CXNHSMMEMTQdaax+0FVJIBeouw8QCNBqBCoAlgvWMioZ5K/ApNIJ2AIw0W7mmbFNlge5ikHUBIytUbgCsXJMEOCujxAJGWhgPVgH+Pi0VYEU0kBGbhvldmOeGFgyyJiaaR46AzUlFDFhWVCwUL4V9euiuGbImu2n/lQRbmaeIQTuFjvItoS2MhwqCM0OoINdP5L58OwheohTs+qAYCmpsS1HFAiJbGA/W1b7KutplUpYmbbhiMU3zGY3B2IIBSjSpI5ZYQCzBgHZMw6rBVCKFuIzoEYUl9tpCxDRO00Y5uUIKIWFWYTUJsYBEFqNCNEWzcEktiRCPdlHuVhJicc9HCYJqIfORqAarDOroqWLODNekvUNHIsSOYQbRimu0H1WX+4hgXedC3lhOyqrwTGQ+ouWiird0XVsmFdscJq5VKSbogvxMxMLwwNroOf0u60Etk2JiIFYx8sbfk3Q/g5i4YDyUcCbEBN3PwJejQ0YJJxGqzKLctxzrwYw5c6ibQR26YDwgnJyRu2nbzgqpol8oUE9hnx5ipHnSrifgZzh6avXaku7o3zCrs0RKPH4w8vOwSc2fpozuLgpHhRCC4dmxdhZN3bxqO85tctzFWiWSiwo2qcS+g9hKrr07mDAIJxg/WOm339hf1Bztqq7pJdtb8ec4JWo1PdPW+IQrqcKlMFFgqUgFO2xruvbSzJnlo3I1YfkdJ1YXahvtFesAAAAASUVORK5CYII=', '비뇨의학과', NULL),
	(10, 'data:image/png;base64,iVBORw0KGgoAAAANSUhEUgAAAIwAAACMCAYAAACuwEE+AAAACXBIWXMAABYlAAAWJQFJUiTwAAAAAXNSR0IArs4c6QAAAARnQU1BAACxjwv8YQUAAA99SURBVHgB7Z3PchNHHsd/M7JGsjG2CSZgdm1E2Co4JIXJYXNIqjCH7GUv7BPEbxDyBPE+QZInCHmCJYc95RCnanPYPcSmlgPULsGYDTZgwDbGkkb2zPZ3pJZb4xnNyJKslvr3qTKWZGk0Un/n97e7sUhzfN+f2N/fv77n7RVsyy54nlewLKvgE03QwU8/sVn98VdwR3ymZc/3VjJWZnloaOiu+GybpDEWaYYQyIVypXzTImtWiGJOPFQgk/ADIS0LId3Bb8dx7pJGaCGYSqVy3Sf/puf7N8k0gSQhBCSszqIQ0O1sNvsT9ZieCQauxnXdz8UZ3BSWZJaYZIR4hHAWhHAWhYgeUw84dsEIkVwV7zovrMk89V/8oQ1i4G47WWfhuIVzbIIpFosFK2N9K95yjpiOcdzC6bpg4HpEjPKlR/4tYrrGcQmnq4IpuaXPxVssELue46EW44jM6jvqEl0RDLufXuMv5rK5+W5YG5s6DKyKlbGXWCy9xJorV9zlUgkWvsNHpg7BsYqu+F/nnfwX1CE6Ihi4IDtj/43rKZoiYpuck5vrhItqWzDVeMX+kbhCqzcdEk1bgkERTrigReIsqF/YtEV8005/6siCYbH0LW2J5kiCYbH0PUcWTcuCqcUsIm1msfQ5m7msM9tqTNNSHUYJcFks/c9E2S0vYv5RKy9qycKU3PIj4mxooLAwSSvr3Eg70y+1hRFxy1fEYhk4UDsrV8pfpn1+KgtTayJ+Tczg4vm38vn8N0lPSxQMB7nGkCoITnRJ1a4zi8UAJoRrup30pKaCcffcz7jrbBLWXFKHO9YlcY/IWOCaLsZlTbEWRnSfETkXiDGNiWZZU6SFqVmXR8QYi7AyhagAONLC1KwLYzBxAfAhC8PWhZGIBuVsuEF5yMKwdWHqWDR/+CEFti5MiEMZU4OFyWQz14lhDpgQtbiGukyDheFuNBPBct7JXZN36hYGW24Qi4U5zGxNGwF1wXi+N08MEwH27pG37YMHg92eGOYQtY2eAgLBuK6LBWgFYphoCnIqZ9XC2HSVGKYJ2HcQvwPB+IrJYZgosEklftcEw2uimebIGNfCrgvlivuaGCYBUfU9Ze/t7XH8wqTC3Xev2/v+PrsjJhW+5xdsbMdODJMCaMUWFV62MEwq8P88dHyPO2aAsSwIxioQw6RjAhaGF6kxaZmwSm7ZJ03ZKO7SVrlIFc+j8Vw++BkZytIggc+2trNNu3sVytq2+IzDNDk8QroyRBoCoSw9fxp8iWEun5qkK++coX4HQnm4+ZJ+3XoV3FbBRXH5nUmaOamf8dfOwvx7Y118ic0Lz+NOnj7+3Yy4IjPULhDlVrlEuxU3GLiwSDF4uPJHso647QgLkKN2wfv8/Ntj2nJLTZ+n48WhlWB+efaUnuxs1e8PiYHCVYYBW32zRUVlMCfzI0I0LW2eFIDBWt1+Teu7O4FQwld3ElW3kadzI6M0NTp2JBf5z7UnwftLTovPAje0W6nQRmm34XNOnxynD989T7qgjWDuv3pBD15v1O9Pj47TB2fONliR8HPeP32WLk28k+r4cHMPXr8IfncSDDQGNa37WN3epKUXa/X7YSsCS3f/1UbDhfPe+Cn6YPIc6YAWMcza2zcNQogzxXis4u3XXRZeMzM23tQ14apdevE0ViiwEGNOLnA5gesJWQy4KFihwG2J28WQy8Jx8bP2dkcM6tlEi5P0OXEeH549L35n68/F5506MaZFMKyFYB6KwE+Cq7WZ38bf4J72xCBCPA83X8U+H2L5+enjQ3EJXMDUiaO5FFiAqkDeNLiVdXF/W4jqj+d+H7isKBDkynMZFu+b9DkhUvkeD4R1nTyCC+40Pa/0YlBfKlf/FZEdNAPW5NL4gRvC1YfBizpuWCwQ46cXLtEn4ou/NHH6SPEHLMDM2AR9NDVNn85cClxn/T338J6rkdld1SUeWJekzwlgaRDHBa8XsU3UcY+bngtmo/i2fvvcyMkgE0kCcctwbbBhZf61/j/6RaThEM5WuRw8jnhHfsH40j8+PxMEj2mOnxbpPiAc9Xzw3gDvj5gFwsWPDLDx3DQxDy4OZIQS9bvqFT13SepVkzZlxRf5iRDAP8TVLGOKJ8JN4ScKxBaTwyeoWwTCeXcqsC5J5wKxfCJKAmlB3PKyVLXAsJq9pucWJmsfnEIrKS4GCaJRXULsc1u0KjLQbYU074FU/Mb0xZbOBxZLJ3puYZANSBA0tvbaqktAPIBAOGgliGLYXmiw0waMcCVq5RUxTlIQrr720PmJ18OiwErAjR6l0KjGd3HB9HHSc8HAVSDGwCAjsMOgt5o+QjjhQYW/ly4i6bhxlVdYGgSq6yJlblZZhqtQ6yYfn7/QkRQYn2HLLdfv65BWa+CSMiIAPHArDyKu1KMAISJ9TnPc+6+eN4gFAh5SXCX+dr/p6w/+Nlmr2naCpecHBT5Yuk60QtpFiwlUSJPV9LHZ4MBSIPNQM6I41NQ1Li2FdVB7Vyim/fni5eAHtyV4TlQ8EbYulxPcF84Z54+fZlVnNcsLf5ZeokXhLnApp87QvZfPgvuyXqG6GRS98Hg4GIVfR7EsqqYirYzMMjAI4b7Mlls8eL54rvqeuI1Bla+HSMPpcFrrEteaiOpMh1sgEG4nywHtoM0UTQSFyCIk+MJ+qU1xQAf73svnkZkLqqE/PP6vCHqj/zMO9cpEqhu2MpX9g2MOZw+LLqntoFqX6bHojA3nhjpMlEXB+cD1QCT4fGhMhntqOnWstZrTi4wHfR0JBnjxya8NLgOuC/5cFRe4t/E80uWEYxm0ElTULA3Brep2MIDbSmwTvspV6xJXjIOo7m08izz/YcUqQiQ/PP5PQ7sBYsF3ohNaTaDC1Xxj+r2GOTGqVXlPxDoowknQ15HFO9lXUv8ugZVRi2q4Ly2HmqXhGD//tkrvi2Pg9gPRNVZ7P6q7CVoapeSWhrQc8hgo2qnCU6d0NPusuqDlqgG08q+dmWq4AnE7/AXKCqtkPaKnBFQrI4WlgvhJgowI7gPtBjVzCgsCbkYVU1ypf2334Jw+CmKtRiuFKRxqRoZjoY2ho1iAtstM0OC7omQpak9FRS35N2vOqQMezngQP6kZURj8TRVEELsopf8464L3kEXEoC8UUXjD41MnTjYcq5ttjHbRck5vFNlMe9pWM6aoaRG4jXrQQyGmrVrFGQOMaRDhAUS2lMa6pEUVug61lmZoLRj1ikRAii82nD6jniEZS2heqrEMrEy4XA8Xl8YV/KrM32lWH8Gxcb67tRgLQlOtCQhP7+jEnOFuovXKRwhGjT1QvlevRsQRsnYD1HkyUSTFMmmAQFuxLtNKFRvps5r+I81GvFQ/P3FuutRb4tDeJalWAQOFmguuWgy4mlWkdQ1wOzK7ibIySbQ6CQrHlxPYcc4QDdJsvGc45rp2dop0R/u11bAKyJhUwtMPWpljgmBanezUipVp1boAOXdHzfjCy1mQJV0T2Z7u1gX0xWJ8DHJ4OiTAF40MptU5JldS9IiiaNW6SNS5O6pwcP6YZYjz13HRWhRaL5WNQ16d7Syb/fujB/WUN81yFXV5CAb9Txf+QEdFutN+XPbbl9t94Itu98tWrUxcwU8Fy0jqr22zcyyzp37E2P1h4OYk6iSlODZKBxOw44qIJmCsYHCVy5I8XETSEg512qcOUyV7hdE7UDkp02l1tv6gbTfSKkYLxlWyI3X1Qhh1CoQOi8l6ibGCQb9IbQwmFe9Uy9LpBf39hLGCUQt26gSrOE4rc2F0WIHYK4wUTHjy08xY8mI4dWVDK8W+QcNIwWDit1riD3eQowg3Lle3t8hEjLUwklZS5JGGfhBbGGNQRYK5KGkHX3VjOs+K6yZGCibsXtZStAYQ6MZNCDcJY7MkdcCfpIhH1JjFVLEAc3tJJxt7SUluSZ393y9TEbqBsYJB9TZt1rP2drte5DPZHQGjWwNYESBpNsVhbWdHeU1yCj7IQDCbZCjqFIeNUnS2FATFDe4oucg3wGwaLRj0j9S2QJRbWtt5U3dHWMZi8tQGgmAsgwUDktySOtNuZtTw/ynIslZssmiFDKaZW0JFeF1xR1Ojo2Q6wsJYK2QwYbekdrHVrnQ/LDLrNiJ+WcZ/ErpChqMGsuqy1dUUmwWZBLRiD9lDK2Q4U6MnD23RHl7zbHLtReJb/l07k8n8RIYT3qK9umEhu6Mw+aH8sm1ZFrKkFTKc8P4xDfvMsTsS5sVfgVYCOyxS60UyHNRX4padsDsKWMY/wTfkk79MhgO39MHpw3vD6LTlaS+xLfsOflv4p1gsFqyM/YiYYKNFOT8GVsfUiVJh9tzKtdHR0WVLPlByyxBMgRgmjIhf8rn8Rdysd6tF9HuHGCYCEewuytt1wYiKLwuGicSzvO/kbUv9Q7niLvm+P0sMI1HcEQhNoPLZyjANiOxoQb3fYGGEdZkQVgbBr+F9fEaSyzoFEcPUt/pssDBBJc+ybhPDUGBNbqtiqT3WiOu6sx75S8QYT9i6gEOTwB3HEVVff5EYo4myLrXHD8OVXybKuoDIZSbDw8MrIpb5mhgjibMutb9FwxmToYi6S87JzcUJJnYhW3Xug7VAjFGg7hInFmBRAiW39KN42hwxg4/oGeWzzo2mT6EEagEw0mx2TYPNpgh0Z5tZF5C4tjoIgNk1GYC/kCQWkGhhJG7F/crz/VvEDBzIiJ2s80Wa56YWDLImIZoffSLuZg8SoW50Eqm3+0DW5O17fyFeYTA41FLoVl6S2sJIOAgeGFIFuWFa3lCoFgTPkeG7PvQ5qLHNtSoW0LKFkYiu9lWv2qRkS9NfBGIRTea7dASOLBjAouk72hILaEswoBbTiGowL1HRmoQeUVra3hQRMY2/76GcvEKMlgirsNwJsYCO7KIJ0eSd3EWeEqEftaLcjU6IJTgedRBUC4WPRDWYM6jeI8bAv4Uxqe3Q0RHajmGiqMY11rfc5e4RouucG8rOd8qqqHRlY+eqi8rfsG1rnji2OU4Cq5LvoAsK0xULowJrY2fsL0UPap6YroFYJTuU/Wsn3U8UXReMhIXTJbrofiLfjo4ZFk5HCBYcur773agzeqybQR27YCQQTiabue55/gJx0S8VqKeIf+44Q8433XY9Tc6h9xQrxTnbtz8TVmeOWDxhsOTnzj7tfz+cHV6kHqOFYFR23J1Zx3auer5/k/xgslaBzGIFm1Ri30F/3/8eGSdphHaCCYOZfqW90qzlW1dtyy54csaf7xeo2vTst8YnXMkmXIoQBaaKrGCHbcu2HjsZZ7FXriYt/wdAQXhuSfxEWgAAAABJRU5ErkJggg==', '산부인과', NULL),
	(11, 'data:image/png;base64,iVBORw0KGgoAAAANSUhEUgAAAIwAAACMCAYAAACuwEE+AAAACXBIWXMAABYlAAAWJQFJUiTwAAAAAXNSR0IArs4c6QAAAARnQU1BAACxjwv8YQUAABIJSURBVHgB7Z3NchNXGoa/bklt2Rjb/AVMgjFhqpLFpDBsWCRVmEVmzVxBfAchVxDmCpJcQcgVDNnMJguUqmQxWWBToWqgKoCxCTbEgG1sS2rZ6jlvS0f+1Opudeu3j3SeKseS0lIL96vv/xwZlHAcx5k6ODi4tl/enzUNc7ZcLs8ahjHrEE3R4Y9KbFZ+nGXcEf+mpbJTXk4ZqaV0On1f/Ns2KcEYlDCEQM4XS8UbBhlzQhTz4qFZGiYcV0hLQkh38NuyrPuUIBIhmFKpdM0h50bZcW7QsAmkGUJAwurkhIBuZzKZn6nP9E0wcDW2bX8p3sENYUnmSNMcIR4hnFtCODkhomfUB3ouGCGSS+KsC8KaLJB68UdiEBfutpWxbvVaOD0TTD6fnzVSxvfilPOk6Ri9Fk7XBQPXI2KUr8vk3CRN1+iVcLoqmIJd+FKc4hZp19MbqjGOyKx+oC7RFcFo99NvnNxIZmShG9bGpA4Dq2KkzEUtln5izBdL9lKhAAvf4VemDqFjlaTifJu1sl9Rh+iIYOCCzJT5b11PSSgithmxRuY74aLaFkwlXjHvkq7QJpsOiaYtwaAIJ1xQjnQWpAqbpohv2ulPtSwYLRZlaUs0LQlGi0V5WhZNbMFUYxaRNmuxKM7mSMaaixvTxKrDsABXi0V9pop2MYf5ozhPimVhCnbxKelsaKAwMKSVsa5HnfSLbGFE3PINabEMHKidFUvFr6MeH8nCVJuI35JmcCk7N7PZ7HfNDmsqGB3kDg2RguCmLqnSddZiGQKmhGu63eygUMHY+/YXuus8TBjzzTrcgS5J94iGFrimC0FZU6CFEd1nRM6zpBk2psKyJl8LU7UuT0kztAgrM+sXAPtamKp10QwxQQFwg4XR1kUjEQ3KOW+DssHCaOuiqWHQQuNDDG1dNB4aMqY6C5PKpK6RRnPIlKjF1dVl6iyM7kZrfFjKWiOX5Z2ahcGWG6TFomlkrqoNl7S8UXbKC6Rpyt5+ibaKBdor2VQql93HMqZJYxmLxtIWTY6M0KCBvXvEL3dvmppL0u4omI38Hq3tvqN18QPBhDGWztCJ0TGaOTpFJ8XvAWFZuKULuOEKxrbtuTI5i6SpA0J59PYv93crQDwfHT/pikd1ZOW34pJMukRl0jB+31inJ1tvGx5PC/czaWWFC8q4ggBwTXBTW3aB9suHf0hYo8VXa67gPj5+qna8imDfQfHrO1cwTmVvOY1gr1Si39afuxefcyI7Ji76SeFmjoQ+H8J5vPmGVne2ao+tvtui10I0n75/XlnRYJPKym/S8YsEYvn1xbO6OAVCuXJ62g1o472WTQ/fbNQJJ2Om6NOzMyIwzpKCuHGMgV0XiiX7LQ0RfpkOgCXgYvn7idN0ceo4tcPK9ib9/vplzVVBNPPnLihpaUQcc8xAjn3glHM04EAYjzdfN4giiDNjR+nq9AfUCSDMX16sUL56XogFooF4VMIw6YYx6CsC2sl0vFkOXNbKu03atouu6FB/mRAB8PSRo01TaFi0X4S7k5bmw8lj9MnJM6QWzs20ux2749CgAYvy8M2r0EwHsQQu+qO3G76vIbMcXGxYA7/jIMQnW29ccV1+72ygcHCuj4+dogfCPQG8r4tTJ5RyTdBKWlR45xK4g3xb4CIuvnrR4HpkplMRSsUdIMaQjIqL95nIZDb2dumhEId0IX6i84JzIWD+6NhJN4X2A/EQCoCvCxVr9/DNX3RFiEwV8D0PaRowEKc8eP2q7rGwlJhbDRyDT/zMxBRNjx91L6hXLHitmaOTbh0GrGxv0dreu5qrka8XJBqc41cRz4D13R1hCQ/UiWUMA4IxZmlA8IoFrufqmQ8CayduplS1IrhovCKL+4gxuCv6cPK4eOx03WvgtRHU/r7xktb3dtzHwkSD4yE6WBmIBYJrNxPrIVOwMAOxSA0Xn4sFwejV6fdD6ycb+d3a7TNHxn2PwUXHBUVMFBRvoPF4dfpcXXUYooE4/GKaaXEu6Za8BcKEM4XxBuUFg4uJ6qykEovMNC22beTztdthWQ6sTJTgFBYJ1kOCOMoPbvFet9in6hNTHd+ntx/AFUnXIsUSJS7I79u128iaOsGV96ZdVwjwnpCGe+GVXhwD16QKygsGf2wU4ySVwDVaGX+XZVEyiG0XuKeLk4cxyer2lv9xzGLxanPSUV4wazvv6qxLnFEC3lmWFgkpOVLtKNXgIBDzSCuzIWIVxFeDgvJp9cpOvXWJAy6qFE0lhX5T92kPq6mEAfGh+istH0SoaMOxAeUtDP/0xp1ws1icg6xGikVaBzz207M/WrI2k9bhqKZfJsRfM2OqcxmUFgzEIi0E3FGcEYSg3hLEwuMLXNjc6tM6YeK590QG5BfQSsIyIf5asEYqNSGVdkl7LMs5ErEnE9RjguA+Zo1GPpaAwBrVWXSYsSkcWgAALgeux++Ch4mAC4ZbIhVQWjBbxWLt9kSEGMFvQEoCYfCAGe0BuDg5lgDR/Lb2vCEFxnvwc4U86/Keb213p3b7jBCcSijtkvjFa1ZY8xMLSv0yXsFred0UUuTPzs7UjkEs4r343Mp58bo2+T7WRe9JMj0+TiqhdgxjH1qYsCwEFyn3/EntokEAmKZDX4jXTB6JTMmLt67S8B6YlfPCg9nSQUXcD9k5Rl1BqTUpoHzQKwnKNKRl4RkQrIZs+HlrJhjg9oJjRqvWAr8hNslGYZeC4G4S1gs/fMYXrg5ZGHpQ7dR9eomyMQzPkBBgBlkY7oYgjOvuPO1hNoXnwoLIDnOlaThW93o45h/n/+a+DtwM3JcchNoWFiZoRAEB7Wr1NkYgUOfxAwE4Rh1UWMOkrIXhliCo0+z95MKy+KXeKM5NVLMVN7gVjUy/T7yMSSAO3mTEUJQfXHRIrblwvcjpPlicMDfXb5QUDFLe1SYVXlggnjrDjUyOjAa+JuZmeNPw1z+fhZb0p5lIg/pFEIyfOHCuz2cu1twcx637iHjrns/EYBJQUjB8Su4cpt98rAYfd8AxzYaUKhnR+TrR5J4/rQtSOdNHJmq3EXz7dZwh7H1PY/Gy6GajqIfzwc1dPjXtKxzUeGBtgs7fL5QTDP6AvNnoZ128zcOoPSZYBIiGX0DZHkBVd8/T3ZZuSU7OVW5XlrMgdvKOinqn+gDqPYir0Lfyg58/CRgFu6jMkgFkPD+t/FG7j0+rX5CYW31SS7lbaSBi5PKeiCfkVBwHATGEgngGWZVsMOI+RAQ3FjauELY4zm+1pPfcWJnQz5UGSgmGNwJx0TDh7wUXDK5E8vn5i7GXuUpgqfjqgbjAvSEDgwWS8RSsDN5TWOtgbXdbBOyvAs8LF9uv1QbKpNXcFQGsd/aDm+6g+CYqcBf4gXBWsKC+EG2cEtN7yNxgSSAMCAbtANliuPdyLXRVJeIj/AQJtp8WRgnBwBXxGgbcTJAQeGe4UzUNKRy4DLQHkPZCvHhfgG/z4ecCIRqMbtaWl4iaDMoCzQJx2c/ibgrxVT9XGSghGFiXEhtjCIpJcAF5u6DTO0C525KJn+kjje9PZm6IaaRl4SAzwvJY6ZpQ+EOQ3ew94nxXTp91A3e4KfSe+jkOkfgsyVtzwYB3EFs2WwWQ7d12Yby9AMsTlAp7VxU8ipEyV5ayfND3SnDiBROl5iKJO+7QKaTLkcCKBKXBfFUBsqykpMtRSbRgeD0lqObCqauT9DgwRJB6bnyydv+BcB++7QVP9xvH6WUmHYJbl5kIGQ+/QP0Yuv7k1Ola0c+d0vvzma8YuAvD//frkCeVxAqm0brEn97vNXBNfOCKZ1Le47iVibI7RFJIrGC8uypEIV/q/MK0uMDlcOsWVPX1WpkNRZbMJlIwqHS2ujgtCfAud5BwvVbmUcKajEEkUzA7h0PSqu2mDRfEB7vCgm9egNuobv+RdJIpGDYkHWc14yif1C/1Z5aEbyHSbAmJdxBrJWCuJkkkTjD4g7e6OK1+St+mfhB3CQkfxFoPmNxLEokTTP0ir3ipMR8E78eYYytLSNAvkgQNYiWJxAmGZxVxv0qGC2y7DzsmcHc0Id57FOvI4xyIJcnzvGAgNhSSYCNDST+CSF4KCFvL5OUEC+yTvjVI4gRTt/iLWRusAPjP00ehVVFvENnLeVjvLlhxSgF+KySTSgIFc9i6lxZCTqxBQEGbMEt4VoXn9EI0lXmdt77vIQr1u1HpGCYWvNAl91WBiKJWRTF3wpuAEJh3Wq/TeAfTB+ELtYJInGB4WT1f2q/djlMVRRNwgtVAIBo0ArHWB4vOILhO7SsHsfB5Haw5iks/u+xxSaRL4lmDtCbTR+oD2jCL4TYB3z9PZ8YO01ocj2k4rFfCEpBm8VAUKl98cegiMZ7ZSpd8g80KJ31rs0RmSXzpqxwwwh+ybg/cly9CXwOiwWbLQQvFQDsNP2Qzv62v1u5jI2neUZebAATtRyNBV57PISf9W2kTKRhuTWAVpGh4MIlP5VqEyigKY1hhiG9C8+7w0GpHG2LhO0JAkNh1XCLFIndsCBJ3Zav7l7X77a5y6AWJXZf037XV2t79AH9MBJPoZPM1PlG+3QwXcPGvF3UWBYExYp24A9UQ74ONl+w7q1PugjpYQJwHIvbbpQEzxh9VLdBWMe/+2/j7ibp7eb9JrGAQv9xdfdp0EVnY9xTJZave7VQr2358GCvADPv+pSD4tq5hqCIWAMHgL5DIPLDZ0lEOLJDcoFAGy6vCGoRlQxBZ5XkTgRsS4flrO9uu64iTWckvF0UHOqh2JFdG+i1LSSibhgrfKIseDf7wqMts2631WvAphlsIW7eMrEpuCdJMdJ+ePe8KGisiuRVEhxodaL7tKo57LCyTLPtDnDgf4ivFvvdx2SjaxUXhk+ZIIWTWgX3jvN8R7cX7Kf7x8f+oE0Awqg13tY1h5NJk0DI5agmmFnuI33JVID7pMojEJ7iyQnE89IvJkXI/FvFNM6slRYd5lS072d3kbpM2yFh2SO0vCYU4WllVwNdMQ2wQA3cbXtFtFNQY1O4WIspbwpeELg/al4TGBcKYySQ/Q+k30IqZNtPLpNFEwDGc+2YqlfqZNJoIZNPZJdMwDNTdl0mjCcNxlqEVt1olIpgcaTThLOE/rmBElrREQ4IcxBptYe4kYxwW2cYyA/cd8aGYhnkHv930KJ/Pzxop8ykNAbI6OzMRvzMsn4uCXVh9ZxDZt0uXx8fHl2r5tAotAk2fEPFLdiR7ATdrHTcR/d4hjcYHEezm5O2aYETFVwtG40vZKP8gb9eVeIsle9FxHKX6Spouw9wR8AyBONrKaOoQ2dEtfr/OwgjrMiWsDILfwV1Yo4nFSMaaFTHMM3m/zsK4lTzDuE0aDbnW5DYXS/WxemzbniuTs0iaocdrXUDDIKtlWaLq6+RIM9T4WZfq440MU+VX44+fdQG+o/Kjo6PLIpb5ljRDSZB1qf4/f3TGNKSIusuINTIfJJjApbKV2QfjFmmGCtRdgsQCmg7zFuzCXXHYPGkGH9Ezymas66GHUBOqATDSbO2aBptNEejOhVkX0HT3BjcA1q5pCHBuNRMLiLy+xC7Z35Qd5yZpBg5kxFbG+irKsZEFg6xJiOauastqNU3wdKObEXlDIWRN5YPyP0mvMBgcqil0nKfEXvKog+CBIVKQ6yX2lmXVIHgeJySNqqDGNh9XLKDlRdWiq32pXGlSakujFq5YRJP5PrVAW6vwtWiUoy2xgLa3bajGNKIarJeoJJomPaKotL3tKmIa56CMcvIyaRKJsApLnRAL6Mg+vRBN1hq5oEcikke1KHe9E2JxX486CKqFwkeiGqwzqP4jroFzE9ekukNHR+jK1lOVuMb4Xne5+4ToOo+kMwudsiqcrmwdX3FR2eumaSyQjm16iWtVsh10QV66YmE4sDZmyvxa9KAWSNM1EKtk0pl/ddL9+NF1wUi0cLpEF92P7+mox2jhdAR3waHt2D+MW+M93Qyq54KRQDipTOpauezcIl30iwTqKeI/d6y09V23XU/Ie+g/+VJ+3nTML4TVmSctHi9Y8nPngA5+HM2M5qjPJEIwnB17Z84yrUtlx7lR3dJ+loaLZWxSiX0HnQPnR2SclCASJxgvmPQr7BfmDMe4ZBrmbFlO/DnOLFWanqo1PuFKNuFShCgwKrKMHbYN03hmpaxcv1xNVP4PScNduw6WhXUAAAAASUVORK5CYII=', '정신건강의학과', NULL),
	(12, 'data:image/png;base64,iVBORw0KGgoAAAANSUhEUgAAAIwAAACMCAYAAACuwEE+AAAACXBIWXMAABYlAAAWJQFJUiTwAAAAAXNSR0IArs4c6QAAAARnQU1BAACxjwv8YQUAAAvfSURBVHgB7Z1dchNXFsfPbUktCYwlwDNAKIiAh+FhUnh4mYeZKuQVDLOCeAeQFeBZQcgKAisYsgI8VZOHmYexqbxkHhIESbApDJHB6KMl9c097W7pSm5J3VJL6tM6vyqjtizUsvuvc849H1cCYo6UstjpdO607XbJEEbJtu2SEKIkAYrQ+6JE9fhLVvAb9Tvt2tKupERqN51OP1O/WxVijICYoQTyabPVvCtArCtRlNVdJVgmpCOkXSWkJ3hrmuYziBGxEEyr1bojQd61pbwLyyaQcSgBKauzrQT0KJPJ/AsWzMIEg67Gsqx76hXcVZZkHZjxKPEo4Wwp4WwrEb2ABTB3wSiR3FJn3VTWZBPoxR+xQV24R2bG3Jq3cOYmmHq9XhIp8bU6ZRmYyJi3cGYuGHQ9KkZ5YIO8D8zMmJdwZiqYhtW4p06xBex65oMb46iV1WOYETMRDLufRSO3s5ns5iysjQERg1ZFpIwdFssiEeVmy9ptNNDCR/zMEBEcq8QV+TBn5r6AiIhEMOiCjJTxT86nxBQV22TNbDkKFzW1YI7jFeMpcIY23kQkmqkEg0k45YK2gVdBVKgaKr6Zpj41sWBYLGSZSjQTCYbFQp6JRRNaMG7MopbNLBbiVLMZcz1sTBMqD6MFuCwW+hSbVnMb+4/C/KdQFqZhNZ8Dr4YShcAmrYy5EbTTL7CFUXHLl8BiSRyYO2u2mg+CPj6QhXGLiA+BSS62vJ/L5b4a97CxguEgd2kIFASPdUnHVWcWyxJQVK7p0bgHjRSM1bY+56rzMiHK4yrcQ10S14iWFnRN14atmoZaGFV9xsi5BMyyURy1avK1MK51eQ7M0qKsTMkvAPa1MK51YZaYYQHwCQvD1oXxUAXK9cEC5QkLw9aF6SJg8+RdGmxdmAFOrJj6LEwqk7oDDNOjqHJxfXmZPgvD1WjGh92cmf2T903XwuCWG8BiYU6y7mrDoSsYW9qbwDA+4N493rHRu9PZ7YlhTuBu9OTgCMayLBxAKwHD+FPyWjmPLYwBt4BhRoD7DuKtIxipmRyG8QM3qcRbVzA8E82MxotxBe660GxZvwLDjEFlfc8a7Xab4xcmEFbHumN0ZIfdERMIacuSgduxA8MEALViqAwvWxgmEPg5D5HvccckGCFKafVvCRLGYbOpvupQa7e69xWyOcgYKVjLn4IomMc5YkgxDQkZUjuo1+Dlhyrsf/wALdse+riMYagLehounl5xbk+lMxAEfM69o/ewXztS5/o49hwXT5+Bq2eKSRNPUTSspgTCoFD+/+sb53YS8IKez506Fk8m0xUQWo5aq+WI422jNvHz4/P95fKngYUZd0gL5vt3b5RYDk7cjxfnvBICugd8tyOHzQYcWk2oay5kGsKe4w9n1+Dmud8BdcgK5n+vX8FPR4fd79Pqot0onINLyhVgLDGMWsuCPeW29j4eOZYjDGiJLilXdmlldaTFwHN8/+6g7/UhV84U4PbvPwHKkBTMdwf78ONhr5qBF/L2hUvqIpoQBrywh1ZDuZu6ax0a0HZjExRE2o13CmZWieSMY03CPv93B6+duMfjeuEsfLZ2EahCTjAv31dh581e93sKpn7Qdf7x/AW4UTwHFCGVh8EgVP/DX1cuiEJcgK8RLYsH/g4tuwMUISUYjD28vEdeuYyb59aACiiavBv3oFh+qL4DipASzI+HvT8yiiVsTLFI8LXePNsTuB6DUYKMYDAo9awL/vExKUaNq6tFJ5BG0Mrg70QNMoKpta3uMa6KqLKWO909xlUZNQhZmGb3uJDNAlVOZdLdYwziqcHV6jlDKe7ygwXDhIIFw4SCBcOEggXDhIKMYLwWAmRU81LcoVoS8CAkmN7qgvIfXRc7NmxRg13SnGl16FpHhIxg9HdjnWDCy6Mle9YxbP9OHKAjGO2PW2vTFUy70xOMHpdRgU4Mk+q9VBQM1TgGe349RrWSxhVSQa/eR0uxDoMTCB6rROthpGzieW3GZ9Kxj0WitzOcStGLXxBSgsFmbA8cWKPGntYMfmllBShCSjDYgORx0KiRimPQhb7VrCLViUhSgsE4Rm+eotQXi5MDHmvqd6C4pEbIrev0xm/si41yiY1x0X/3f4ZvX71w5rSjAq2LPtR2neiICZIGYuBgGVqZt65L2nn9ypldnpbB2SEUD17oKMZYdt686h7j5ABOZ1KFZGlAtzIYy0zrmn6ovvWd0cb7pn1uHLzTV3R/vXwVKENSMGhl9MGwaZbYg8NxV1YKzpcH/mwat/dSc0U4pUk1dvEgW3y8UTjfPX4/Rfc9uiKvgozu4vaFT5yvVXcJj25PD1jDote9KLsiD7KC0YuRk5YKBoNRfWeFz9YudI9/+nA4sRUb3KGKOqTbG/RSwSRNVbrlwK049NyIF1x7TLJq0jO7VEsBg5AWzKrZe8dOMkW4V+tli3FvmUH04Hr/4xGERR++MwXt8RIP2hZmiqEwLAS2tdjFz13oe+BNMtqqv6bVBLgjJDEuKexKRr/4o9L00xQ89deUlD3uSAtG7/MNb2Hq3eOCOfzdrxc8w85C11rt7jHF/l0/SAtGdyO1jgVh0FslR61e9AsdVjD6OaiPyHokxsK0QzZX9/WmjHj3F8z8xOfQczBsYWKA3rYZdlnd1sc9RsQXg/meMOiPp9i/60diLEzce2PYJcWEdN9EZHxEo7+WpIgF4UE2JhQomOg6hRaA2eeWgsUxfQFvgPzIJPkefZmflPhFUSUvmLx2MbH3JAhhBTOPcxChagjigsG9/z2CtGye6H9ZLUAczkECISoGCKgAYXCSQN8w+dtfhvfjYmof+3X1zaGDbN86j3NQQVgt60tbyvtAGDT//1YXaTC3gh9yhfEDxjbYA6y7CVxdbVy5FrgDbh7niDuGEA9Fw2rcU7p5CMTBC/Wf/Z8DfR4Svuv/fPGyKgnkIQzzOEe8kfdFu93+W9vuPIEE4H1OEfa5tH1WTN5nKuEniUyaG5nHOeKKFPaGkFIWmy2L5sb3I8B+F7QI6CrQZWCB0fsQT0rniBPZjHlW4EHDaj5XNyVgmGFIWcllc9ecjJJSzTYwzGh28R9HMBLkLjDMCAxhOHHusWA68htgmBFYlvUMb4V3B8cxzFDc+AUPu1UxlZRJxNKaiR4hxLZ33BWMABYM448t7MfesdB/oPIxOyovsw4M46G5I2SgUUOylWH6UKujLf37PgvjZn0x+E1OeZWZCpXdLakY5oX3fZ+FUT+oquD3ETAMONbkkS4W975+1Hp73Qa5A8zSM2hdkBPNpqZpqqyv3AZmqfGzLu79J6nX6yWRMp4Ds7T4WRfEt509n89XsLsKmKVkmHVxf+YPr5iWFJV3yZrZ8jDBDB2YcVZMILaAWSow7zJMLIiAMTSsxlP1sDIwyUfVjHIZc2PkQ2AMbgCMy2x2TcmmqgLd9VHWBRk7w+kEwOyalgC5NU4syFgL45GE+SXGH1wRmxnziyCPDSwYXDUp0TyVAFzNThID1ehxBN5WAFdNdsf+uzqsAJMM3CV0mP8S2MJ4cBCcGAIFuYOE3rjEDYLLQHzXhyUHc2zlsGJBQlsYD1XVvmUfFynZ0tDCEYsqMj+DCZhYMAiLhhxTiQWZSjCIG9OobDCPqMSaMTWioEy9+RrGNLJjYzq5AkwsUVZhNwqxIJHs1oeiyZnZa9wSET/cpNxGFGJxng8iBLOFykdiNphXUIunihsA4TXBHBpExNQxjB/HcY34mqvcC0JVnbPpzGZUVkVnJhvIHruo3IZhiE3g2GaeOFYlF6ELGmQmFkYHrY2RMh6oGtQmMDMDY5VMOvOPKN2PHzMXjAcLZ0bM0P34ng7mDAsnEpyBQ0taj1fMlbluBjV3wXigcFKZ1B3bllvASb9AYD5F/fPETJtfzdr1jHgNi6feqpcNaXyurE4ZWDyD4MjPkw50vsln8tuwYGIhGJ0j62jdNMxbtpR3QTrNWiVYLiq4SSXuO4hbyeGKE2JE7AQzCHb6NdqNdSHFLUMYJdvr+JOyBMdFT2qFT3QlVXQpShTYKlKxpV0RhnhhpsztRbmaoPwGxaZZuTxf/FsAAAAASUVORK5CYII=', '치과', NULL);

-- 테이블 데이터 imfine.notification:~949 rows (대략적) 내보내기
INSERT INTO `notification` (`id`, `created_at`, `contents_code_id`, `contents_id`, `is_check`, `reciever_id`, `sender_id`, `type`) VALUES
	(1, '2023-02-13 06:08:09.770180', 1, 17, 0, 1, 3, 1),
	(2, '2023-02-13 06:25:22.226219', 6, 6, 0, 1, 6, 5),
	(3, '2023-02-13 06:27:41.930680', 6, 6, 0, 1, 6, 5),
	(4, '2023-02-13 06:27:43.368917', 6, 6, 0, 1, 6, 5),
	(5, '2023-02-13 06:27:47.257129', 6, 6, 0, 1, 6, 5),
	(6, '2023-02-13 06:27:48.528606', 6, 6, 0, 1, 6, 5),
	(7, '2023-02-13 06:27:48.999445', 6, 6, 0, 1, 6, 5),
	(8, '2023-02-13 06:28:11.339475', 6, 6, 0, 1, 6, 5),
	(9, '2023-02-13 06:28:13.266792', 6, 6, 0, 1, 6, 5),
	(10, '2023-02-13 06:28:14.776626', 6, 6, 0, 1, 6, 5),
	(11, '2023-02-13 06:28:17.887563', 6, 6, 0, 1, 6, 5),
	(12, '2023-02-13 06:35:25.838602', 6, 7, 0, 1, 7, 5),
	(13, '2023-02-13 06:35:52.788655', 6, 8, 0, 1, 8, 5),
	(14, '2023-02-13 06:36:24.988619', 6, 3, 0, 4, 3, 5),
	(15, '2023-02-13 06:44:46.962688', 6, 9, 0, 1, 9, 5),
	(16, '2023-02-13 06:44:55.212728', 6, 9, 0, 1, 9, 5),
	(17, '2023-02-13 06:44:56.810437', 6, 9, 0, 1, 9, 5),
	(18, '2023-02-13 06:44:58.214658', 6, 9, 0, 1, 9, 5),
	(19, '2023-02-13 06:44:58.609549', 6, 9, 0, 1, 9, 5),
	(20, '2023-02-13 07:04:03.405635', 6, 4, 0, 3, 4, 5),
	(23, '2023-02-13 07:57:53.337142', 2, 6, 0, 1, 3, 31),
	(24, '2023-02-13 07:58:03.493609', 2, 4, 0, 1, 1, 31),
	(25, '2023-02-13 07:58:44.191922', 2, 4, 0, 1, 1, 2),
	(26, '2023-02-13 07:58:46.775200', 2, 4, 0, 1, 1, 33),
	(27, '2023-02-13 08:06:38.817917', 4, 14, 0, 3, 3, 4),
	(28, '2023-02-13 08:06:40.819824', 4, 14, 0, 3, 3, 35),
	(29, '2023-02-13 08:06:45.417209', 4, 14, 0, 3, 3, 34),
	(30, '2023-02-13 08:07:59.697716', 2, 4, 0, 1, 3, 31),
	(31, '2023-02-13 08:44:34.164097', 4, 14, 0, 3, 1, 4),
	(32, '2023-02-13 08:51:22.261257', 4, 14, 0, 3, 3, 4),
	(33, '2023-02-13 12:29:14.041435', 6, 9, 0, 1, 9, 5),
	(34, '2023-02-13 12:29:18.406936', 6, 9, 0, 1, 9, 5),
	(35, '2023-02-13 12:30:33.519206', 6, 9, 0, 1, 9, 5),
	(36, '2023-02-13 12:30:35.157259', 6, 9, 0, 1, 9, 5),
	(37, '2023-02-13 12:30:36.432352', 6, 9, 0, 1, 9, 5),
	(38, '2023-02-13 12:30:45.098927', 6, 9, 0, 1, 9, 5),
	(39, '2023-02-14 01:43:12.718435', 2, 5, 0, 1, 1, 31),
	(40, '2023-02-14 01:43:36.456864', 4, 16, 0, 4, 1, 4),
	(41, '2023-02-14 01:43:38.155268', 4, 16, 0, 1, 1, 35),
	(42, '2023-02-14 04:34:23.143658', 6, 2, 0, 4, 2, 5),
	(43, '2023-02-14 04:54:27.180685', 6, 4, 0, 2, 4, 5),
	(44, '2023-02-14 04:54:30.391142', 6, 4, 0, 2, 4, 5),
	(45, '2023-02-14 04:54:31.253169', 6, 4, 0, 2, 4, 5),
	(46, '2023-02-14 04:59:11.123275', 6, 3, 0, 4, 3, 5),
	(47, '2023-02-14 05:01:47.287925', 6, 2, 0, 3, 2, 5),
	(48, '2023-02-14 05:02:04.355725', 6, 4, 0, 3, 4, 5),
	(49, '2023-02-14 05:02:05.801148', 6, 3, 0, 2, 3, 5),
	(50, '2023-02-14 05:02:17.452280', 6, 4, 0, 1, 4, 5),
	(51, '2023-02-14 14:01:38.651744', 6, 1, 0, 2, 1, 5),
	(52, '2023-02-14 14:02:56.547890', 6, 1, 0, 2, 1, 5),
	(53, '2023-02-14 05:05:30.788727', 6, 2, 0, 1, 2, 5),
	(54, '2023-02-14 05:06:03.055445', 2, 4, 0, 1, 3, 2),
	(55, '2023-02-14 05:06:34.908195', 2, 6, 0, 1, 3, 2),
	(56, '2023-02-14 05:06:43.061058', 2, 5, 0, 1, 3, 2),
	(57, '2023-02-14 05:06:51.930987', 6, 2, 0, 4, 2, 5),
	(58, '2023-02-14 05:06:59.122537', 6, 4, 0, 2, 4, 5),
	(59, '2023-02-14 05:06:59.404373', 6, 3, 0, 4, 3, 5),
	(60, '2023-02-14 05:07:42.725675', 6, 2, 0, 4, 2, 5),
	(61, '2023-02-14 05:11:10.933299', 1, 25, 0, 3, 2, 1),
	(62, '2023-02-14 05:11:15.750393', 1, 18, 0, 4, 2, 1),
	(63, '2023-02-14 05:13:32.042394', 2, 7, 0, 3, 3, 31),
	(64, '2023-02-14 05:15:49.264522', 1, 20, 0, 1, 2, 1),
	(65, '2023-02-14 05:20:21.922294', 4, 21, 0, 1, 2, 4),
	(66, '2023-02-14 05:20:26.827452', 4, 21, 0, 1, 2, 34),
	(67, '2023-02-14 05:20:27.693063', 4, 21, 0, 2, 2, 35),
	(68, '2023-02-14 05:20:30.096613', 4, 21, 0, 1, 2, 34),
	(69, '2023-02-14 05:20:42.626875', 4, 21, 0, 1, 1, 34),
	(70, '2023-02-14 05:20:44.019321', 4, 21, 0, 2, 1, 35),
	(71, '2023-02-14 05:20:48.282534', 4, 21, 0, 1, 2, 34),
	(72, '2023-02-14 05:22:58.684573', 4, 19, 0, 2, 2, 4),
	(73, '2023-02-14 05:22:59.552816', 4, 19, 0, 2, 2, 34),
	(74, '2023-02-14 05:23:05.383863', 4, 19, 0, 2, 2, 35),
	(75, '2023-02-14 05:26:37.233059', 6, 3, 0, 1, 3, 5),
	(76, '2023-02-14 05:26:37.617771', 2, 3, 0, 4, 2, 31),
	(77, '2023-02-14 14:26:02.595288', 6, 1, 0, 3, 1, 5),
	(78, '2023-02-14 05:26:46.483179', 2, 7, 0, 3, 2, 2),
	(79, '2023-02-14 05:26:59.497029', 2, 3, 0, 4, 2, 2),
	(80, '2023-02-14 05:29:34.400804', 2, 4, 0, 1, 2, 31),
	(81, '2023-02-14 05:29:38.129630', 2, 4, 0, 1, 2, 31),
	(82, '2023-02-14 05:32:03.350937', 4, 17, 0, 1, 1, 4),
	(83, '2023-02-14 05:33:01.976624', 4, 17, 0, 1, 1, 34),
	(84, '2023-02-14 05:35:01.412462', 2, 7, 0, 3, 3, 2),
	(85, '2023-02-14 05:35:15.828861', 2, 3, 0, 4, 2, 31),
	(86, '2023-02-14 05:35:17.277117', 2, 3, 0, 4, 2, 31),
	(87, '2023-02-14 05:36:08.594332', 4, 16, 0, 4, 1, 34),
	(88, '2023-02-14 05:37:32.138674', 4, 17, 0, 1, 1, 34),
	(89, '2023-02-14 05:41:01.566375', 4, 22, 0, 1, 1, 34),
	(90, '2023-02-14 05:42:09.286664', 6, 1, 0, 4, 1, 5),
	(91, '2023-02-14 05:46:24.934461', 2, 5, 0, 3, 1, 33),
	(92, '2023-02-14 05:46:28.804909', 2, 5, 0, 1, 1, 2),
	(93, '2023-02-14 05:46:39.687460', 2, 5, 0, 1, 1, 33),
	(94, '2023-02-14 05:51:26.535656', 2, 5, 0, 3, 1, 33),
	(95, '2023-02-14 05:51:39.273117', 2, 5, 0, 1, 1, 33),
	(96, '2023-02-14 05:52:52.254835', 2, 1, 0, 1, 1, 2),
	(97, '2023-02-14 05:52:54.445395', 2, 1, 0, 1, 1, 33),
	(98, '2023-02-14 05:52:56.123073', 2, 1, 0, 1, 1, 33),
	(99, '2023-02-14 06:23:08.242473', 1, 19, 0, 1, 3, 1),
	(100, '2023-02-14 06:23:21.584480', 2, 5, 0, 1, 2, 31),
	(101, '2023-02-14 06:32:15.755454', 4, 22, 0, 1, 2, 34),
	(102, '2023-02-14 06:32:20.595143', 4, 22, 0, 1, 2, 4),
	(103, '2023-02-14 06:32:21.726598', 4, 22, 0, 2, 2, 35),
	(104, '2023-02-14 06:32:24.086059', 4, 22, 0, 1, 2, 34),
	(105, '2023-02-14 06:36:53.659166', 4, 23, 0, 2, 2, 34),
	(106, '2023-02-14 06:36:56.204184', 4, 23, 0, 2, 2, 4),
	(107, '2023-02-14 06:36:59.792297', 4, 22, 0, 2, 2, 35),
	(108, '2023-02-14 06:37:06.897172', 4, 18, 0, 1, 2, 34),
	(109, '2023-02-14 06:37:37.886524', 4, 23, 0, 2, 3, 34),
	(110, '2023-02-14 06:44:21.979907', 2, 5, 0, 1, 1, 2),
	(111, '2023-02-14 06:44:37.214991', 2, 6, 0, 1, 1, 2),
	(112, '2023-02-14 06:45:10.441939', 2, 4, 0, 1, 1, 2),
	(113, '2023-02-14 06:46:17.001267', 2, 6, 0, 1, 1, 2),
	(114, '2023-02-14 06:47:59.303843', 2, 9, 0, 1, 2, 2),
	(115, '2023-02-14 06:48:20.166732', 2, 9, 0, 1, 1, 2),
	(116, '2023-02-14 06:48:33.319754', 2, 9, 0, 1, 1, 2),
	(117, '2023-02-14 06:49:56.275899', 2, 7, 0, 3, 1, 2),
	(118, '2023-02-14 06:51:04.052203', 2, 8, 0, 1, 2, 31),
	(119, '2023-02-14 06:51:08.835512', 2, 9, 0, 2, 2, 33),
	(120, '2023-02-14 06:51:09.508741', 2, 9, 0, 1, 2, 33),
	(121, '2023-02-14 06:51:11.646973', 2, 9, 0, 1, 2, 33),
	(122, '2023-02-14 06:52:15.493690', 2, 2, 0, 1, 2, 31),
	(123, '2023-02-14 06:52:16.743537', 2, 1, 0, 1, 2, 31),
	(124, '2023-02-14 06:57:13.988229', 6, 15, 0, 1, 15, 5),
	(125, '2023-02-14 06:57:43.795197', 2, 8, 1, 1, 15, 2),
	(126, '2023-02-14 07:04:56.142947', 6, 2, 0, 4, 2, 5),
	(127, '2023-02-14 12:13:58.446988', 2, 10, 1, 1, 1, 2),
	(128, '2023-02-14 12:14:03.219105', 2, 10, 1, 1, 1, 2),
	(129, '2023-02-14 12:14:15.331258', 2, 8, 0, 1, 1, 2),
	(130, '2023-02-14 21:32:32.646717', 1, 18, 0, 4, 1, 1),
	(131, '2023-02-14 21:32:37.721596', 1, 25, 0, 3, 1, 1),
	(132, '2023-02-14 14:57:40.588150', 2, 15, 0, 1, 1, 2),
	(133, '2023-02-14 21:51:33.653469', 2, 15, 0, 1, 2, 2),
	(134, '2023-02-14 21:54:31.037863', 4, 20, 1, 1, 2, 4),
	(135, '2023-02-14 21:55:20.224897', 2, 14, 0, 1, 2, 2),
	(136, '2023-02-14 23:30:46.395343', 2, 16, 0, 1, 3, 2),
	(137, '2023-02-14 23:40:17.926882', 4, 24, 0, 2, 3, 4),
	(138, '2023-02-15 00:10:22.687320', 2, 16, 0, 1, 2, 31),
	(139, '2023-02-15 00:13:51.974003', 4, 18, 0, 1, 1, 4),
	(140, '2023-02-15 00:13:56.092334', 4, 18, 0, 1, 1, 4),
	(141, '2023-02-15 00:46:23.347399', 4, 25, 0, 16, 16, 4),
	(142, '2023-02-15 00:46:25.764430', 4, 25, 0, 16, 16, 35),
	(143, '2023-02-15 00:46:27.172949', 4, 25, 0, 16, 16, 34),
	(144, '2023-02-15 00:48:38.029815', 4, 20, 0, 1, 16, 34),
	(145, '2023-02-15 00:48:52.189992', 1, 18, 0, 4, 16, 1),
	(146, '2023-02-15 00:48:53.548720', 1, 18, 0, 4, 16, 1),
	(147, '2023-02-15 00:48:54.704889', 1, 18, 0, 4, 16, 1),
	(148, '2023-02-15 00:48:57.712562', 1, 18, 0, 4, 16, 1),
	(149, '2023-02-15 00:49:05.501549', 1, 22, 0, 1, 16, 1),
	(150, '2023-02-15 00:50:00.397517', 1, 21, 1, 1, 16, 1),
	(151, '2023-02-15 00:50:01.759949', 1, 21, 0, 1, 16, 1),
	(152, '2023-02-15 00:50:04.667975', 6, 16, 0, 1, 16, 7),
	(153, '2023-02-15 00:50:35.984485', 6, 16, 0, 4, 16, 5),
	(154, '2023-02-15 00:51:23.009812', 2, 11, 0, 4, 16, 31),
	(155, '2023-02-15 01:49:13.007888', 2, 17, 0, 1, 1, 31),
	(156, '2023-02-15 01:49:14.259068', 2, 17, 0, 1, 1, 31),
	(157, '2023-02-15 01:58:56.686346', 6, 1, 0, 3, 1, 5),
	(158, '2023-02-15 02:09:41.557494', 2, 17, 0, 1, 1, 31),
	(159, '2023-02-15 02:45:33.788479', 2, 18, 1, 1, 1, 31),
	(160, '2023-02-15 02:45:35.239420', 2, 18, 1, 1, 1, 31),
	(161, '2023-02-15 02:45:37.504208', 2, 18, 0, 1, 1, 31),
	(162, '2023-02-15 02:53:31.592538', 2, 18, 0, 1, 1, 31),
	(163, '2023-02-15 03:17:02.628984', 2, 18, 0, 1, 1, 31),
	(164, '2023-02-15 03:32:54.794678', 6, 6, 0, 1, 6, 7),
	(165, '2023-02-15 12:48:19.430102', 6, 3, 0, 4, 3, 5),
	(166, '2023-02-15 12:49:19.279929', 6, 3, 1, 4, 3, 7),
	(167, '2023-02-15 12:54:04.837888', 2, 18, 1, 1, 1, 31),
	(168, '2023-02-15 12:59:08.101007', 2, 18, 0, 1, 1, 31),
	(169, '2023-02-15 12:59:32.719837', 2, 18, 1, 1, 1, 31),
	(170, '2023-02-15 12:59:39.945776', 2, 18, 1, 1, 1, 31),
	(171, '2023-02-15 12:59:41.803643', 2, 18, 0, 1, 1, 31),
	(172, '2023-02-15 13:00:34.768390', 2, 18, 1, 1, 1, 31),
	(173, '2023-02-15 13:00:36.234256', 2, 18, 0, 1, 1, 31),
	(174, '2023-02-15 13:03:13.179168', 2, 17, 1, 1, 4, 31),
	(175, '2023-02-15 13:06:02.297125', 2, 18, 1, 1, 1, 31),
	(176, '2023-02-15 13:10:46.506895', 2, 18, 0, 1, 1, 31),
	(177, '2023-02-15 13:11:12.782564', 2, 18, 0, 1, 1, 31),
	(178, '2023-02-15 13:13:48.612080', 2, 18, 1, 1, 1, 31),
	(179, '2023-02-15 13:26:43.134951', 4, 20, 1, 1, 4, 34),
	(180, '2023-02-15 14:13:58.665274', 2, 6, 1, 1, 5, 31),
	(181, '2023-02-15 14:18:08.454914', 2, 20, 1, 1, 1, 31),
	(182, '2023-02-15 14:19:07.630180', 2, 20, 1, 1, 1, 31),
	(183, '2023-02-15 14:21:20.458966', 2, 20, 1, 1, 1, 31),
	(184, '2023-02-15 14:22:25.824766', 2, 20, 1, 1, 1, 31),
	(185, '2023-02-15 14:25:22.919700', 2, 29, 1, 4, 4, 2),
	(186, '2023-02-15 14:40:53.971327', 6, 7, 1, 4, 7, 7),
	(187, '2023-02-15 14:45:09.788240', 6, 2, 1, 4, 2, 5),
	(188, '2023-02-15 14:45:34.243561', 6, 2, 1, 4, 2, 7),
	(189, '2023-02-15 14:47:17.468989', 2, 29, 1, 4, 1, 33),
	(190, '2023-02-15 14:50:40.560524', 2, 30, 1, 4, 1, 2),
	(191, '2023-02-15 14:52:33.148907', 6, 2, 1, 1, 2, 7),
	(192, '2023-02-15 14:55:03.854096', 6, 4, 1, 9, 4, 5),
	(193, '2023-02-15 15:09:09.562984', 1, 18, 1, 4, 18, 1),
	(194, '2023-02-15 15:36:48.323646', 6, 9, 1, 4, 9, 5),
	(195, '2023-02-15 15:37:56.652825', 1, 18, 1, 4, 18, 1),
	(196, '2023-02-15 15:38:48.399920', 1, 18, 1, 4, 18, 1),
	(197, '2023-02-15 15:38:51.576772', 1, 18, 1, 4, 18, 1),
	(198, '2023-02-15 15:38:53.158544', 1, 18, 1, 4, 18, 1),
	(199, '2023-02-15 15:38:54.196140', 1, 18, 1, 4, 18, 1),
	(200, '2023-02-15 15:38:57.085820', 1, 18, 1, 4, 18, 1),
	(201, '2023-02-15 15:39:02.925652', 1, 18, 1, 4, 18, 1),
	(202, '2023-02-15 15:39:04.262504', 1, 18, 1, 4, 18, 1),
	(203, '2023-02-15 15:39:05.799916', 1, 18, 1, 4, 18, 1),
	(204, '2023-02-15 15:39:08.581096', 1, 18, 1, 4, 18, 1),
	(205, '2023-02-15 15:39:12.505207', 1, 18, 1, 4, 18, 1),
	(206, '2023-02-15 15:39:52.201184', 1, 18, 1, 4, 18, 1),
	(207, '2023-02-15 15:39:55.064206', 1, 18, 1, 4, 18, 1),
	(208, '2023-02-15 15:40:34.236762', 6, 10, 1, 4, 10, 6),
	(209, '2023-02-15 15:50:46.725117', 6, 13, 1, 4, 13, 7),
	(210, '2023-02-15 16:06:46.713991', 6, 18, 1, 4, 18, 7),
	(211, '2023-02-15 16:50:06.312467', 2, 16, 0, 3, 1, 33),
	(212, '2023-02-15 16:50:28.040202', 2, 16, 0, 3, 1, 33),
	(213, '2023-02-15 16:50:33.911043', 2, 16, 0, 3, 1, 33),
	(214, '2023-02-15 16:51:23.307085', 2, 20, 0, 1, 1, 31),
	(215, '2023-02-15 16:55:59.421634', 2, 12, 0, 1, 1, 2),
	(216, '2023-02-15 17:21:21.484531', 6, 18, 0, 16, 18, 6),
	(217, '2023-02-15 17:21:33.893000', 6, 18, 0, 9, 18, 5),
	(218, '2023-02-15 17:22:39.879337', 6, 18, 0, 9, 18, 7),
	(219, '2023-02-15 17:24:36.472171', 2, 21, 1, 1, 1, 2),
	(220, '2023-02-15 17:35:53.290673', 4, 26, 0, 4, 1, 4),
	(221, '2023-02-15 17:36:31.161220', 6, 1, 0, 2, 1, 5),
	(222, '2023-02-15 17:36:36.055574', 6, 1, 0, 3, 1, 5),
	(223, '2023-02-15 17:36:41.764764', 6, 1, 1, 4, 1, 7),
	(224, '2023-02-15 17:36:51.418744', 6, 1, 0, 18, 1, 5),
	(225, '2023-02-15 17:39:31.464225', 1, 32, 0, 18, 1, 1),
	(226, '2023-02-15 17:39:37.169843', 1, 32, 0, 18, 1, 1),
	(227, '2023-02-15 17:39:51.778519', 6, 4, 1, 3, 4, 5),
	(228, '2023-02-15 17:40:09.448927', 2, 7, 1, 3, 4, 2),
	(229, '2023-02-15 17:40:36.483817', 2, 7, 0, 3, 4, 31),
	(230, '2023-02-15 17:41:32.235780', 6, 4, 0, 18, 4, 5),
	(231, '2023-02-15 17:41:44.456023', 6, 3, 0, 18, 3, 5),
	(232, '2023-02-15 17:43:13.589384', 2, 39, 1, 3, 4, 2),
	(233, '2023-02-15 17:43:15.987494', 2, 39, 1, 3, 4, 31),
	(234, '2023-02-15 17:43:38.249447', 2, 39, 1, 4, 4, 33),
	(235, '2023-02-15 17:43:56.604734', 2, 38, 1, 1, 4, 31),
	(236, '2023-02-15 17:44:09.104124', 2, 38, 1, 1, 4, 2),
	(237, '2023-02-15 17:44:22.066490', 6, 3, 0, 1, 3, 5),
	(238, '2023-02-15 17:46:03.377945', 2, 40, 0, 4, 4, 31),
	(239, '2023-02-15 17:49:41.710951', 1, 18, 0, 4, 3, 1),
	(240, '2023-02-15 17:51:52.423695', 2, 40, 0, 4, 3, 31),
	(241, '2023-02-15 17:51:58.217301', 2, 40, 0, 4, 3, 2),
	(242, '2023-02-15 17:52:11.043283', 2, 41, 1, 1, 1, 31),
	(243, '2023-02-15 17:52:37.123399', 2, 41, 1, 1, 3, 2),
	(244, '2023-02-15 17:53:21.188463', 2, 42, 0, 3, 1, 2),
	(245, '2023-02-15 18:35:44.361080', 4, 27, 1, 1, 1, 34),
	(246, '2023-02-15 18:36:01.665244', 4, 27, 1, 1, 1, 4),
	(247, '2023-02-15 18:38:01.309381', 4, 28, 1, 1, 18, 34),
	(248, '2023-02-15 18:38:34.839740', 4, 28, 1, 1, 18, 4),
	(249, '2023-02-15 18:40:40.917691', 4, 28, 1, 1, 1, 4),
	(250, '2023-02-15 18:40:44.043326', 4, 28, 1, 1, 1, 34),
	(251, '2023-02-15 18:40:49.430470', 4, 28, 0, 18, 1, 35),
	(252, '2023-02-15 18:41:03.634964', 6, 18, 1, 1, 18, 5),
	(253, '2023-02-15 18:41:10.616376', 6, 18, 0, 2, 18, 5),
	(254, '2023-02-15 18:41:12.066379', 6, 18, 0, 3, 18, 5),
	(255, '2023-02-15 18:41:13.454304', 4, 26, 0, 4, 1, 4),
	(256, '2023-02-15 18:52:43.597526', 2, 21, 1, 1, 1, 2),
	(257, '2023-02-15 18:53:17.334790', 1, 26, 0, 3, 1, 1),
	(258, '2023-02-15 18:54:06.288458', 2, 38, 1, 1, 1, 31),
	(259, '2023-02-15 18:55:11.457072', 4, 29, 1, 1, 1, 34),
	(260, '2023-02-15 19:45:31.575998', 4, 30, 1, 1, 1, 4),
	(261, '2023-02-15 19:46:03.474642', 4, 32, 0, 18, 18, 34),
	(262, '2023-02-15 19:46:56.351439', 4, 26, 0, 4, 1, 4),
	(263, '2023-02-15 19:53:38.107475', 4, 31, 0, 18, 1, 4),
	(264, '2023-02-15 19:53:49.457576', 4, 31, 0, 18, 1, 4),
	(265, '2023-02-15 19:54:30.001045', 2, 40, 0, 4, 1, 2),
	(266, '2023-02-15 19:54:36.813962', 2, 40, 0, 4, 1, 2),
	(267, '2023-02-15 19:55:09.080418', 2, 31, 0, 18, 1, 2),
	(268, '2023-02-15 19:55:13.770245', 2, 31, 0, 18, 1, 31),
	(269, '2023-02-15 21:26:16.698820', 6, 18, 1, 6, 18, 5),
	(270, '2023-02-15 21:26:17.492843', 6, 18, 0, 7, 18, 5),
	(271, '2023-02-15 21:26:18.018407', 6, 18, 0, 8, 18, 5),
	(272, '2023-02-15 21:26:18.704277', 6, 18, 0, 10, 18, 5),
	(273, '2023-02-15 21:26:19.206189', 6, 18, 1, 11, 18, 5),
	(274, '2023-02-15 21:26:19.476002', 6, 18, 0, 12, 18, 5),
	(275, '2023-02-15 21:26:20.951368', 6, 18, 0, 13, 18, 5),
	(276, '2023-02-15 21:26:21.424573', 6, 18, 0, 14, 18, 5),
	(277, '2023-02-15 21:44:10.778887', 6, 18, 0, 10, 18, 5),
	(278, '2023-02-15 21:46:17.306410', 6, 18, 0, 14, 18, 5),
	(279, '2023-02-15 21:46:45.344331', 6, 18, 0, 10, 18, 5),
	(280, '2023-02-15 23:44:46.283826', 1, 22, 1, 1, 18, 1),
	(281, '2023-02-16 00:34:31.674893', 4, 33, 1, 1, 1, 34),
	(282, '2023-02-16 00:34:48.061536', 4, 32, 0, 18, 1, 34),
	(283, '2023-02-16 00:37:08.739280', 2, 44, 1, 1, 1, 31),
	(284, '2023-02-16 00:44:14.637278', 4, 33, 1, 1, 1, 34),
	(285, '2023-02-16 00:45:05.210546', 4, 33, 1, 1, 1, 34),
	(286, '2023-02-16 00:45:12.895781', 4, 32, 0, 18, 1, 34),
	(287, '2023-02-16 07:59:41.057272', 2, 42, 0, 3, 4, 31),
	(288, '2023-02-16 07:59:43.385106', 2, 37, 0, 18, 4, 31),
	(289, '2023-02-16 08:23:52.947508', 2, 44, 1, 1, 3, 31),
	(290, '2023-02-16 08:23:54.577207', 2, 46, 0, 3, 3, 31),
	(291, '2023-02-16 08:24:02.337615', 2, 39, 0, 3, 3, 31),
	(292, '2023-02-16 08:30:35.343380', 2, 46, 1, 3, 3, 31),
	(293, '2023-02-16 09:03:33.564318', 2, 48, 1, 1, 3, 2),
	(294, '2023-02-16 09:03:53.170640', 2, 46, 1, 3, 4, 31),
	(295, '2023-02-16 09:17:54.132903', 2, 46, 1, 3, 1, 2),
	(296, '2023-02-16 09:44:51.241301', 1, 35, 1, 3, 4, 1),
	(297, '2023-02-16 09:48:08.014099', 1, 37, 0, 9, 18, 1),
	(298, '2023-02-16 09:48:10.509019', 1, 36, 0, 9, 18, 1),
	(299, '2023-02-16 09:48:13.406960', 1, 35, 1, 3, 18, 1),
	(300, '2023-02-16 09:51:42.873819', 1, 32, 0, 18, 4, 1),
	(301, '2023-02-16 09:52:29.688727', 2, 51, 0, 9, 9, 2),
	(302, '2023-02-16 09:52:33.532510', 2, 51, 0, 9, 9, 2),
	(303, '2023-02-16 09:53:17.857426', 2, 52, 0, 9, 9, 2),
	(304, '2023-02-16 09:53:36.514581', 2, 52, 0, 9, 9, 2),
	(305, '2023-02-16 10:36:45.048030', 4, 42, 1, 6, 6, 34),
	(306, '2023-02-16 12:04:10.926721', 2, 55, 1, 1, 1, 31),
	(307, '2023-02-16 12:43:07.755838', 1, 21, 1, 1, 19, 1),
	(308, '2023-02-16 12:43:31.901928', 1, 21, 1, 1, 19, 1),
	(309, '2023-02-16 12:43:32.786467', 1, 21, 0, 1, 19, 1),
	(310, '2023-02-16 12:43:36.215455', 1, 21, 1, 1, 19, 1),
	(311, '2023-02-16 12:43:37.206372', 1, 21, 1, 1, 19, 1),
	(312, '2023-02-16 12:43:39.355373', 1, 21, 1, 1, 19, 1),
	(313, '2023-02-16 12:49:49.195418', 6, 1, 1, 6, 1, 5),
	(314, '2023-02-16 12:50:15.226503', 6, 6, 1, 1, 6, 5),
	(315, '2023-02-16 12:57:44.570786', 1, 31, 1, 4, 3, 1),
	(316, '2023-02-16 13:34:17.780741', 4, 43, 0, 20, 20, 34),
	(317, '2023-02-16 13:35:58.917880', 1, 32, 0, 18, 20, 1),
	(318, '2023-02-16 13:36:35.175103', 2, 62, 0, 18, 20, 2),
	(319, '2023-02-16 13:36:49.826021', 2, 62, 0, 18, 20, 31),
	(320, '2023-02-16 13:38:16.318237', 1, 47, 0, 20, 4, 1),
	(321, '2023-02-16 13:38:18.424467', 6, 4, 0, 20, 4, 5),
	(322, '2023-02-16 13:38:54.288047', 2, 62, 0, 18, 1, 2),
	(323, '2023-02-16 13:38:55.946010', 6, 3, 0, 20, 3, 5),
	(324, '2023-02-16 13:38:58.357721', 2, 62, 0, 18, 1, 2),
	(325, '2023-02-16 13:39:06.711096', 2, 62, 0, 20, 18, 33),
	(326, '2023-02-16 13:39:19.912094', 2, 62, 0, 18, 1, 2),
	(327, '2023-02-16 13:39:21.099045', 2, 61, 0, 4, 4, 2),
	(328, '2023-02-16 13:39:23.363194', 2, 61, 0, 4, 4, 2),
	(329, '2023-02-16 13:39:25.321182', 2, 61, 0, 4, 4, 2),
	(330, '2023-02-16 13:39:37.906738', 2, 61, 0, 4, 4, 2),
	(331, '2023-02-16 13:39:40.953102', 2, 61, 0, 4, 4, 2),
	(332, '2023-02-16 13:39:50.100727', 2, 62, 0, 18, 3, 2),
	(333, '2023-02-16 13:39:52.553785', 2, 46, 1, 3, 1, 2),
	(334, '2023-02-16 13:39:58.492956', 2, 62, 1, 18, 1, 2),
	(335, '2023-02-16 13:40:08.860426', 2, 46, 0, 1, 1, 33),
	(336, '2023-02-16 13:40:34.303541', 4, 43, 0, 20, 2, 34),
	(337, '2023-02-16 13:40:43.728082', 2, 62, 0, 20, 1, 33),
	(338, '2023-02-16 13:40:45.246312', 4, 43, 0, 20, 3, 34),
	(339, '2023-02-16 13:40:45.501228', 2, 46, 1, 3, 2, 31),
	(340, '2023-02-16 13:40:46.850363', 2, 46, 0, 1, 2, 33),
	(341, '2023-02-16 13:41:07.261579', 2, 62, 0, 20, 3, 33),
	(342, '2023-02-16 13:41:15.803774', 2, 46, 0, 1, 2, 33),
	(343, '2023-02-16 13:41:17.017245', 2, 46, 0, 1, 2, 33),
	(344, '2023-02-16 13:41:28.495244', 2, 40, 0, 1, 2, 33),
	(345, '2023-02-16 13:41:34.522183', 2, 62, 0, 20, 1, 33),
	(346, '2023-02-16 13:41:50.856517', 2, 62, 0, 20, 1, 33),
	(347, '2023-02-16 13:41:56.577608', 2, 55, 0, 1, 2, 2),
	(348, '2023-02-16 13:41:57.750907', 2, 55, 0, 2, 2, 33),
	(349, '2023-02-16 13:42:07.195802', 2, 56, 0, 1, 1, 31),
	(350, '2023-02-16 13:42:08.042005', 2, 46, 0, 3, 2, 2),
	(351, '2023-02-16 13:42:10.015366', 2, 46, 0, 2, 2, 33),
	(352, '2023-02-16 13:42:12.081028', 2, 57, 1, 6, 1, 31),
	(353, '2023-02-16 13:42:23.484142', 2, 54, 0, 1, 1, 2),
	(354, '2023-02-16 13:42:25.065977', 2, 55, 0, 1, 2, 31),
	(355, '2023-02-16 13:42:26.660771', 2, 62, 0, 18, 18, 2),
	(356, '2023-02-16 13:42:32.982985', 2, 62, 0, 18, 18, 33),
	(357, '2023-02-16 13:42:42.732411', 2, 55, 0, 2, 1, 33),
	(358, '2023-02-16 13:42:45.802176', 2, 63, 0, 1, 1, 2),
	(359, '2023-02-16 13:42:47.425943', 2, 63, 0, 1, 1, 33),
	(360, '2023-02-16 13:43:02.768384', 2, 63, 0, 1, 1, 2),
	(361, '2023-02-16 13:43:11.022337', 2, 62, 0, 18, 18, 31),
	(362, '2023-02-16 13:43:24.002109', 2, 63, 0, 1, 1, 31),
	(363, '2023-02-16 13:43:43.106036', 2, 63, 0, 1, 2, 31),
	(364, '2023-02-16 13:43:45.735099', 2, 44, 1, 1, 2, 31),
	(365, '2023-02-16 13:43:46.492740', 2, 41, 0, 1, 2, 31),
	(366, '2023-02-16 13:44:51.832489', 2, 63, 0, 1, 2, 33),
	(367, '2023-02-16 13:44:53.869764', 2, 63, 0, 1, 2, 33),
	(368, '2023-02-16 13:45:39.759887', 2, 63, 0, 1, 3, 33),
	(369, '2023-02-16 13:46:04.062195', 2, 63, 0, 1, 3, 2),
	(370, '2023-02-16 13:46:06.726337', 2, 63, 0, 3, 3, 33),
	(371, '2023-02-16 13:46:18.580410', 2, 63, 1, 3, 2, 33),
	(372, '2023-02-16 13:46:21.949551', 2, 62, 0, 3, 4, 33),
	(373, '2023-02-16 13:46:32.906673', 2, 63, 0, 1, 2, 33),
	(374, '2023-02-16 13:46:33.496001', 2, 63, 0, 1, 2, 33),
	(375, '2023-02-16 13:46:48.593336', 2, 40, 0, 1, 2, 33),
	(376, '2023-02-16 13:46:49.834022', 2, 40, 1, 3, 2, 33),
	(377, '2023-02-16 13:46:56.258398', 2, 63, 0, 1, 2, 2),
	(378, '2023-02-16 13:46:58.543771', 2, 63, 0, 2, 2, 33),
	(379, '2023-02-16 13:47:07.978865', 2, 63, 0, 1, 2, 2),
	(380, '2023-02-16 13:47:12.220919', 2, 63, 0, 1, 2, 2),
	(381, '2023-02-16 13:47:25.456956', 4, 43, 0, 20, 3, 34),
	(382, '2023-02-16 13:49:15.541941', 2, 63, 0, 1, 3, 33),
	(383, '2023-02-16 13:50:02.738241', 2, 63, 0, 1, 3, 33),
	(384, '2023-02-16 13:50:03.828426', 2, 63, 1, 1, 3, 33),
	(385, '2023-02-16 13:50:04.920113', 2, 63, 0, 1, 3, 33),
	(386, '2023-02-16 13:50:06.092025', 2, 63, 0, 1, 3, 33),
	(387, '2023-02-16 13:50:07.087964', 2, 63, 0, 1, 3, 33),
	(388, '2023-02-16 13:50:11.403617', 2, 63, 0, 1, 3, 33),
	(389, '2023-02-16 13:50:14.229253', 2, 63, 0, 1, 3, 33),
	(390, '2023-02-16 13:50:21.601784', 2, 63, 0, 1, 3, 33),
	(391, '2023-02-16 13:50:22.512387', 2, 63, 0, 1, 3, 33),
	(392, '2023-02-16 13:50:22.921763', 2, 63, 0, 1, 3, 33),
	(393, '2023-02-16 13:50:23.288252', 2, 63, 0, 1, 3, 33),
	(394, '2023-02-16 13:50:23.645347', 2, 63, 1, 1, 3, 33),
	(395, '2023-02-16 13:50:24.015570', 2, 63, 1, 1, 3, 33),
	(396, '2023-02-16 13:50:24.386355', 2, 63, 0, 1, 3, 33),
	(397, '2023-02-16 13:50:24.756414', 2, 63, 0, 1, 3, 33),
	(398, '2023-02-16 13:50:25.127188', 2, 63, 0, 1, 3, 33),
	(399, '2023-02-16 13:50:25.504601', 2, 63, 0, 1, 3, 33),
	(400, '2023-02-16 13:50:25.884184', 2, 63, 0, 1, 3, 33),
	(401, '2023-02-16 13:50:26.246436', 2, 63, 0, 1, 3, 33),
	(402, '2023-02-16 13:50:27.509694', 2, 63, 1, 1, 3, 33),
	(403, '2023-02-16 13:50:27.913094', 2, 63, 1, 1, 3, 33),
	(404, '2023-02-16 13:50:28.414609', 2, 63, 1, 1, 3, 33),
	(405, '2023-02-16 13:50:30.583825', 2, 63, 1, 1, 3, 33),
	(406, '2023-02-16 13:50:34.566420', 2, 63, 1, 1, 3, 33),
	(407, '2023-02-16 13:50:34.944065', 2, 63, 1, 1, 3, 33),
	(408, '2023-02-16 13:50:35.326242', 2, 63, 1, 1, 3, 33),
	(409, '2023-02-16 13:50:36.997708', 2, 63, 0, 2, 3, 33),
	(410, '2023-02-16 13:50:37.400082', 2, 63, 0, 2, 3, 33),
	(411, '2023-02-16 13:50:37.797707', 2, 63, 0, 2, 3, 33),
	(412, '2023-02-16 13:52:50.271675', 2, 62, 1, 1, 4, 33),
	(413, '2023-02-16 13:52:50.912809', 2, 62, 1, 1, 4, 33),
	(414, '2023-02-16 13:52:51.989125', 2, 62, 1, 1, 4, 33),
	(415, '2023-02-16 13:52:54.460631', 2, 62, 0, 20, 4, 33),
	(416, '2023-02-16 13:52:57.923299', 2, 62, 1, 1, 4, 33),
	(417, '2023-02-16 13:52:59.720334', 2, 62, 1, 1, 4, 33),
	(418, '2023-02-16 13:53:09.952580', 2, 62, 0, 18, 4, 2),
	(419, '2023-02-16 13:53:19.717367', 2, 63, 1, 1, 3, 33),
	(420, '2023-02-16 13:53:23.505929', 2, 52, 0, 9, 4, 2),
	(421, '2023-02-16 13:53:24.929766', 2, 52, 0, 9, 4, 33),
	(422, '2023-02-16 13:53:25.472017', 2, 52, 0, 9, 4, 31),
	(423, '2023-02-16 13:53:27.874544', 2, 52, 0, 9, 4, 33),
	(424, '2023-02-16 13:53:29.384686', 2, 52, 0, 4, 4, 33),
	(425, '2023-02-16 13:53:42.094326', 2, 63, 1, 1, 2, 2),
	(426, '2023-02-16 13:54:14.823037', 2, 21, 1, 1, 2, 33),
	(427, '2023-02-16 13:54:15.904801', 2, 21, 1, 1, 2, 33),
	(428, '2023-02-16 13:54:22.015324', 2, 21, 1, 1, 2, 2),
	(429, '2023-02-16 13:54:23.658245', 2, 21, 0, 2, 2, 33),
	(430, '2023-02-16 13:54:25.106798', 2, 21, 1, 1, 2, 31),
	(431, '2023-02-16 13:55:28.322633', 2, 62, 0, 18, 4, 2),
	(432, '2023-02-16 13:55:31.040983', 2, 62, 1, 4, 4, 33),
	(433, '2023-02-16 13:55:31.693514', 2, 62, 1, 4, 4, 33),
	(434, '2023-02-16 13:55:32.500811', 2, 62, 0, 18, 4, 33),
	(435, '2023-02-16 13:55:41.553322', 1, 22, 1, 1, 3, 1),
	(436, '2023-02-16 14:01:03.821355', 2, 60, 1, 4, 4, 31),
	(437, '2023-02-16 14:01:07.079367', 2, 57, 1, 6, 14, 31),
	(438, '2023-02-16 14:01:25.205595', 6, 4, 1, 1, 4, 5),
	(439, '2023-02-16 14:01:25.896357', 2, 63, 1, 1, 14, 2),
	(440, '2023-02-16 14:01:31.867452', 2, 63, 1, 3, 4, 33),
	(441, '2023-02-16 14:19:16.909781', 2, 62, 0, 18, 4, 31),
	(442, '2023-02-16 14:19:17.271437', 2, 62, 0, 18, 4, 31),
	(443, '2023-02-16 14:19:43.838655', 6, 3, 0, 14, 3, 5),
	(444, '2023-02-16 14:20:23.610829', 2, 63, 1, 1, 1, 2),
	(445, '2023-02-16 14:21:46.568812', 4, 43, 0, 20, 4, 34),
	(446, '2023-02-16 14:22:46.776496', 4, 43, 0, 20, 1, 34),
	(447, '2023-02-16 14:23:33.425553', 4, 43, 0, 20, 1, 34),
	(448, '2023-02-16 14:37:26.249845', 4, 35, 0, 4, 4, 34),
	(449, '2023-02-16 14:46:21.883677', 4, 27, 1, 1, 1, 4),
	(450, '2023-02-16 14:46:31.025177', 2, 57, 1, 6, 1, 2),
	(451, '2023-02-16 14:46:32.422627', 2, 57, 1, 6, 1, 2),
	(452, '2023-02-16 14:46:34.492496', 2, 57, 1, 6, 1, 2),
	(453, '2023-02-16 14:46:39.782798', 2, 57, 1, 6, 1, 2),
	(454, '2023-02-16 14:58:55.312977', 4, 46, 0, 4, 1, 34),
	(455, '2023-02-16 15:00:21.760315', 1, 22, 1, 1, 4, 1),
	(456, '2023-02-16 15:01:40.216604', 4, 40, 0, 3, 4, 34),
	(457, '2023-02-16 15:01:47.823010', 4, 40, 0, 3, 4, 4),
	(458, '2023-02-16 15:33:59.256193', 2, 65, 1, 1, 4, 2),
	(459, '2023-02-16 15:34:02.981043', 2, 65, 1, 1, 4, 31),
	(460, '2023-02-16 15:34:04.950282', 2, 65, 1, 1, 3, 2),
	(461, '2023-02-16 15:34:23.529050', 2, 65, 0, 4, 1, 33),
	(462, '2023-02-16 15:34:24.688162', 2, 65, 0, 3, 1, 33),
	(463, '2023-02-16 15:34:32.008460', 2, 64, 1, 1, 6, 2),
	(464, '2023-02-16 15:34:40.600170', 2, 65, 1, 1, 4, 2),
	(465, '2023-02-16 15:35:15.203648', 2, 65, 1, 1, 6, 2),
	(466, '2023-02-16 15:36:45.115023', 2, 65, 0, 4, 6, 33),
	(467, '2023-02-16 15:36:46.682418', 2, 65, 1, 1, 6, 31),
	(468, '2023-02-16 15:54:39.633506', 4, 50, 0, 14, 21, 34),
	(469, '2023-02-16 15:54:44.752769', 4, 50, 0, 14, 21, 4),
	(470, '2023-02-16 15:54:53.265736', 4, 46, 0, 4, 21, 34),
	(471, '2023-02-16 15:54:59.584798', 4, 46, 0, 4, 21, 4),
	(472, '2023-02-16 16:01:37.543671', 4, 50, 0, 14, 6, 34),
	(473, '2023-02-16 16:01:46.740678', 4, 50, 0, 14, 6, 4),
	(474, '2023-02-16 16:09:09.232156', 4, 50, 0, 14, 6, 34),
	(475, '2023-02-16 16:09:15.857678', 4, 50, 0, 14, 6, 4),
	(476, '2023-02-16 16:10:39.203786', 4, 50, 0, 14, 6, 4),
	(477, '2023-02-16 16:10:42.489895', 4, 50, 0, 14, 6, 4),
	(478, '2023-02-16 17:45:49.106018', 1, 47, 0, 20, 3, 1),
	(479, '2023-02-16 18:28:36.180971', 6, 23, 0, 22, 23, 5),
	(480, '2023-02-16 18:34:01.414692', 2, 103, 0, 22, 23, 31),
	(481, '2023-02-16 18:53:33.793666', 1, 50, 0, 22, 23, 1),
	(482, '2023-02-16 19:20:38.683790', 1, 48, 1, 1, 18, 1),
	(483, '2023-02-16 19:25:15.232141', 2, 65, 1, 1, 18, 31),
	(484, '2023-02-16 19:39:00.675122', 4, 61, 0, 18, 2, 4),
	(485, '2023-02-16 19:39:14.583168', 4, 61, 0, 18, 2, 34),
	(486, '2023-02-16 19:56:29.883206', 4, 52, 0, 2, 23, 4),
	(487, '2023-02-16 19:57:30.866364', 4, 61, 1, 18, 23, 4),
	(488, '2023-02-16 19:58:19.978019', 2, 110, 0, 22, 23, 2),
	(489, '2023-02-16 20:23:25.710255', 2, 46, 0, 3, 4, 2),
	(490, '2023-02-16 20:31:33.682913', 2, 46, 0, 3, 4, 2),
	(491, '2023-02-16 20:34:55.279907', 2, 46, 0, 3, 4, 2),
	(492, '2023-02-16 20:43:30.166006', 2, 110, 0, 22, 23, 31),
	(493, '2023-02-16 20:47:36.331413', 2, 46, 0, 3, 4, 2),
	(494, '2023-02-16 20:47:59.919133', 2, 46, 0, 3, 4, 2),
	(495, '2023-02-16 20:50:50.773139', 2, 103, 0, 22, 23, 2),
	(496, '2023-02-16 20:54:14.908388', 2, 103, 0, 22, 23, 2),
	(497, '2023-02-16 20:58:42.571183', 2, 46, 0, 3, 4, 2),
	(498, '2023-02-16 20:59:13.922749', 2, 46, 0, 3, 4, 2),
	(499, '2023-02-16 20:59:21.634418', 2, 103, 0, 22, 23, 2),
	(500, '2023-02-16 20:59:48.732175', 2, 103, 0, 22, 23, 2),
	(501, '2023-02-16 21:00:58.791282', 2, 103, 0, 22, 23, 2),
	(502, '2023-02-16 21:01:15.128976', 2, 46, 0, 3, 4, 2),
	(503, '2023-02-16 21:01:42.722020', 2, 103, 0, 22, 23, 2),
	(504, '2023-02-16 21:02:04.116180', 6, 4, 0, 3, 4, 5),
	(505, '2023-02-16 21:03:04.776709', 6, 4, 0, 3, 4, 5),
	(506, '2023-02-16 21:03:11.162708', 6, 4, 0, 3, 4, 5),
	(507, '2023-02-16 21:03:45.671350', 6, 4, 0, 3, 4, 5),
	(508, '2023-02-16 21:03:47.748182', 6, 4, 0, 3, 4, 5),
	(509, '2023-02-16 21:03:48.744843', 6, 4, 0, 3, 4, 5),
	(510, '2023-02-16 21:03:49.830409', 6, 4, 0, 3, 4, 5),
	(511, '2023-02-16 21:03:50.621932', 6, 4, 0, 3, 4, 5),
	(512, '2023-02-16 21:03:50.904718', 6, 4, 0, 3, 4, 5),
	(513, '2023-02-16 21:03:51.192184', 6, 4, 0, 3, 4, 5),
	(514, '2023-02-16 21:03:51.474553', 6, 4, 0, 3, 4, 5),
	(515, '2023-02-16 21:03:51.742043', 6, 4, 0, 3, 4, 5),
	(516, '2023-02-16 21:03:52.013728', 6, 4, 0, 3, 4, 5),
	(517, '2023-02-16 21:03:52.331011', 6, 4, 0, 3, 4, 5),
	(518, '2023-02-16 21:04:55.856373', 6, 4, 0, 3, 4, 5),
	(519, '2023-02-16 21:05:24.349509', 6, 4, 0, 3, 4, 5),
	(520, '2023-02-16 21:05:24.951189', 6, 4, 0, 3, 4, 5),
	(521, '2023-02-16 21:06:44.486596', 2, 110, 0, 22, 23, 2),
	(522, '2023-02-16 21:07:14.450036', 2, 110, 0, 22, 23, 2),
	(523, '2023-02-16 21:07:35.867895', 2, 110, 0, 22, 23, 2),
	(524, '2023-02-16 21:07:37.505752', 2, 110, 0, 22, 23, 2),
	(525, '2023-02-16 21:07:42.654021', 2, 110, 0, 22, 23, 2),
	(526, '2023-02-16 21:09:38.433254', 2, 110, 0, 22, 23, 2),
	(527, '2023-02-16 21:09:40.117610', 2, 110, 0, 22, 23, 2),
	(528, '2023-02-16 21:10:58.915809', 2, 110, 0, 22, 23, 2),
	(529, '2023-02-16 21:11:02.073103', 6, 4, 0, 3, 4, 5),
	(530, '2023-02-16 21:11:11.416401', 2, 110, 0, 22, 23, 2),
	(531, '2023-02-16 21:11:28.031873', 6, 4, 0, 3, 4, 5),
	(532, '2023-02-16 21:11:34.511334', 6, 4, 0, 3, 4, 5),
	(533, '2023-02-16 21:13:19.263519', 2, 110, 0, 22, 23, 2),
	(534, '2023-02-16 21:14:08.616963', 2, 110, 0, 22, 23, 2),
	(535, '2023-02-16 21:14:18.905621', 2, 110, 0, 22, 23, 2),
	(536, '2023-02-16 21:15:29.268900', 2, 103, 0, 22, 23, 2),
	(537, '2023-02-16 21:16:22.010753', 2, 103, 0, 22, 23, 2),
	(538, '2023-02-16 21:16:57.535125', 2, 103, 0, 22, 23, 2),
	(539, '2023-02-16 21:17:14.362854', 2, 103, 0, 22, 23, 2),
	(540, '2023-02-16 21:17:30.319569', 2, 103, 0, 22, 23, 2),
	(541, '2023-02-16 21:18:57.108920', 2, 103, 0, 22, 23, 2),
	(542, '2023-02-16 21:19:37.580850', 2, 103, 0, 22, 23, 2),
	(543, '2023-02-16 21:19:58.550563', 2, 103, 0, 22, 23, 2),
	(544, '2023-02-16 21:25:44.274644', 6, 4, 0, 3, 4, 5),
	(545, '2023-02-16 21:25:50.426351', 6, 4, 0, 3, 4, 5),
	(546, '2023-02-16 21:27:12.998823', 6, 4, 0, 3, 4, 5),
	(547, '2023-02-16 21:56:29.586558', 2, 103, 0, 22, 23, 2),
	(548, '2023-02-16 21:56:46.184674', 2, 103, 0, 22, 23, 2),
	(549, '2023-02-16 21:58:18.685696', 2, 103, 0, 22, 23, 2),
	(550, '2023-02-16 21:58:30.026508', 1, 51, 0, 23, 2, 1),
	(551, '2023-02-16 21:58:32.629450', 1, 50, 0, 22, 2, 1),
	(552, '2023-02-16 21:59:17.109154', 2, 103, 0, 22, 23, 2),
	(553, '2023-02-16 21:59:26.894135', 2, 103, 0, 22, 23, 2),
	(554, '2023-02-16 21:59:53.243772', 1, 50, 0, 22, 3, 1),
	(555, '2023-02-16 22:00:27.264615', 2, 103, 0, 22, 23, 2),
	(556, '2023-02-16 22:00:36.659493', 1, 51, 0, 23, 3, 1),
	(557, '2023-02-16 22:01:55.318117', 2, 103, 0, 22, 23, 2),
	(558, '2023-02-16 22:02:24.624908', 2, 103, 0, 22, 23, 2),
	(559, '2023-02-16 22:02:39.622293', 2, 103, 0, 22, 23, 2),
	(560, '2023-02-16 22:02:55.670388', 1, 50, 0, 22, 18, 1),
	(561, '2023-02-16 22:03:52.411578', 2, 103, 0, 22, 23, 2),
	(562, '2023-02-16 22:04:03.777010', 2, 103, 0, 22, 23, 2),
	(563, '2023-02-16 22:04:18.219259', 2, 103, 0, 22, 23, 2),
	(564, '2023-02-16 22:04:36.211810', 4, 61, 0, 18, 3, 34),
	(565, '2023-02-16 22:04:56.792270', 2, 103, 0, 22, 23, 2),
	(566, '2023-02-16 22:05:04.362883', 2, 103, 0, 22, 23, 2),
	(567, '2023-02-16 22:07:42.708670', 2, 103, 0, 22, 23, 2),
	(568, '2023-02-16 22:08:09.283276', 2, 103, 0, 22, 23, 2),
	(569, '2023-02-16 22:08:28.358848', 2, 103, 0, 22, 23, 2),
	(570, '2023-02-16 22:09:35.162623', 2, 103, 0, 22, 23, 2),
	(571, '2023-02-16 22:11:57.186463', 2, 109, 0, 22, 18, 31),
	(572, '2023-02-16 22:12:00.907735', 2, 110, 0, 22, 18, 31),
	(573, '2023-02-16 22:12:21.047415', 2, 103, 0, 22, 18, 31),
	(574, '2023-02-16 22:12:24.890747', 2, 103, 0, 22, 23, 2),
	(575, '2023-02-16 22:14:52.127710', 1, 50, 0, 22, 4, 1),
	(576, '2023-02-16 22:17:28.037392', 2, 103, 0, 22, 23, 2),
	(577, '2023-02-16 22:19:24.577765', 2, 103, 0, 22, 23, 2),
	(578, '2023-02-16 22:20:45.132027', 2, 103, 0, 22, 23, 2),
	(579, '2023-02-16 22:24:30.233336', 2, 103, 0, 22, 23, 2),
	(580, '2023-02-16 22:25:59.148081', 2, 103, 0, 22, 23, 2),
	(581, '2023-02-16 22:26:12.361918', 2, 103, 0, 22, 23, 2),
	(582, '2023-02-16 22:26:40.380870', 2, 103, 0, 22, 23, 2),
	(583, '2023-02-16 22:27:34.980477', 2, 103, 0, 22, 23, 2),
	(584, '2023-02-16 22:37:27.356649', 2, 103, 1, 22, 23, 2),
	(585, '2023-02-16 22:43:15.519231', 2, 103, 0, 22, 23, 2),
	(586, '2023-02-16 22:57:17.300109', 1, 51, 0, 23, 24, 1),
	(587, '2023-02-16 23:03:06.813383', 1, 51, 0, 23, 24, 1),
	(588, '2023-02-16 23:03:10.037941', 1, 48, 0, 1, 24, 1),
	(589, '2023-02-16 23:03:16.082073', 2, 65, 0, 1, 24, 31),
	(590, '2023-02-16 23:03:22.702283', 6, 24, 0, 4, 24, 5),
	(591, '2023-02-16 23:04:23.760924', 2, 150, 0, 23, 24, 2),
	(592, '2023-02-16 23:06:53.219838', 4, 62, 0, 24, 1, 4),
	(593, '2023-02-16 23:07:17.059339', 4, 62, 0, 1, 24, 35),
	(594, '2023-02-16 23:07:18.111114', 4, 62, 0, 1, 24, 35),
	(595, '2023-02-16 23:08:06.349916', 4, 62, 0, 24, 6, 34),
	(596, '2023-02-16 23:08:06.922562', 6, 24, 0, 22, 24, 5),
	(597, '2023-02-16 23:08:30.491661', 4, 62, 0, 24, 4, 34),
	(598, '2023-02-16 23:08:33.414397', 4, 62, 0, 24, 4, 34),
	(599, '2023-02-16 23:08:53.309994', 4, 54, 0, 2, 4, 34),
	(600, '2023-02-16 23:08:56.764000', 4, 53, 0, 2, 4, 34),
	(601, '2023-02-16 23:08:58.453766', 4, 53, 0, 2, 4, 34),
	(602, '2023-02-16 23:08:59.930208', 4, 61, 0, 18, 4, 34),
	(603, '2023-02-16 23:09:04.228104', 4, 54, 0, 2, 4, 34),
	(604, '2023-02-16 23:09:07.397531', 4, 55, 0, 2, 4, 34),
	(605, '2023-02-16 23:09:08.995050', 4, 56, 0, 2, 4, 34),
	(606, '2023-02-16 23:09:10.485417', 4, 57, 0, 2, 4, 34),
	(607, '2023-02-16 23:09:11.612872', 4, 58, 0, 2, 4, 34),
	(608, '2023-02-16 23:09:12.546181', 4, 59, 0, 2, 4, 34),
	(609, '2023-02-16 23:09:21.696779', 4, 54, 0, 2, 4, 34),
	(610, '2023-02-16 23:09:28.825248', 4, 62, 0, 1, 24, 35),
	(611, '2023-02-16 23:09:29.498780', 4, 62, 0, 1, 24, 35),
	(612, '2023-02-16 23:09:31.050938', 4, 62, 0, 1, 24, 35),
	(613, '2023-02-16 23:10:12.268089', 4, 62, 0, 1, 24, 35),
	(614, '2023-02-16 23:25:25.642955', 1, 51, 0, 23, 25, 1),
	(615, '2023-02-16 23:25:35.434793', 1, 48, 0, 1, 25, 1),
	(616, '2023-02-16 23:25:54.212093', 2, 150, 0, 24, 25, 33),
	(617, '2023-02-16 23:25:55.184465', 2, 150, 0, 23, 25, 31),
	(618, '2023-02-16 23:26:53.151715', 1, 48, 0, 1, 25, 1),
	(619, '2023-02-16 23:27:10.205449', 2, 65, 0, 1, 25, 31),
	(620, '2023-02-16 23:27:11.750242', 2, 65, 0, 4, 25, 33),
	(621, '2023-02-16 23:27:13.438966', 2, 65, 0, 3, 25, 33),
	(622, '2023-02-16 23:27:15.092263', 2, 65, 0, 4, 25, 33),
	(623, '2023-02-16 23:27:16.503922', 2, 65, 1, 6, 25, 33),
	(624, '2023-02-16 23:27:23.437413', 6, 25, 0, 4, 25, 5),
	(625, '2023-02-16 23:31:33.271238', 1, 51, 0, 23, 25, 1),
	(626, '2023-02-16 23:32:12.483841', 1, 48, 0, 1, 25, 1),
	(627, '2023-02-16 23:32:17.221808', 1, 51, 0, 23, 14, 1),
	(628, '2023-02-16 23:32:40.210937', 1, 48, 0, 1, 25, 1),
	(629, '2023-02-16 23:33:58.158470', 1, 48, 0, 1, 25, 1),
	(630, '2023-02-16 23:34:10.190457', 2, 65, 0, 1, 25, 31),
	(631, '2023-02-16 23:34:12.558107', 2, 65, 0, 4, 25, 33),
	(632, '2023-02-16 23:34:13.702678', 2, 65, 0, 3, 25, 33),
	(633, '2023-02-16 23:34:15.121568', 2, 65, 0, 4, 25, 33),
	(634, '2023-02-16 23:34:15.803131', 2, 65, 1, 6, 25, 33),
	(635, '2023-02-16 23:34:23.467035', 6, 25, 0, 4, 25, 5),
	(636, '2023-02-16 23:34:43.343047', 2, 150, 0, 23, 25, 2),
	(637, '2023-02-16 23:35:28.862904', 2, 150, 0, 23, 25, 2),
	(638, '2023-02-17 00:06:22.669431', 4, 62, 0, 1, 24, 35),
	(639, '2023-02-17 00:06:26.706467', 4, 62, 0, 1, 24, 35),
	(640, '2023-02-17 00:06:51.230815', 4, 62, 0, 1, 24, 35),
	(641, '2023-02-17 00:07:26.407057', 4, 62, 1, 1, 24, 35),
	(642, '2023-02-17 00:07:36.029730', 6, 24, 1, 22, 24, 5),
	(643, '2023-02-17 00:08:38.502067', 6, 22, 1, 24, 22, 5),
	(644, '2023-02-17 00:09:05.896051', 4, 62, 1, 1, 24, 35),
	(645, '2023-02-17 00:10:37.788475', 6, 24, 0, 23, 24, 5),
	(646, '2023-02-17 00:11:31.283641', 4, 62, 1, 1, 24, 35),
	(647, '2023-02-17 00:11:41.058124', 6, 24, 0, 22, 24, 5),
	(648, '2023-02-17 00:25:23.604363', 6, 4, 0, 3, 4, 5),
	(649, '2023-02-17 00:25:28.093844', 6, 4, 0, 3, 4, 5),
	(650, '2023-02-17 00:26:05.378343', 2, 46, 0, 3, 4, 2),
	(651, '2023-02-17 00:29:08.343879', 2, 39, 0, 3, 4, 2),
	(652, '2023-02-17 00:29:56.824562', 6, 4, 0, 3, 4, 5),
	(653, '2023-02-17 00:31:42.205460', 6, 3, 1, 6, 3, 5),
	(654, '2023-02-17 00:32:52.006980', 6, 1, 1, 6, 1, 5),
	(655, '2023-02-17 00:35:48.750483', 4, 61, 0, 18, 3, 34),
	(656, '2023-02-17 00:35:55.428592', 4, 62, 0, 24, 3, 34),
	(657, '2023-02-17 01:02:02.613088', 2, 150, 0, 23, 24, 2),
	(658, '2023-02-17 02:26:56.068495', 4, 61, 0, 18, 6, 4),
	(659, '2023-02-17 02:51:36.146380', 4, 64, 0, 6, 1, 34),
	(660, '2023-02-17 02:51:54.429733', 4, 64, 0, 6, 1, 4),
	(661, '2023-02-17 02:52:23.534213', 4, 64, 0, 6, 1, 4),
	(662, '2023-02-17 08:42:08.745952', 4, 64, 0, 6, 23, 34),
	(663, '2023-02-17 08:42:09.961492', 4, 64, 0, 6, 23, 34),
	(664, '2023-02-17 08:42:10.946909', 4, 64, 0, 1, 23, 35),
	(665, '2023-02-17 08:46:43.555593', 6, 3, 0, 4, 3, 5),
	(666, '2023-02-17 08:46:49.505011', 6, 3, 0, 4, 3, 5),
	(667, '2023-02-17 08:46:59.747969', 6, 3, 0, 4, 3, 5),
	(668, '2023-02-17 08:47:22.305625', 2, 40, 0, 4, 3, 2),
	(669, '2023-02-17 08:53:55.163797', 2, 40, 0, 4, 3, 2),
	(670, '2023-02-17 09:07:49.990872', 6, 3, 0, 6, 3, 5),
	(671, '2023-02-17 09:07:53.646360', 6, 3, 0, 6, 3, 5),
	(672, '2023-02-17 09:07:58.749376', 2, 153, 0, 6, 3, 31),
	(673, '2023-02-17 09:08:53.147205', 2, 24, 0, 4, 3, 31),
	(674, '2023-02-17 09:12:27.627166', 2, 153, 0, 6, 3, 31),
	(675, '2023-02-17 09:13:10.554420', 6, 4, 1, 6, 4, 5),
	(676, '2023-02-17 09:13:44.111704', 6, 4, 1, 6, 4, 5),
	(677, '2023-02-17 09:14:15.364700', 2, 153, 0, 6, 3, 2),
	(678, '2023-02-17 09:14:20.283954', 2, 153, 0, 6, 4, 2),
	(679, '2023-02-17 09:16:38.709484', 2, 153, 0, 6, 3, 2),
	(680, '2023-02-17 09:20:46.645249', 4, 66, 0, 6, 3, 34),
	(681, '2023-02-17 09:20:55.881620', 4, 66, 0, 6, 3, 4),
	(682, '2023-02-17 09:21:43.365981', 4, 66, 0, 3, 6, 35),
	(683, '2023-02-17 09:23:26.749676', 4, 66, 0, 6, 3, 4),
	(684, '2023-02-17 09:30:11.202254', 4, 66, 0, 6, 7, 34),
	(685, '2023-02-17 09:30:18.723131', 4, 66, 0, 3, 7, 35),
	(686, '2023-02-17 09:32:15.673863', 4, 66, 0, 3, 7, 35),
	(687, '2023-02-17 09:33:01.495463', 4, 66, 0, 6, 7, 34),
	(688, '2023-02-17 09:33:03.155274', 4, 66, 0, 6, 7, 34),
	(689, '2023-02-17 09:33:04.456527', 4, 66, 0, 3, 7, 35),
	(690, '2023-02-17 09:33:52.739235', 4, 66, 0, 6, 7, 35),
	(691, '2023-02-17 09:33:55.716242', 4, 66, 0, 6, 7, 35),
	(692, '2023-02-17 09:33:59.100989', 4, 66, 0, 6, 7, 35),
	(693, '2023-02-17 09:35:15.583174', 4, 67, 1, 6, 7, 34),
	(694, '2023-02-17 09:37:36.011624', 6, 7, 1, 6, 7, 5),
	(695, '2023-02-17 09:38:48.744612', 2, 154, 0, 6, 7, 2),
	(696, '2023-02-17 09:40:45.981241', 2, 154, 1, 6, 7, 2),
	(697, '2023-02-17 09:41:30.667495', 2, 154, 0, 6, 7, 2),
	(698, '2023-02-17 09:43:17.008999', 4, 66, 0, 6, 3, 34),
	(699, '2023-02-17 09:43:19.396557', 4, 66, 0, 6, 3, 34),
	(700, '2023-02-17 09:43:20.198984', 4, 66, 0, 6, 3, 34),
	(701, '2023-02-17 09:43:28.390353', 2, 154, 0, 6, 7, 2),
	(702, '2023-02-17 09:43:32.580676', 4, 66, 0, 6, 3, 4),
	(703, '2023-02-17 09:44:03.832582', 2, 154, 0, 6, 7, 31),
	(704, '2023-02-17 09:44:22.574063', 2, 154, 0, 6, 7, 2),
	(705, '2023-02-17 09:44:58.485593', 2, 154, 0, 6, 7, 2),
	(706, '2023-02-17 09:46:26.747161', 2, 154, 0, 6, 7, 31),
	(707, '2023-02-17 09:46:47.617812', 2, 154, 0, 6, 7, 2),
	(708, '2023-02-17 09:47:13.460069', 2, 154, 0, 6, 7, 2),
	(709, '2023-02-17 09:52:05.769628', 2, 154, 0, 6, 7, 2),
	(710, '2023-02-17 09:52:40.462405', 2, 154, 0, 6, 7, 2),
	(711, '2023-02-17 10:00:06.982569', 6, 7, 0, 22, 7, 5),
	(712, '2023-02-17 10:04:53.996548', 2, 103, 0, 22, 3, 2),
	(713, '2023-02-17 10:06:44.792371', 2, 154, 0, 6, 4, 2),
	(714, '2023-02-17 10:06:56.451477', 2, 110, 0, 22, 4, 2),
	(715, '2023-02-17 10:07:33.697615', 2, 110, 0, 22, 7, 31),
	(716, '2023-02-17 10:07:35.666375', 2, 110, 0, 22, 4, 2),
	(717, '2023-02-17 10:08:18.289758', 2, 103, 0, 22, 3, 31),
	(718, '2023-02-17 10:08:23.914753', 2, 154, 0, 6, 7, 2),
	(719, '2023-02-17 10:08:29.668125', 2, 103, 0, 22, 3, 31),
	(720, '2023-02-17 10:09:04.859057', 2, 103, 0, 22, 3, 31),
	(721, '2023-02-17 10:09:20.723296', 2, 103, 0, 22, 3, 31),
	(722, '2023-02-17 10:09:52.850526', 2, 109, 0, 22, 7, 31),
	(723, '2023-02-17 10:10:01.930942', 2, 103, 0, 22, 3, 31),
	(724, '2023-02-17 10:10:19.471020', 2, 109, 0, 22, 7, 2),
	(725, '2023-02-17 10:10:31.273085', 2, 109, 0, 22, 7, 2),
	(726, '2023-02-17 10:15:24.431786', 2, 103, 0, 22, 3, 31),
	(727, '2023-02-17 10:18:05.654587', 2, 103, 0, 22, 3, 31),
	(728, '2023-02-17 10:18:41.582282', 2, 110, 0, 22, 4, 31),
	(729, '2023-02-17 10:18:45.382080', 2, 110, 0, 22, 4, 31),
	(730, '2023-02-17 10:18:46.984455', 2, 110, 0, 22, 4, 31),
	(731, '2023-02-17 10:18:55.142417', 2, 110, 0, 22, 4, 31),
	(732, '2023-02-17 10:19:01.385747', 2, 110, 0, 22, 4, 31),
	(733, '2023-02-17 10:19:10.665539', 2, 110, 0, 22, 4, 31),
	(734, '2023-02-17 10:19:11.704988', 2, 110, 0, 22, 4, 31),
	(735, '2023-02-17 10:19:12.555282', 2, 110, 0, 22, 4, 31),
	(736, '2023-02-17 10:19:27.108081', 2, 110, 0, 22, 4, 31),
	(737, '2023-02-17 10:19:27.900382', 2, 110, 0, 22, 4, 31),
	(738, '2023-02-17 10:19:29.541431', 2, 110, 0, 22, 4, 31),
	(739, '2023-02-17 10:19:30.780639', 2, 110, 0, 22, 4, 31),
	(740, '2023-02-17 10:19:32.580229', 2, 110, 0, 22, 4, 31),
	(741, '2023-02-17 10:19:33.627338', 2, 110, 0, 22, 4, 31),
	(742, '2023-02-17 10:20:19.201168', 2, 110, 0, 22, 4, 2),
	(743, '2023-02-17 10:20:42.703981', 2, 110, 0, 22, 4, 31),
	(744, '2023-02-17 10:22:05.675038', 2, 103, 0, 22, 3, 31),
	(745, '2023-02-17 10:22:33.588818', 2, 103, 0, 22, 3, 31),
	(746, '2023-02-17 10:22:39.082597', 2, 103, 0, 22, 3, 31),
	(747, '2023-02-17 10:23:54.541044', 2, 103, 0, 22, 3, 31),
	(748, '2023-02-17 10:23:58.352630', 2, 103, 0, 22, 3, 31),
	(749, '2023-02-17 10:24:03.071184', 2, 103, 0, 22, 3, 31),
	(750, '2023-02-17 10:24:51.855840', 2, 103, 0, 22, 3, 31),
	(751, '2023-02-17 10:25:07.067075', 2, 103, 0, 22, 3, 31),
	(752, '2023-02-17 10:25:15.063988', 2, 103, 0, 22, 3, 31),
	(753, '2023-02-17 10:25:40.275796', 2, 103, 0, 22, 3, 31),
	(754, '2023-02-17 10:26:15.398750', 2, 110, 0, 22, 4, 31),
	(755, '2023-02-17 10:27:07.741855', 2, 110, 0, 22, 4, 31),
	(756, '2023-02-17 10:27:09.825311', 2, 110, 0, 22, 4, 31),
	(757, '2023-02-17 10:27:11.987088', 2, 103, 0, 22, 3, 31),
	(758, '2023-02-17 10:28:01.819092', 2, 110, 0, 22, 4, 31),
	(759, '2023-02-17 10:28:07.380545', 2, 110, 0, 22, 4, 31),
	(760, '2023-02-17 10:28:09.902375', 2, 110, 0, 22, 4, 31),
	(761, '2023-02-17 10:28:11.539198', 2, 110, 0, 22, 4, 31),
	(762, '2023-02-17 10:30:37.224546', 2, 103, 0, 22, 3, 31),
	(763, '2023-02-17 10:30:44.945360', 2, 103, 0, 22, 3, 31),
	(764, '2023-02-17 10:30:56.282482', 2, 103, 0, 22, 3, 31),
	(765, '2023-02-17 10:31:20.824274', 2, 103, 0, 22, 3, 31),
	(766, '2023-02-17 10:31:23.080861', 2, 103, 0, 22, 3, 31),
	(767, '2023-02-17 10:31:24.526836', 2, 103, 0, 22, 3, 31),
	(768, '2023-02-17 10:31:24.830659', 2, 103, 0, 22, 3, 31),
	(769, '2023-02-17 10:31:30.698411', 2, 110, 0, 22, 4, 31),
	(770, '2023-02-17 10:31:37.744141', 2, 110, 0, 22, 4, 31),
	(771, '2023-02-17 10:33:03.380671', 2, 110, 0, 22, 4, 31),
	(772, '2023-02-17 10:34:38.865818', 2, 110, 0, 22, 4, 31),
	(773, '2023-02-17 10:35:09.065994', 2, 110, 0, 22, 4, 31),
	(774, '2023-02-17 10:35:10.981366', 2, 110, 0, 22, 4, 31),
	(775, '2023-02-17 10:35:22.141019', 2, 110, 0, 22, 4, 31),
	(776, '2023-02-17 10:35:39.665520', 2, 110, 0, 22, 4, 31),
	(777, '2023-02-17 10:35:53.700722', 2, 110, 0, 22, 4, 31),
	(778, '2023-02-17 10:36:42.606722', 2, 110, 0, 22, 4, 31),
	(779, '2023-02-17 10:36:57.917006', 2, 110, 0, 22, 4, 31),
	(780, '2023-02-17 10:37:03.996964', 2, 110, 0, 22, 4, 31),
	(781, '2023-02-17 10:37:05.356591', 2, 110, 0, 22, 4, 31),
	(782, '2023-02-17 10:37:08.357505', 2, 110, 0, 22, 4, 31),
	(783, '2023-02-17 10:37:19.196736', 2, 110, 0, 22, 4, 31),
	(784, '2023-02-17 10:38:08.241773', 2, 110, 0, 22, 4, 31),
	(785, '2023-02-17 10:38:11.597747', 2, 110, 0, 22, 4, 31),
	(786, '2023-02-17 10:38:18.186447', 2, 110, 0, 22, 4, 31),
	(787, '2023-02-17 10:38:24.429842', 2, 110, 0, 22, 4, 31),
	(788, '2023-02-17 10:40:03.278608', 2, 103, 0, 22, 3, 31),
	(789, '2023-02-17 10:44:30.154492', 2, 109, 0, 22, 7, 31),
	(790, '2023-02-17 10:44:33.272880', 2, 109, 0, 22, 7, 31),
	(791, '2023-02-17 10:45:02.216817', 2, 110, 0, 22, 7, 31),
	(792, '2023-02-17 10:45:04.634178', 2, 110, 0, 22, 7, 31),
	(793, '2023-02-17 10:45:06.316252', 2, 110, 0, 22, 7, 31),
	(794, '2023-02-17 10:46:01.014586', 2, 110, 0, 22, 4, 31),
	(795, '2023-02-17 10:46:02.853604', 2, 110, 0, 22, 4, 31),
	(796, '2023-02-17 10:46:03.517178', 2, 110, 0, 22, 4, 31),
	(797, '2023-02-17 10:46:03.814527', 2, 110, 0, 22, 4, 31),
	(798, '2023-02-17 10:46:22.777107', 2, 110, 0, 22, 7, 31),
	(799, '2023-02-17 10:46:24.467025', 2, 110, 0, 22, 7, 31),
	(800, '2023-02-17 10:46:26.218366', 2, 110, 0, 22, 7, 31),
	(801, '2023-02-17 10:47:15.453551', 2, 110, 0, 22, 4, 31),
	(802, '2023-02-17 10:47:31.097170', 2, 110, 0, 22, 4, 31),
	(803, '2023-02-17 10:47:34.691085', 2, 110, 0, 22, 7, 31),
	(804, '2023-02-17 10:47:36.843453', 2, 110, 0, 22, 7, 31),
	(805, '2023-02-17 10:47:47.194352', 2, 110, 0, 22, 4, 31),
	(806, '2023-02-17 10:47:49.215224', 2, 110, 0, 22, 4, 31),
	(807, '2023-02-17 10:47:52.352251', 2, 110, 0, 22, 4, 31),
	(808, '2023-02-17 10:47:53.159797', 2, 110, 0, 22, 4, 31),
	(809, '2023-02-17 10:47:56.452252', 2, 110, 0, 22, 4, 31),
	(810, '2023-02-17 10:47:57.190352', 2, 110, 0, 22, 4, 31),
	(811, '2023-02-17 10:47:58.389409', 2, 110, 0, 22, 4, 31),
	(812, '2023-02-17 10:48:00.490107', 2, 110, 0, 22, 4, 31),
	(813, '2023-02-17 10:48:01.232743', 2, 110, 0, 22, 4, 31),
	(814, '2023-02-17 10:48:03.050290', 2, 110, 0, 22, 4, 31),
	(815, '2023-02-17 10:48:03.729359', 2, 110, 0, 22, 4, 31),
	(816, '2023-02-17 10:48:05.349328', 2, 110, 0, 22, 4, 31),
	(817, '2023-02-17 10:48:06.089535', 2, 110, 0, 22, 4, 31),
	(818, '2023-02-17 10:48:07.854529', 2, 110, 0, 22, 4, 31),
	(819, '2023-02-17 10:48:08.569141', 2, 110, 0, 22, 4, 31),
	(820, '2023-02-17 10:48:12.470781', 2, 110, 0, 22, 4, 31),
	(821, '2023-02-17 10:48:13.156679', 2, 110, 0, 22, 4, 31),
	(822, '2023-02-17 10:48:50.730582', 2, 110, 0, 22, 4, 31),
	(823, '2023-02-17 10:48:51.548938', 2, 110, 0, 22, 4, 31),
	(824, '2023-02-17 10:48:56.265530', 2, 110, 0, 22, 7, 31),
	(825, '2023-02-17 10:48:57.858821', 2, 110, 0, 22, 7, 31),
	(826, '2023-02-17 10:49:00.404252', 2, 110, 0, 22, 7, 31),
	(827, '2023-02-17 10:49:01.931655', 2, 110, 0, 22, 7, 31),
	(828, '2023-02-17 10:49:05.787671', 2, 110, 0, 22, 7, 31),
	(829, '2023-02-17 10:49:10.896287', 2, 110, 0, 22, 7, 31),
	(830, '2023-02-17 10:49:13.950422', 2, 110, 0, 22, 4, 31),
	(831, '2023-02-17 10:49:15.576791', 2, 110, 0, 22, 7, 31),
	(832, '2023-02-17 10:49:16.290285', 6, 3, 0, 22, 3, 5),
	(833, '2023-02-17 10:49:16.711256', 2, 110, 0, 22, 4, 31),
	(834, '2023-02-17 10:49:17.248738', 2, 110, 0, 22, 4, 31),
	(835, '2023-02-17 10:49:17.593725', 2, 110, 0, 22, 4, 31),
	(836, '2023-02-17 10:49:17.912977', 2, 110, 0, 22, 4, 31),
	(837, '2023-02-17 10:49:18.251072', 2, 110, 0, 22, 4, 31),
	(838, '2023-02-17 10:49:18.282661', 2, 110, 0, 22, 7, 31),
	(839, '2023-02-17 10:49:18.613649', 2, 110, 0, 22, 4, 31),
	(840, '2023-02-17 10:49:19.470051', 2, 110, 0, 22, 7, 31),
	(841, '2023-02-17 10:49:23.722652', 2, 108, 1, 22, 3, 31),
	(842, '2023-02-17 10:49:48.646340', 2, 110, 0, 22, 7, 31),
	(843, '2023-02-17 10:49:49.711374', 2, 110, 0, 22, 7, 31),
	(844, '2023-02-17 10:49:50.918356', 2, 110, 0, 22, 7, 31),
	(845, '2023-02-17 10:49:51.873766', 2, 110, 0, 22, 7, 31),
	(846, '2023-02-17 10:49:53.390065', 2, 110, 0, 22, 7, 31),
	(847, '2023-02-17 10:49:53.446336', 2, 110, 0, 22, 4, 31),
	(848, '2023-02-17 10:49:54.708814', 2, 110, 0, 22, 7, 31),
	(849, '2023-02-17 10:49:55.409568', 2, 110, 0, 22, 4, 31),
	(850, '2023-02-17 10:49:57.415705', 2, 110, 0, 22, 7, 31),
	(851, '2023-02-17 10:49:58.870188', 2, 110, 0, 22, 7, 31),
	(852, '2023-02-17 10:49:59.027497', 2, 110, 0, 22, 4, 31),
	(853, '2023-02-17 10:50:02.207597', 2, 110, 0, 22, 4, 31),
	(854, '2023-02-17 10:50:06.036179', 6, 1, 0, 22, 1, 5),
	(855, '2023-02-17 10:50:06.549491', 2, 110, 0, 22, 4, 31),
	(856, '2023-02-17 10:50:07.882348', 2, 110, 0, 22, 7, 31),
	(857, '2023-02-17 10:50:10.565380', 6, 1, 0, 22, 1, 5),
	(858, '2023-02-17 10:50:19.926086', 2, 110, 0, 22, 4, 31),
	(859, '2023-02-17 10:50:44.394985', 2, 110, 0, 22, 4, 31),
	(860, '2023-02-17 10:50:46.390065', 2, 110, 0, 22, 4, 31),
	(861, '2023-02-17 10:50:47.495537', 2, 110, 0, 22, 4, 31),
	(862, '2023-02-17 10:52:14.359364', 2, 110, 0, 22, 4, 31),
	(863, '2023-02-17 10:52:34.185799', 2, 106, 0, 22, 1, 31),
	(864, '2023-02-17 10:52:56.585165', 2, 91, 0, 22, 1, 31),
	(865, '2023-02-17 10:52:57.882758', 2, 91, 0, 22, 1, 31),
	(866, '2023-02-17 10:52:58.944757', 2, 91, 0, 22, 1, 31),
	(867, '2023-02-17 10:53:00.074723', 2, 91, 0, 22, 1, 31),
	(868, '2023-02-17 10:53:01.734656', 2, 91, 0, 22, 1, 31),
	(869, '2023-02-17 10:53:06.740251', 2, 91, 0, 22, 1, 31),
	(870, '2023-02-17 10:53:34.952080', 2, 110, 0, 22, 4, 31),
	(871, '2023-02-17 10:54:14.937448', 2, 110, 0, 22, 4, 31),
	(872, '2023-02-17 10:54:17.558551', 2, 110, 0, 22, 4, 31),
	(873, '2023-02-17 10:54:19.109131', 2, 110, 0, 22, 4, 31),
	(874, '2023-02-17 10:54:21.490677', 2, 110, 0, 22, 4, 31),
	(875, '2023-02-17 10:54:23.019997', 2, 110, 0, 22, 4, 31),
	(876, '2023-02-17 10:54:45.465409', 2, 110, 0, 22, 4, 2),
	(877, '2023-02-17 10:56:48.214646', 2, 154, 0, 6, 1, 31),
	(878, '2023-02-17 10:57:24.584920', 2, 110, 0, 22, 4, 31),
	(879, '2023-02-17 10:57:26.771701', 2, 110, 0, 22, 4, 31),
	(880, '2023-02-17 10:57:28.964435', 2, 110, 0, 22, 4, 31),
	(881, '2023-02-17 11:02:45.161076', 1, 18, 0, 4, 1, 1),
	(882, '2023-02-17 11:03:22.460935', 2, 153, 0, 6, 7, 31),
	(883, '2023-02-17 11:03:33.031107', 2, 153, 0, 6, 7, 31),
	(884, '2023-02-17 11:03:45.529623', 2, 153, 0, 6, 7, 31),
	(885, '2023-02-17 11:03:49.010578', 2, 153, 0, 6, 1, 31),
	(886, '2023-02-17 11:03:49.738789', 2, 154, 0, 6, 7, 31),
	(887, '2023-02-17 11:03:51.832931', 2, 153, 0, 6, 1, 31),
	(888, '2023-02-17 11:03:53.009075', 2, 153, 0, 6, 7, 31),
	(889, '2023-02-17 11:03:55.568446', 2, 153, 0, 6, 7, 31),
	(890, '2023-02-17 11:03:56.286588', 2, 153, 0, 6, 7, 31),
	(891, '2023-02-17 11:03:57.885289', 2, 153, 0, 6, 7, 31),
	(892, '2023-02-17 11:03:58.125820', 2, 153, 0, 6, 7, 31),
	(893, '2023-02-17 11:03:58.566120', 2, 153, 0, 6, 7, 31),
	(894, '2023-02-17 11:03:59.184516', 2, 153, 0, 6, 7, 31),
	(895, '2023-02-17 11:03:59.525897', 2, 153, 0, 6, 7, 31),
	(896, '2023-02-17 11:03:59.846494', 2, 153, 0, 6, 7, 31),
	(897, '2023-02-17 11:04:01.910519', 2, 153, 0, 3, 7, 33),
	(898, '2023-02-17 11:04:39.918919', 2, 154, 0, 6, 7, 31),
	(899, '2023-02-17 11:07:51.728136', 2, 110, 0, 22, 4, 31),
	(900, '2023-02-17 11:07:52.749293', 2, 110, 0, 22, 4, 31),
	(901, '2023-02-17 11:07:53.790970', 2, 110, 0, 22, 4, 31),
	(902, '2023-02-17 11:07:54.657873', 2, 110, 0, 22, 4, 31),
	(903, '2023-02-17 11:07:55.317350', 2, 110, 0, 22, 4, 31),
	(904, '2023-02-17 11:07:56.566086', 2, 110, 0, 22, 4, 31),
	(905, '2023-02-17 11:08:06.655491', 2, 110, 0, 22, 4, 31),
	(906, '2023-02-17 11:08:07.418298', 2, 110, 0, 22, 4, 31),
	(907, '2023-02-17 11:09:36.615966', 2, 110, 0, 22, 4, 31),
	(908, '2023-02-17 11:09:38.622941', 2, 110, 0, 22, 4, 31),
	(909, '2023-02-17 11:09:39.863374', 2, 110, 0, 22, 4, 31),
	(910, '2023-02-17 11:09:40.203357', 2, 110, 0, 22, 4, 31),
	(911, '2023-02-17 11:09:40.583057', 2, 110, 0, 22, 4, 31),
	(912, '2023-02-17 11:09:40.931177', 2, 110, 0, 22, 4, 31),
	(913, '2023-02-17 11:09:41.285084', 2, 110, 0, 22, 4, 31),
	(914, '2023-02-17 11:09:41.645640', 2, 110, 0, 22, 4, 31),
	(915, '2023-02-17 11:09:42.004218', 2, 110, 0, 22, 4, 31),
	(916, '2023-02-17 11:09:42.378948', 2, 110, 0, 22, 4, 31),
	(917, '2023-02-17 11:09:49.454339', 2, 110, 0, 22, 4, 31),
	(918, '2023-02-17 11:09:59.603631', 2, 110, 0, 22, 4, 31),
	(919, '2023-02-17 11:10:00.581061', 2, 110, 0, 22, 4, 31),
	(920, '2023-02-17 11:10:04.772940', 2, 110, 0, 22, 4, 31),
	(921, '2023-02-17 11:10:07.675103', 2, 110, 0, 22, 4, 31),
	(922, '2023-02-17 11:10:10.549342', 2, 110, 0, 22, 4, 31),
	(923, '2023-02-17 11:10:39.651857', 2, 110, 0, 22, 4, 31),
	(924, '2023-02-17 11:10:51.064620', 2, 110, 0, 22, 4, 31),
	(925, '2023-02-17 11:10:52.496325', 2, 110, 0, 22, 4, 31),
	(926, '2023-02-17 11:10:52.831587', 2, 110, 0, 22, 4, 31),
	(927, '2023-02-17 11:10:55.027014', 2, 110, 0, 22, 4, 31),
	(928, '2023-02-17 11:10:55.359762', 2, 110, 0, 22, 4, 31),
	(929, '2023-02-17 11:10:55.700085', 2, 110, 0, 22, 4, 31),
	(930, '2023-02-17 11:10:55.986895', 2, 110, 0, 22, 4, 31),
	(931, '2023-02-17 11:11:27.921223', 2, 110, 0, 22, 4, 31),
	(932, '2023-02-17 11:11:28.833386', 2, 110, 0, 22, 4, 31),
	(933, '2023-02-17 11:12:00.691347', 2, 110, 0, 22, 4, 31),
	(934, '2023-02-17 11:12:01.851873', 2, 110, 0, 22, 4, 31),
	(935, '2023-02-17 11:12:02.696339', 2, 110, 0, 22, 4, 31),
	(936, '2023-02-17 11:12:09.058992', 2, 110, 0, 22, 4, 31),
	(937, '2023-02-17 11:12:10.399980', 2, 110, 0, 22, 4, 31),
	(938, '2023-02-17 11:12:11.030713', 2, 110, 0, 22, 4, 31),
	(939, '2023-02-17 11:12:11.423394', 2, 110, 0, 22, 4, 31),
	(940, '2023-02-17 11:12:11.788266', 2, 110, 0, 22, 4, 31),
	(941, '2023-02-17 11:12:12.153948', 2, 110, 0, 22, 4, 31),
	(942, '2023-02-17 11:12:20.651816', 2, 110, 0, 22, 4, 31),
	(943, '2023-02-17 11:12:21.506307', 2, 110, 0, 22, 4, 31),
	(944, '2023-02-17 11:13:02.363382', 2, 110, 0, 22, 4, 31),
	(945, '2023-02-17 11:13:40.720222', 2, 110, 0, 22, 4, 31),
	(946, '2023-02-17 11:13:42.255598', 2, 110, 0, 22, 4, 31),
	(947, '2023-02-17 11:14:21.227964', 2, 110, 0, 22, 4, 31),
	(948, '2023-02-17 11:14:22.382940', 2, 110, 0, 22, 4, 31),
	(949, '2023-02-17 11:27:46.588581', 1, 51, 0, 23, 27, 1),
	(950, '2023-02-17 11:33:37.484680', 2, 150, 0, 23, 27, 2),
	(951, '2023-02-17 11:37:39.069427', 2, 110, 0, 22, 4, 31);

-- 테이블 데이터 imfine.paper:~148 rows (대략적) 내보내기
INSERT INTO `paper` (`id`, `created_at`, `comment_count`, `content`, `date`, `declaration_count`, `like_count`, `open`, `sentiment`, `diary_id`) VALUES
	(1, '2023-02-13 05:07:43.329567', 1, 'ddddddd', '2023-02-02', 0, 1, 1, 2, 19),
	(2, '2023-02-13 05:26:50.521694', 0, 'sss', '2023-01-03', 0, 2, 1, 2, 19),
	(3, '2023-02-13 05:27:09.348914', 1, '수정하기~QlQl', '2011-02-28', 0, 1, 0, 2, 18),
	(4, '2023-02-13 06:06:01.094925', 3, '엥?엥?500에러??????????????????????????', '2023-02-12', 0, 2, 1, 2, 17),
	(5, '2023-02-13 06:06:05.305209', 3, '쿠로미는 세균맨이 아니에요!! 세균맨칭긔...', '2023-02-11', 0, 2, 1, 2, 17),
	(6, '2023-02-13 06:06:09.042963', 4, '4', '2023-02-10', 0, 3, 1, 2, 17),
	(7, '2023-02-14 05:11:23.461458', 4, '힝구리', '2023-02-14', 0, 2, 1, 2, 25),
	(8, '2023-02-14 06:40:54.792821', 2, '발렌타인데이였음 오늘 ㄷ', '2023-02-04', 0, 0, 1, 2, 19),
	(9, '2023-02-14 06:43:32.639391', 3, '마이멜로디와 쿠로미의 관계성? 사실은 쿠로미가 세균맨의 머나먼 친척? 그렇다면 세균맨과 호빵맨은 무슨 사이인거지?', '2020-02-03', 0, 0, 1, 2, 19),
	(11, '2023-02-14 07:51:41.701311', 0, '4', '2011-03-03', 0, 1, 1, 2, 28),
	(12, '2023-02-14 08:00:26.810250', 0, '테스트해볼게요..귀여운 엘모', '2023-01-01', 0, 0, 1, 0, 21),
	(13, '2023-02-14 08:05:59.760406', 0, '4', '2011-03-04', 0, 0, 1, 2, 28),
	(14, '2023-02-14 08:11:10.268401', 1, '테스트를해볼게잉', '2022-01-02', 0, 0, 1, 2, 19),
	(15, '2023-02-14 08:12:37.118524', 2, '어제 진짜 다래끼로 고생했는데....사실 다래끼가 아니라 부은거였을지도', '2021-01-12', 0, 0, 1, 1, 21),
	(16, '2023-02-14 08:13:39.267514', 1, '제 생일이에', '2022-12-14', 0, 1, 1, 2, 19),
	(17, '2023-02-15 01:19:02.587033', 0, '아프지망고', '2023-02-10', 0, 2, 1, 1, 21),
	(18, '2023-02-15 02:10:24.649415', 0, '힝구힝구 테스트', '2023-02-15', 0, 1, 1, 2, 19),
	(19, '2023-02-15 02:54:17.756225', 0, '4', '2011-03-01', 0, 0, 1, 2, 29),
	(20, '2023-02-15 03:18:40.285481', 0, '아이들 못보낸다....특화가서도 잊지마', '2023-02-15', 0, 1, 1, 1, 17),
	(21, '2023-02-15 03:20:26.634309', 3, '공통끝나고도 한번 밥먹자...', '2022-12-14', 0, 1, 1, 2, 21),
	(22, '2023-02-15 03:34:49.634540', 0, '4', '2011-03-02', 0, 0, 1, 2, 29),
	(23, '2023-02-15 12:39:16.386852', 0, '4', '2011-03-03', 0, 0, 1, 2, 29),
	(24, '2023-02-15 12:57:36.339077', 0, '중복처리테스트가 되어있을까나', '2023-02-15', 0, 1, 1, 2, 31),
	(25, '2023-02-15 13:14:32.834096', 0, '', '2023-02-02', 0, 0, 1, 0, 31),
	(26, '2023-02-15 13:19:01.043725', 0, '바뀌어라 얍얍얍!', '2023-02-06', 0, 0, 1, 2, 31),
	(27, '2023-02-15 13:20:01.307785', 0, '가보자고', '2023-02-04', 0, 0, 1, 2, 31),
	(28, '2023-02-15 13:37:14.438218', 0, '냐ㅑㅑㅑㅑㅑㅑㅑㅑㅑㅑㅑㅑㅑㅑㅑㅑㅑㅑㅑㅑㅑㅑㅑㅑㅑㅑㅑㅑㅑㅑㅑㅑㅑㅑㅑㅑㅑ', '2023-02-02', 0, 0, 1, 2, 17),
	(29, '2023-02-15 13:58:43.183853', 1, '바보가튼나에모습...ㅠ', '2023-12-14', 0, 0, 1, 1, 18),
	(30, '2023-02-15 14:25:33.397766', 1, '테스트중입니다', '2019-02-15', 0, 0, 1, 2, 28),
	(31, '2023-02-15 15:57:00.277413', 1, '', '2023-02-15', 0, 1, 1, 0, 32),
	(32, '2023-02-15 15:57:51.637126', 0, '', '2023-02-14', 0, 0, 1, 0, 32),
	(33, '2023-02-15 15:59:11.158286', 0, '', '2023-02-13', 0, 0, 1, 0, 32),
	(34, '2023-02-15 16:00:36.683756', 0, '', '2023-02-12', 0, 0, 1, 0, 32),
	(35, '2023-02-15 16:00:48.060629', 0, '', '2023-02-11', 0, 0, 1, 0, 32),
	(36, '2023-02-15 16:03:31.795689', 0, '', '2023-02-10', 0, 0, 1, 0, 32),
	(37, '2023-02-15 16:03:45.481223', 0, '', '2023-02-09', 0, 1, 1, 0, 32),
	(38, '2023-02-15 17:35:13.412702', 1, '', '2023-02-15', 0, 2, 1, 0, 22),
	(39, '2023-02-15 17:39:55.128919', 2, '머리야~~', '2023-02-15', 0, 2, 1, 2, 25),
	(40, '2023-02-15 17:45:39.459428', 5, '나는 종합병원이야 ㅠㅠ', '2023-02-15', 0, 2, 1, 2, 18),
	(41, '2023-02-15 17:52:01.093078', 1, '졸리네요...', '2021-02-15', 0, 2, 1, 1, 21),
	(42, '2023-02-15 17:53:06.059437', 1, '유제혁바보메롱', '2023-02-15', 0, 1, 1, 2, 26),
	(43, '2023-02-15 17:57:48.551959', 0, '힝구리', '2023-02-14', 0, 0, 1, 2, 26),
	(44, '2023-02-15 19:58:17.987347', 0, '된다', '2023-01-15', 0, 3, 1, 2, 22),
	(46, '2023-02-16 08:15:36.881116', 12, '화나쪄잉', '2023-02-16', 0, 3, 1, 1, 35),
	(47, '2023-02-16 08:21:15.378197', 0, '수정 테스트', '2023-02-01', 0, 0, 1, 2, 31),
	(50, '2023-02-16 09:26:16.721127', 0, '테스트중입니다....', '2023-02-16', 0, 0, 1, 2, 36),
	(51, '2023-02-16 09:51:33.001070', 2, '숨쉬기가 힘들다...코도 아프다...누가 차라리 내 코를 뜯어가줘...아 이제 코막혀서 입맛도 없음', '2023-02-16', 0, 0, 1, 1, 37),
	(52, '2023-02-16 09:53:12.768577', 3, '과거로 회귀해서 테스트를 해볼게', '2023-02-15', 0, 0, 1, 2, 37),
	(53, '2023-02-16 10:45:24.152082', 0, '123', '2023-02-03', 0, 0, 1, 2, 31),
	(54, '2023-02-16 11:01:52.462342', 1, '과거로 회귀...', '2020-02-02', 0, 0, 1, 2, 17),
	(55, '2023-02-16 11:55:16.100489', 0, '과거로 또 회귀하기...난 이때 스물셋이었어', '2020-03-03', 1, 2, 1, 2, 22),
	(56, '2023-02-16 12:03:50.882051', 0, '꽤애액', '2023-02-07', 0, 1, 1, 1, 17),
	(57, '2023-02-16 12:51:33.444015', 4, '아야아야', '2023-02-16', 0, 2, 1, 2, 39),
	(58, '2023-02-16 12:55:28.240363', 0, '뿡빵', '2023-02-08', 0, 0, 1, 2, 31),
	(59, '2023-02-16 12:55:43.033028', 0, '1234', '2023-02-09', 0, 0, 1, 2, 31),
	(60, '2023-02-16 12:56:03.339378', 0, '2345', '2023-02-11', 0, 1, 1, 2, 31),
	(61, '2023-02-16 12:56:58.181206', 5, '123', '2023-02-10', 0, 0, 1, 2, 31),
	(62, '2023-02-16 13:21:24.122715', 9, '수정테스트', '2023-02-16', 0, 2, 1, 2, 32),
	(64, '2023-02-16 15:31:35.611754', 1, '라식 당일!!! 눈이 조금 시리고 빛번짐이 매우 심하다 ㅠㅠ\r\n안구 건조도 생겼다.. 인공눈물을 열심히 넣어야겠다', '2023-02-09', 0, 1, 1, 3, 48),
	(65, '2023-02-16 15:32:55.472810', 4, '라식 7일차! 검진을 갔는데 빛번짐은 시간이 지날수록 좋아진다고 한다 그런데 잘 모르겠다ㅠㅠ 다른 사람들은 어떤지 궁금하다\r\n눈은 아직도 많이 건조하다..', '2023-02-16', 0, 6, 1, 3, 48),
	(66, '2023-02-16 15:54:20.027502', 0, '구내염이 도졌어요...', '2023-02-13', 0, 0, 1, 1, 39),
	(67, '2023-02-16 17:49:21.377343', 0, '오늘 내가 치질이 걸렸단걸 확인한 날... \r\n너무 무섭다.. 두렵다.. 내가 잘 이겨낼 수 있을지 모르겠다..\r\n이런건 싫어..', '2023-01-01', 0, 0, 1, 1, 50),
	(68, '2023-02-16 17:50:25.028585', 0, '라식 당일!!! 눈이 조금 시리고 빛번짐이 매우 심하다 ㅠㅠ 안구 건조도 생겼다.. 인공눈물을 열심히 넣어야겠다\r\n', '2023-01-02', 0, 0, 1, 3, 51),
	(69, '2023-02-16 17:50:40.274580', 0, '확실히 약을 먹으니 통증은 덜 한것 같다.. 이 기세면 나.. 완치할 수 있을지도???', '2023-01-02', 0, 0, 1, 0, 50),
	(70, '2023-02-16 17:51:13.238519', 0, '아파... 아프다..', '2023-01-03', 0, 0, 1, 1, 50),
	(71, '2023-02-16 17:51:22.268179', 0, '', '2023-01-03', 0, 0, 1, 0, 51),
	(72, '2023-02-16 17:51:47.977053', 0, '약이 좋아... 진작 병원 갈 걸 그랬어... 나에게 힘을줘요 응원해주세요...', '2023-01-04', 0, 0, 1, 0, 50),
	(73, '2023-02-16 17:51:52.644070', 0, '', '2023-01-04', 0, 0, 1, 0, 51),
	(74, '2023-02-16 17:52:33.402842', 0, '약만 먹는다고 다 해결되는게 아니다. 식습관 올바른 생활습관.. 난 할 수 있다. 전국 치질인들 다같이 화이팅이야..', '2023-02-05', 0, 0, 1, 1, 50),
	(75, '2023-02-16 17:54:02.116347', 0, '', '2023-01-05', 0, 0, 1, 0, 51),
	(76, '2023-02-16 17:54:22.464082', 0, '치질은.. 나의 적... 치질인들은 나의 동료..', '2023-01-05', 0, 0, 1, 2, 50),
	(77, '2023-02-16 17:54:59.906014', 0, '으악!!!!!!!! 이건 지옥이야/./// 불난다 불나 내 엉덩이 어떡해~~', '2023-01-06', 0, 0, 1, 1, 50),
	(78, '2023-02-16 17:55:25.623429', 0, '낫고 싶어...  이젠 싫어.. 치질일기... 이건 힘들어..', '2023-01-07', 0, 0, 1, 1, 50),
	(79, '2023-02-16 18:09:24.012826', 0, '너무아파 항문이 찌저지려해~~', '2023-01-08', 0, 0, 1, 1, 50),
	(80, '2023-02-16 18:10:45.855038', 0, '나는 치질맨이다. 전혀 나을 기미가 보이질 않는다.\r\n', '2023-01-09', 0, 0, 1, 1, 50),
	(81, '2023-02-16 18:11:21.034712', 0, '치질... 너가 이겼다... 이제 물러나줘.', '2023-01-10', 0, 0, 1, 2, 50),
	(82, '2023-02-16 18:11:42.280275', 0, '그만해 그만괴롭혀 ....', '2023-01-11', 0, 0, 1, 1, 50),
	(83, '2023-02-16 18:12:47.802125', 0, '', '2023-01-06', 0, 0, 1, 0, 51),
	(84, '2023-02-16 18:18:26.547623', 0, '치질과의 동침.... 잠들 수 없는 밤', '2023-01-12', 0, 0, 1, 2, 50),
	(85, '2023-02-16 18:18:43.562381', 0, '오늘. 최악.', '2023-01-13', 0, 0, 1, 1, 50),
	(86, '2023-02-16 18:19:09.862920', 0, '피할수도. 즐길수도 없어... 어또캐~~', '2023-01-14', 0, 0, 1, 1, 50),
	(87, '2023-02-16 18:19:44.909994', 0, '슬슬 낫는 거 같기도???? 나 드디어... 탈출... 하는건가???', '2023-01-15', 0, 0, 1, 1, 50),
	(88, '2023-02-16 18:20:03.395572', 0, '슬슬 가려움이 느껴진다...', '2023-01-16', 0, 0, 1, 1, 50),
	(89, '2023-02-16 18:20:30.874900', 0, '가려운건 긁으면돼.. 아픈거 보단 나은건가??? ', '2023-01-17', 0, 0, 1, 1, 50),
	(90, '2023-02-16 18:20:56.425579', 0, '어떡해 낫고있어~~', '2023-01-18', 0, 0, 1, 0, 50),
	(91, '2023-02-16 18:21:21.656832', 0, '긁어글거~~ 가려워 엉덩이...', '2023-01-19', 0, 1, 1, 1, 50),
	(92, '2023-02-16 18:22:03.175250', 0, '치핵이 많이 들어갔다... 고통은 들어가고 가려움이 나오고있어 이건 기회야 ', '2023-01-20', 0, 0, 1, 1, 50),
	(93, '2023-02-16 18:22:56.376586', 0, '많이 완화되었다.. 의사선생님도 그렇게 말씀하시고 나도 몸으로 느끼고 있다... 재밌다... 낫는 기분.', '2023-01-21', 0, 0, 1, 0, 50),
	(94, '2023-02-16 18:23:31.276844', 0, '아픔도.. 가려움도.. 잊혀져간다.... 살짝 그리울지도...', '2023-01-22', 0, 0, 1, 1, 50),
	(95, '2023-02-16 18:24:13.134847', 0, '미안해 치질아... 난 더이상 너랑 같이 갈 수 없나봐... 너도 나 지겨워졌잖아.. 알고 있어 느껴져.. 우리 슬슬 정리하자..', '2023-01-23', 0, 0, 1, 1, 50),
	(96, '2023-02-16 18:24:50.245451', 0, '........ 오늘은 피곤해서.', '2023-01-24', 0, 0, 1, 1, 50),
	(97, '2023-02-16 18:25:12.193801', 0, '.. 일기 적기 귀찮다... 낫고있다는 거겠지..', '2023-01-25', 0, 0, 1, 1, 50),
	(98, '2023-02-16 18:25:41.153054', 0, '저는 먼저 탈출할 것 같습니다. 치질동료분들..\r\n', '2023-01-26', 0, 0, 1, 2, 50),
	(99, '2023-02-16 18:25:57.524932', 0, '..', '2023-01-27', 0, 0, 1, 2, 50),
	(100, '2023-02-16 18:26:15.338809', 0, '....', '2023-01-28', 0, 0, 1, 2, 50),
	(101, '2023-02-16 18:30:41.461624', 0, '없다 치질.', '2023-01-29', 0, 0, 1, 2, 50),
	(102, '2023-02-16 18:31:13.141869', 0, '완치다 완치. 내일 부로 종료합니다 저의 치질일기', '2023-01-30', 0, 0, 1, 1, 50),
	(103, '2023-02-16 18:32:48.723360', 6, '저는 다 나았습니다. 완치에요. 저를 응원해준 치질인들 전부 감사합니다.. 다른 일로 아프면 종종 들리겠습니다.. 또한 많은 새로운 치질인들이 아프지 않도록 정보 나누러 가끔 오겠습니다... 응원하러 오겠습니다. 오늘도 다들 무통한 밤들 보내시고. 행복하세요...!!', '2023-01-31', 0, 2, 1, 0, 50),
	(104, '2023-02-16 18:38:09.405107', 0, '', '2023-01-07', 0, 0, 1, 0, 51),
	(105, '2023-02-16 18:38:33.150353', 0, '', '2023-01-08', 0, 0, 1, 0, 51),
	(106, '2023-02-16 18:41:10.544231', 0, '아직 안나았나?? ㅎ... 이상하네 ', '2023-02-01', 0, 1, 1, 2, 50),
	(107, '2023-02-16 18:41:47.681987', 0, '괜찮아 처음 아팠을 때보단 훨씬나아..', '2023-02-02', 0, 0, 1, 3, 50),
	(108, '2023-02-16 18:42:23.301655', 0, '그래도 어제보단 낫네..', '2023-02-03', 0, 1, 1, 0, 50),
	(109, '2023-02-16 18:42:49.540385', 2, '안아프다... 안아프다 안간지럽다... 마법의 주문..', '2023-02-04', 0, 2, 1, 1, 50),
	(110, '2023-02-16 18:43:38.058690', 6, '진짜 완치!!!!!!!!!!! 너무좋아!!!', '2023-02-06', 0, 3, 1, 0, 50),
	(111, '2023-02-16 18:44:22.657543', 0, '수술 일주일차..\r\n검진을 다녀왔다 시력은 차차좋아진다고 하네요\r\n다들 인공눈물 뭐쓰시나요? 너무 건조해요ㅠㅠ', '2023-01-09', 0, 0, 1, 1, 51),
	(113, '2023-02-16 18:46:06.054086', 0, '', '2023-01-10', 0, 0, 1, 0, 51),
	(114, '2023-02-16 18:47:28.368602', 0, '이제 눈은 거의 안시리다.. 근데 빛번짐은 아직도 심하다', '2023-01-11', 0, 1, 1, 3, 51),
	(115, '2023-02-16 18:56:42.792703', 0, 'OO 인공눈물 추천합니다~ 건조증상이 조금 나아졌네요', '2023-01-12', 0, 0, 1, 0, 51),
	(116, '2023-02-16 18:57:23.430697', 0, '', '2023-01-13', 0, 0, 1, 0, 51),
	(117, '2023-02-16 19:50:29.231076', 0, '', '2023-01-14', 0, 0, 1, 0, 51),
	(118, '2023-02-16 19:51:17.316508', 0, '요즘 인공눈물을 자주 안넣었더니 바로 다시 건조해졌어요….', '2023-01-15', 0, 0, 1, 1, 51),
	(119, '2023-02-16 19:51:44.430780', 0, '라식한지 이주일째~~~ 병원은 다음주에 가면된다 눈이 잘보이는게 느껴진다 아직 건조하지만 ㅠㅠ', '2023-01-16', 0, 0, 1, 3, 51),
	(120, '2023-02-16 21:21:39.946362', 0, '', '2023-01-17', 0, 0, 1, 0, 51),
	(121, '2023-02-16 21:22:28.507735', 0, '', '2023-01-18', 0, 0, 1, 0, 51),
	(122, '2023-02-16 21:23:19.032611', 0, '', '2023-01-19', 0, 0, 1, 0, 51),
	(123, '2023-02-16 21:24:35.025944', 0, '', '2023-01-20', 0, 0, 1, 0, 51),
	(124, '2023-02-16 21:25:25.858850', 0, '', '2023-01-21', 0, 0, 1, 0, 51),
	(125, '2023-02-16 21:28:17.377512', 0, '', '2023-01-22', 0, 0, 1, 0, 51),
	(126, '2023-02-16 21:29:05.203717', 0, '', '2023-01-23', 0, 0, 1, 0, 51),
	(127, '2023-02-16 21:29:37.762378', 0, '', '2023-01-24', 0, 0, 1, 0, 51),
	(128, '2023-02-16 21:29:54.789946', 0, '', '2023-01-25', 0, 0, 1, 0, 51),
	(129, '2023-02-16 21:30:42.885528', 0, '', '2023-01-26', 0, 0, 1, 0, 51),
	(130, '2023-02-16 21:31:19.407802', 0, '', '2023-01-27', 0, 0, 1, 0, 51),
	(131, '2023-02-16 21:31:50.735125', 0, '', '2023-01-28', 0, 0, 1, 0, 51),
	(132, '2023-02-16 21:32:23.421298', 0, '', '2023-01-29', 0, 0, 1, 0, 51),
	(133, '2023-02-16 21:32:54.431680', 0, '', '2023-01-30', 0, 0, 1, 0, 51),
	(134, '2023-02-16 21:33:37.701454', 0, '', '2023-01-31', 0, 0, 1, 0, 51),
	(135, '2023-02-16 21:34:13.189610', 0, '', '2023-02-01', 0, 0, 1, 0, 51),
	(136, '2023-02-16 21:34:39.952788', 0, '', '2023-02-02', 0, 0, 1, 0, 51),
	(137, '2023-02-16 21:35:31.713992', 0, '', '2023-02-03', 0, 0, 1, 0, 51),
	(138, '2023-02-16 21:35:51.324565', 0, '', '2023-02-04', 0, 0, 1, 0, 51),
	(139, '2023-02-16 21:36:16.139918', 0, '', '2023-02-05', 0, 0, 1, 0, 51),
	(140, '2023-02-16 21:36:54.223687', 0, '', '2023-02-06', 0, 0, 1, 0, 51),
	(141, '2023-02-16 21:37:11.457917', 0, '', '2023-02-07', 0, 0, 1, 0, 51),
	(142, '2023-02-16 21:37:34.135080', 0, '', '2023-02-08', 0, 0, 1, 0, 51),
	(143, '2023-02-16 21:38:15.972143', 0, '', '2023-02-09', 0, 0, 1, 0, 51),
	(144, '2023-02-16 21:39:05.125342', 0, '', '2023-02-10', 0, 0, 1, 0, 51),
	(145, '2023-02-16 21:41:55.944511', 0, '', '2023-02-11', 0, 0, 1, 0, 51),
	(146, '2023-02-16 21:43:54.043576', 0, '', '2023-02-12', 0, 0, 1, 0, 51),
	(147, '2023-02-16 21:45:29.136328', 0, '', '2023-02-13', 0, 0, 1, 0, 51),
	(148, '2023-02-16 21:46:20.225029', 0, '오늘은 눈이 너무 건조했다ㅜㅜ 좋은 인공눈물 있으면 추천받고 싶어요~', '2023-02-14', 0, 0, 1, 0, 51),
	(149, '2023-02-16 21:46:36.655626', 0, '오늘은 다행히 눈이 많이 건조하지 않아서 좋았다!', '2023-02-15', 0, 0, 1, 0, 51),
	(150, '2023-02-16 21:47:36.009412', 2, '라식한지 거의 한달이 다되어간다\r\n이제 빛번짐은 확실히 많이 사라진것 같다 야호~\r\n하지만 안구건조증은 여전하다 ㅠㅠ', '2023-02-16', 0, 0, 1, 3, 51),
	(151, '2023-02-17 01:02:44.227713', 1, '죽겟어요ㅠㅠ', '2023-02-17', 0, 1, 1, 1, 17),
	(153, '2023-02-17 03:51:48.850845', 3, '아픕니다. 알보칠을 바르면 직빵인걸 알지만 그 고통이 무서워서 평생 시도는 못하고 있습니다', '2023-02-17', 0, 2, 1, 1, 39),
	(154, '2023-02-17 09:37:11.872605', 3, '따가워요', '2023-02-15', 0, 2, 1, 0, 39),
	(155, '2023-02-17 11:44:15.973600', 0, '다들 수고했어요 빠밤빠밤', '2023-02-17', 0, 0, 1, 0, 51);

-- 테이블 데이터 imfine.paper_has_symptom:~591 rows (대략적) 내보내기
INSERT INTO `paper_has_symptom` (`id`, `score`, `symptom_id`, `paper_id`) VALUES
	(1, 4, 1, 1),
	(2, 4, 2, 1),
	(3, 3, 1, 2),
	(4, 4, 2, 2),
	(5, 1, 1, 3),
	(6, 2, 2, 3),
	(7, 1, 1, 4),
	(8, 2, 2, 4),
	(9, 1, 1, 5),
	(10, 5, 2, 5),
	(11, 1, 1, 6),
	(12, 2, 2, 6),
	(13, 0, 1, 7),
	(14, 0, 1, 8),
	(15, 0, 2, 8),
	(16, 0, 1, 9),
	(17, 0, 2, 9),
	(20, 1, 1, 11),
	(21, 2, 2, 11),
	(22, 5, 3, 5),
	(23, 0, 5, 12),
	(24, 0, 7, 12),
	(26, 1, 1, 13),
	(27, 2, 2, 13),
	(28, 5, 1, 14),
	(29, 5, 2, 14),
	(30, 4, 5, 15),
	(31, 4, 7, 15),
	(33, 4, 1, 16),
	(34, 4, 2, 16),
	(35, 3, 20, 15),
	(36, 3, 22, 15),
	(37, 2, 24, 15),
	(38, 2, 27, 15),
	(39, 2, 62, 14),
	(40, 0, 5, 17),
	(41, 0, 7, 17),
	(42, 0, 20, 17),
	(43, 0, 22, 17),
	(44, 0, 24, 17),
	(45, 0, 27, 17),
	(46, 0, 62, 17),
	(47, 0, 1, 18),
	(48, 0, 2, 18),
	(49, 0, 62, 18),
	(50, 0, 22, 18),
	(51, 1, 1, 19),
	(52, 2, 2, 19),
	(53, 0, 1, 20),
	(54, 0, 2, 20),
	(55, 0, 3, 20),
	(56, 10, 5, 21),
	(57, 8, 7, 21),
	(58, 8, 20, 21),
	(59, 7, 22, 21),
	(60, 6, 24, 21),
	(61, 6, 27, 21),
	(62, 6, 62, 21),
	(63, 1, 1, 22),
	(64, 2, 2, 22),
	(65, 1, 1, 23),
	(66, 2, 2, 23),
	(67, 0, 27, 13),
	(69, 0, 4, 13),
	(70, 0, 6, 13),
	(71, 0, 8, 13),
	(72, 0, 12, 13),
	(73, 9, 1, 24),
	(74, 8, 3, 24),
	(75, 7, 2, 24),
	(76, 0, 1, 25),
	(77, 0, 3, 25),
	(78, 0, 2, 25),
	(79, 0, 1, 26),
	(80, 0, 3, 26),
	(81, 0, 2, 26),
	(82, 0, 1, 27),
	(83, 0, 3, 27),
	(84, 0, 2, 27),
	(85, 0, 1, 28),
	(86, 0, 2, 28),
	(87, 0, 3, 28),
	(88, 6, 1, 29),
	(89, 9, 2, 29),
	(90, 0, 1, 30),
	(91, 0, 2, 30),
	(92, 0, 27, 30),
	(94, 0, 4, 30),
	(95, 0, 6, 30),
	(96, 0, 8, 30),
	(97, 0, 12, 30),
	(98, 6, 12, 31),
	(99, 0, 12, 32),
	(100, 0, 12, 33),
	(101, 3, 12, 34),
	(102, 2, 12, 35),
	(104, 0, 12, 36),
	(106, 0, 12, 37),
	(109, 5, 7, 38),
	(110, 7, 11, 38),
	(111, 6, 22, 38),
	(112, 9, 39, 38),
	(113, 10, 57, 29),
	(114, 10, 42, 29),
	(115, 10, 43, 29),
	(116, 0, 1, 39),
	(117, 8, 1, 40),
	(118, 9, 2, 40),
	(119, 9, 57, 40),
	(120, 9, 42, 40),
	(121, 9, 43, 40),
	(122, 10, 5, 41),
	(123, 10, 7, 41),
	(124, 9, 20, 41),
	(125, 9, 22, 41),
	(126, 10, 24, 41),
	(127, 10, 27, 41),
	(128, 10, 62, 41),
	(129, 0, 28, 42),
	(130, 5, 28, 43),
	(131, 0, 7, 44),
	(132, 0, 11, 44),
	(133, 0, 22, 44),
	(134, 0, 39, 44),
	(138, 5, 31, 46),
	(139, 5, 62, 46),
	(140, 5, 44, 46),
	(141, 9, 1, 47),
	(142, 9, 3, 47),
	(143, 9, 2, 47),
	(152, 10, 1, 50),
	(153, 8, 26, 50),
	(154, 8, 33, 50),
	(155, 10, 34, 50),
	(156, 6, 43, 50),
	(157, 10, 42, 50),
	(158, 6, 52, 50),
	(159, 8, 27, 47),
	(161, 0, 27, 24),
	(162, 7, 4, 51),
	(163, 10, 7, 51),
	(164, 6, 62, 51),
	(165, 10, 4, 52),
	(166, 6, 7, 52),
	(167, 8, 62, 52),
	(168, 0, 1, 53),
	(169, 0, 3, 53),
	(170, 0, 2, 53),
	(171, 0, 27, 53),
	(172, 6, 1, 54),
	(173, 6, 2, 54),
	(174, 6, 3, 54),
	(175, 6, 26, 54),
	(176, 6, 7, 55),
	(177, 6, 11, 55),
	(178, 6, 22, 55),
	(179, 6, 39, 55),
	(180, 6, 20, 55),
	(181, 6, 1, 56),
	(182, 4, 2, 56),
	(183, 7, 3, 56),
	(184, 0, 26, 56),
	(185, 8, 27, 56),
	(187, 10, 12, 57),
	(188, 10, 1, 58),
	(189, 10, 3, 58),
	(190, 10, 2, 58),
	(191, 10, 27, 58),
	(192, 5, 1, 59),
	(193, 8, 3, 59),
	(194, 6, 2, 59),
	(195, 6, 27, 59),
	(196, 4, 1, 60),
	(197, 7, 3, 60),
	(198, 5, 2, 60),
	(199, 5, 27, 60),
	(200, 3, 1, 61),
	(201, 4, 3, 61),
	(202, 7, 2, 61),
	(203, 8, 27, 61),
	(204, 6, 12, 62),
	(211, 6, 4, 64),
	(212, 10, 6, 64),
	(213, 10, 11, 64),
	(214, 2, 4, 65),
	(215, 10, 6, 65),
	(216, 10, 11, 65),
	(217, 8, 12, 66),
	(218, 10, 41, 67),
	(219, 6, 38, 67),
	(220, 5, 58, 67),
	(221, 3, 56, 67),
	(222, 10, 4, 68),
	(223, 10, 6, 68),
	(225, 10, 10, 68),
	(226, 10, 11, 68),
	(227, 3, 41, 69),
	(228, 5, 38, 69),
	(229, 3, 58, 69),
	(230, 8, 56, 69),
	(231, 8, 41, 70),
	(232, 8, 38, 70),
	(233, 7, 58, 70),
	(234, 5, 56, 70),
	(235, 8, 4, 71),
	(236, 10, 6, 71),
	(238, 7, 10, 71),
	(239, 10, 11, 71),
	(240, 8, 41, 72),
	(241, 5, 38, 72),
	(242, 8, 58, 72),
	(243, 8, 56, 72),
	(244, 5, 4, 73),
	(245, 10, 6, 73),
	(247, 4, 10, 73),
	(248, 10, 11, 73),
	(249, 2, 41, 74),
	(250, 2, 38, 74),
	(251, 2, 58, 74),
	(252, 1, 56, 74),
	(253, 3, 4, 75),
	(254, 10, 6, 75),
	(256, 3, 10, 75),
	(257, 10, 11, 75),
	(258, 8, 41, 76),
	(259, 7, 38, 76),
	(260, 7, 58, 76),
	(261, 8, 56, 76),
	(262, 7, 41, 77),
	(263, 8, 38, 77),
	(264, 6, 58, 77),
	(265, 8, 56, 77),
	(266, 10, 41, 78),
	(267, 10, 38, 78),
	(268, 10, 58, 78),
	(269, 10, 56, 78),
	(270, 9, 41, 79),
	(271, 10, 38, 79),
	(272, 7, 58, 79),
	(273, 8, 56, 79),
	(274, 8, 41, 80),
	(275, 10, 38, 80),
	(276, 7, 58, 80),
	(277, 7, 56, 80),
	(278, 10, 41, 81),
	(279, 7, 38, 81),
	(280, 9, 58, 81),
	(281, 8, 56, 81),
	(282, 9, 41, 82),
	(283, 9, 38, 82),
	(284, 7, 58, 82),
	(285, 7, 56, 82),
	(286, 1, 4, 83),
	(287, 10, 6, 83),
	(289, 2, 10, 83),
	(290, 10, 11, 83),
	(291, 8, 41, 84),
	(292, 8, 38, 84),
	(293, 7, 58, 84),
	(294, 8, 56, 84),
	(295, 10, 41, 85),
	(296, 9, 38, 85),
	(297, 8, 58, 85),
	(298, 8, 56, 85),
	(299, 7, 41, 86),
	(300, 7, 38, 86),
	(301, 7, 58, 86),
	(302, 7, 56, 86),
	(303, 7, 41, 87),
	(304, 6, 38, 87),
	(305, 6, 58, 87),
	(306, 8, 56, 87),
	(307, 6, 41, 88),
	(308, 5, 38, 88),
	(309, 6, 58, 88),
	(310, 9, 56, 88),
	(311, 4, 41, 89),
	(312, 6, 38, 89),
	(313, 7, 58, 89),
	(314, 10, 56, 89),
	(315, 3, 41, 90),
	(316, 4, 38, 90),
	(317, 6, 58, 90),
	(318, 8, 56, 90),
	(319, 4, 41, 91),
	(320, 5, 38, 91),
	(321, 7, 58, 91),
	(322, 8, 56, 91),
	(323, 3, 41, 92),
	(324, 3, 38, 92),
	(325, 6, 58, 92),
	(326, 7, 56, 92),
	(327, 4, 41, 93),
	(328, 4, 38, 93),
	(329, 6, 58, 93),
	(330, 6, 56, 93),
	(331, 3, 41, 94),
	(332, 3, 38, 94),
	(333, 4, 58, 94),
	(334, 6, 56, 94),
	(335, 3, 41, 95),
	(336, 4, 38, 95),
	(337, 4, 58, 95),
	(338, 3, 56, 95),
	(339, 1, 41, 96),
	(340, 1, 38, 96),
	(341, 3, 58, 96),
	(342, 3, 56, 96),
	(343, 2, 41, 97),
	(344, 1, 38, 97),
	(345, 2, 58, 97),
	(346, 2, 56, 97),
	(347, 1, 41, 98),
	(348, 1, 38, 98),
	(349, 1, 58, 98),
	(350, 4, 56, 98),
	(351, 1, 41, 99),
	(352, 1, 38, 99),
	(353, 1, 58, 99),
	(354, 2, 56, 99),
	(355, 1, 41, 100),
	(356, 1, 38, 100),
	(357, 1, 58, 100),
	(358, 1, 56, 100),
	(359, 1, 41, 101),
	(360, 1, 38, 101),
	(361, 2, 58, 101),
	(362, 2, 56, 101),
	(363, 0, 41, 102),
	(364, 0, 38, 102),
	(365, 0, 58, 102),
	(366, 0, 56, 102),
	(367, 0, 41, 103),
	(368, 0, 38, 103),
	(369, 0, 58, 103),
	(370, 0, 56, 103),
	(371, 4, 4, 104),
	(372, 9, 6, 104),
	(373, 4, 10, 104),
	(374, 7, 11, 104),
	(375, 5, 4, 105),
	(376, 9, 6, 105),
	(377, 2, 10, 105),
	(378, 9, 11, 105),
	(379, 3, 41, 106),
	(380, 4, 38, 106),
	(381, 4, 58, 106),
	(382, 6, 56, 106),
	(383, 2, 41, 107),
	(384, 4, 38, 107),
	(385, 3, 58, 107),
	(386, 2, 56, 107),
	(387, 2, 41, 108),
	(388, 2, 38, 108),
	(389, 2, 58, 108),
	(390, 2, 56, 108),
	(391, 1, 41, 109),
	(392, 1, 38, 109),
	(393, 1, 58, 109),
	(394, 1, 56, 109),
	(395, 1, 41, 110),
	(396, 0, 38, 110),
	(397, 0, 58, 110),
	(398, 0, 56, 110),
	(399, 3, 4, 111),
	(400, 8, 6, 111),
	(401, 6, 10, 111),
	(402, 9, 11, 111),
	(403, 8, 9, 111),
	(409, 3, 4, 113),
	(410, 8, 6, 113),
	(411, 5, 10, 113),
	(412, 10, 11, 113),
	(413, 8, 9, 113),
	(414, 2, 4, 114),
	(415, 9, 6, 114),
	(416, 3, 10, 114),
	(417, 10, 11, 114),
	(418, 8, 9, 114),
	(419, 1, 4, 115),
	(420, 9, 6, 115),
	(421, 3, 10, 115),
	(422, 7, 11, 115),
	(423, 3, 9, 115),
	(424, 1, 4, 116),
	(425, 8, 6, 116),
	(426, 4, 10, 116),
	(427, 7, 11, 116),
	(428, 4, 9, 116),
	(429, 1, 4, 117),
	(430, 7, 6, 117),
	(431, 3, 10, 117),
	(432, 6, 11, 117),
	(433, 5, 9, 117),
	(434, 1, 4, 118),
	(435, 8, 6, 118),
	(436, 3, 10, 118),
	(437, 9, 11, 118),
	(438, 8, 9, 118),
	(439, 1, 4, 119),
	(440, 9, 6, 119),
	(441, 1, 10, 119),
	(442, 10, 11, 119),
	(443, 4, 9, 119),
	(444, 0, 4, 120),
	(445, 8, 6, 120),
	(446, 3, 10, 120),
	(447, 9, 11, 120),
	(448, 4, 9, 120),
	(449, 0, 4, 121),
	(450, 9, 6, 121),
	(451, 3, 10, 121),
	(452, 9, 11, 121),
	(453, 7, 9, 121),
	(454, 0, 4, 122),
	(455, 9, 6, 122),
	(456, 3, 10, 122),
	(457, 7, 11, 122),
	(458, 1, 9, 122),
	(459, 0, 4, 123),
	(460, 7, 6, 123),
	(461, 2, 10, 123),
	(462, 10, 11, 123),
	(463, 5, 9, 123),
	(464, 0, 4, 124),
	(465, 7, 6, 124),
	(466, 2, 10, 124),
	(467, 9, 11, 124),
	(468, 5, 9, 124),
	(469, 0, 4, 125),
	(470, 8, 6, 125),
	(471, 0, 10, 125),
	(472, 8, 11, 125),
	(473, 4, 9, 125),
	(474, 0, 4, 126),
	(475, 8, 6, 126),
	(476, 0, 10, 126),
	(477, 8, 11, 126),
	(478, 4, 9, 126),
	(479, 0, 4, 127),
	(480, 9, 6, 127),
	(481, 0, 10, 127),
	(482, 8, 11, 127),
	(483, 4, 9, 127),
	(484, 0, 4, 128),
	(485, 7, 6, 128),
	(486, 0, 10, 128),
	(487, 8, 11, 128),
	(488, 3, 9, 128),
	(489, 0, 4, 129),
	(490, 7, 6, 129),
	(491, 0, 10, 129),
	(492, 7, 11, 129),
	(493, 2, 9, 129),
	(494, 0, 4, 130),
	(495, 7, 6, 130),
	(496, 0, 10, 130),
	(497, 9, 11, 130),
	(498, 3, 9, 130),
	(499, 0, 4, 131),
	(500, 8, 6, 131),
	(501, 0, 10, 131),
	(502, 8, 11, 131),
	(503, 2, 9, 131),
	(504, 0, 4, 132),
	(505, 6, 6, 132),
	(506, 0, 10, 132),
	(507, 7, 11, 132),
	(508, 1, 9, 132),
	(509, 0, 4, 133),
	(510, 6, 6, 133),
	(511, 0, 10, 133),
	(512, 8, 11, 133),
	(513, 1, 9, 133),
	(514, 0, 4, 134),
	(515, 5, 6, 134),
	(516, 0, 10, 134),
	(517, 8, 11, 134),
	(518, 1, 9, 134),
	(519, 0, 4, 135),
	(520, 5, 6, 135),
	(521, 0, 10, 135),
	(522, 9, 11, 135),
	(523, 0, 9, 135),
	(524, 0, 4, 136),
	(525, 5, 6, 136),
	(526, 0, 10, 136),
	(527, 7, 11, 136),
	(528, 2, 9, 136),
	(529, 0, 4, 137),
	(530, 5, 6, 137),
	(531, 0, 10, 137),
	(532, 8, 11, 137),
	(533, 3, 9, 137),
	(534, 0, 4, 138),
	(535, 5, 6, 138),
	(536, 0, 10, 138),
	(537, 7, 11, 138),
	(538, 1, 9, 138),
	(539, 0, 4, 139),
	(540, 4, 6, 139),
	(541, 0, 10, 139),
	(542, 7, 11, 139),
	(543, 0, 9, 139),
	(544, 0, 4, 140),
	(545, 4, 6, 140),
	(546, 0, 10, 140),
	(547, 7, 11, 140),
	(548, 1, 9, 140),
	(549, 0, 4, 141),
	(550, 4, 6, 141),
	(551, 0, 10, 141),
	(552, 6, 11, 141),
	(553, 0, 9, 141),
	(554, 0, 4, 142),
	(555, 4, 6, 142),
	(556, 0, 10, 142),
	(557, 8, 11, 142),
	(558, 2, 9, 142),
	(559, 0, 4, 143),
	(560, 2, 6, 143),
	(561, 0, 10, 143),
	(562, 9, 11, 143),
	(563, 1, 9, 143),
	(564, 0, 4, 144),
	(565, 3, 6, 144),
	(566, 0, 10, 144),
	(567, 8, 11, 144),
	(568, 0, 9, 144),
	(569, 0, 4, 145),
	(570, 3, 6, 145),
	(571, 0, 10, 145),
	(572, 7, 11, 145),
	(573, 0, 9, 145),
	(574, 0, 4, 146),
	(575, 2, 6, 146),
	(576, 0, 10, 146),
	(577, 7, 11, 146),
	(578, 0, 9, 146),
	(579, 0, 4, 147),
	(580, 2, 6, 147),
	(581, 0, 10, 147),
	(582, 7, 11, 147),
	(583, 1, 9, 147),
	(584, 0, 4, 148),
	(585, 2, 6, 148),
	(586, 0, 10, 148),
	(587, 8, 11, 148),
	(588, 0, 9, 148),
	(589, 0, 4, 149),
	(590, 1, 6, 149),
	(591, 0, 10, 149),
	(592, 6, 11, 149),
	(593, 0, 9, 149),
	(594, 0, 4, 150),
	(595, 1, 6, 150),
	(596, 0, 10, 150),
	(597, 6, 11, 150),
	(598, 0, 9, 150),
	(599, 10, 1, 151),
	(600, 10, 2, 151),
	(601, 10, 3, 151),
	(602, 10, 26, 151),
	(603, 10, 27, 151),
	(612, 7, 14, 62),
	(613, 9, 4, 62),
	(614, 3, 6, 62),
	(615, 2, 8, 62),
	(616, 2, 10, 62),
	(617, 8, 11, 62),
	(618, 7, 13, 62),
	(619, 10, 14, 31),
	(620, 10, 4, 31),
	(621, 10, 6, 31),
	(622, 10, 8, 31),
	(623, 4, 10, 31),
	(624, 4, 11, 31),
	(625, 4, 13, 31),
	(629, 0, 42, 31),
	(630, 0, 44, 31),
	(631, 0, 28, 31),
	(632, 0, 42, 62),
	(633, 0, 44, 62),
	(634, 0, 28, 62),
	(635, 8, 12, 153),
	(636, 4, 12, 154),
	(637, 0, 4, 155),
	(638, 3, 6, 155),
	(639, 0, 10, 155),
	(640, 7, 11, 155),
	(641, 0, 9, 155);

-- 테이블 데이터 imfine.search:~136 rows (대략적) 내보내기
INSERT INTO `search` (`id`, `created_at`, `query`, `searcher_id`) VALUES
	(1, '2023-02-13 13:36:51.347693', '2-1', 1),
	(2, '2023-02-13 05:00:04.491248', '2-1', 1),
	(7, '2023-02-13 16:46:12.200926', '2-1', 1),
	(8, '2023-02-13 16:47:03.115656', '2-1', 1),
	(9, '2023-02-13 16:47:11.643025', '2-1', 1),
	(10, '2023-02-13 16:47:21.400426', '무지졸린', 1),
	(11, '2023-02-13 07:58:22.854342', '무지졸린', 1),
	(12, '2023-02-13 14:45:51.268847', '무지졸린', 1),
	(14, '2023-02-14 04:45:30.617377', '환석', 4),
	(15, '2023-02-14 04:45:33.157335', '스기', 4),
	(16, '2023-02-14 04:45:52.175587', '뇽', 4),
	(17, '2023-02-14 04:46:56.852670', '뇽', 4),
	(18, '2023-02-14 04:47:25.975804', '제혁', 4),
	(19, '2023-02-14 04:49:10.931575', '스기', 4),
	(25, '2023-02-14 04:53:38.240812', '스기', 4),
	(26, '2023-02-14 04:54:36.409353', '스기', 4),
	(27, '2023-02-14 04:55:04.214102', '스기', 4),
	(30, '2023-02-14 04:57:24.615703', '뇽', 4),
	(31, '2023-02-14 04:57:39.417238', '뇽', 4),
	(33, '2023-02-14 04:59:18.134386', '뇽', 4),
	(34, '2023-02-14 04:59:35.488790', '라이온', 4),
	(35, '2023-02-14 04:59:49.769221', '뇽', 4),
	(36, '2023-02-14 04:59:59.081777', '스기', 4),
	(38, '2023-02-14 05:02:02.039959', '스기', 3),
	(39, '2023-02-14 14:01:36.357417', '스기', 1),
	(40, '2023-02-14 05:02:27.865541', '스기', 4),
	(41, '2023-02-14 14:02:40.935407', '스기', 1),
	(43, '2023-02-14 05:05:21.457038', '무지', 3),
	(44, '2023-02-14 14:04:53.816507', '스기', 1),
	(45, '2023-02-14 05:06:52.442929', '스기', 4),
	(46, '2023-02-14 05:07:50.567963', '제혁', 3),
	(48, '2023-02-14 14:25:51.467177', '뇽', 1),
	(49, '2023-02-14 14:25:58.762946', '뇽', 1),
	(50, '2023-02-14 14:26:40.875447', '뇽', 1),
	(51, '2023-02-14 05:39:23.690303', '스기', 4),
	(52, '2023-02-14 06:57:10.355736', '무지', 15),
	(53, '2023-02-14 07:04:42.432371', '제혁', 2),
	(54, '2023-02-15 00:11:49.764782', '제혁', 3),
	(55, '2023-02-15 01:00:25.528059', '제혁', 2),
	(56, '2023-02-15 01:00:43.022569', '제혁', 2),
	(58, '2023-02-15 13:40:26.735573', '스기', 4),
	(59, '2023-02-15 13:40:42.119288', '뇽', 4),
	(61, '2023-02-15 14:25:27.996563', '경림', 2),
	(62, '2023-02-15 14:25:40.431280', '경림', 2),
	(63, '2023-02-15 14:25:43.644703', '무지', 2),
	(64, '2023-02-15 14:25:46.939320', '무지졸린', 4),
	(65, '2023-02-15 14:28:37.739307', '무지', 2),
	(66, '2023-02-15 14:40:51.348035', '제혁', 7),
	(67, '2023-02-15 14:45:06.203322', '제혁', 2),
	(68, '2023-02-15 14:45:30.834961', '제혁', 2),
	(69, '2023-02-15 14:52:25.021699', '무지', 3),
	(70, '2023-02-15 14:52:29.868153', '무지', 2),
	(72, '2023-02-15 14:53:11.334653', '스기', 1),
	(73, '2023-02-15 14:55:01.455086', '유저5', 4),
	(74, '2023-02-15 14:58:35.016704', '제혁', 3),
	(75, '2023-02-15 15:36:45.957153', '제혁', 9),
	(76, '2023-02-15 15:40:26.549392', 'wpgur', 10),
	(77, '2023-02-15 15:40:30.256923', '제혓ㄱ', 10),
	(78, '2023-02-15 15:40:32.559390', '제혁', 10),
	(79, '2023-02-15 15:50:40.615437', '제혁', 13),
	(80, '2023-02-15 16:20:32.133922', '스기', 1),
	(82, '2023-02-15 16:25:30.132348', '뇽', 1),
	(83, '2023-02-15 16:27:29.453466', '스기', 1),
	(84, '2023-02-15 16:52:25.491550', '냐ㅑ', 1),
	(85, '2023-02-15 16:52:31.051733', 'ss', 1),
	(86, '2023-02-15 16:52:43.873020', '바보', 1),
	(87, '2023-02-15 17:01:26.896782', '바보', 1),
	(88, '2023-02-15 17:20:01.437620', '스기', 18),
	(89, '2023-02-15 17:20:02.409862', '스기', 18),
	(90, '2023-02-15 17:20:16.619925', 'user', 18),
	(91, '2023-02-15 17:20:31.514864', 'user1', 18),
	(92, '2023-02-15 17:20:35.149970', 'user', 18),
	(93, '2023-02-15 17:20:40.507093', 'user', 18),
	(94, '2023-02-15 17:20:48.063537', '스기', 18),
	(95, '2023-02-15 17:20:51.650807', '제혁', 18),
	(96, '2023-02-15 17:22:37.047789', '유저', 18),
	(97, '2023-02-15 17:22:55.391795', '유저', 18),
	(98, '2023-02-15 17:36:01.755650', '바보', 1),
	(99, '2023-02-15 17:36:09.102777', '스기', 1),
	(100, '2023-02-15 17:36:29.411777', '스기', 1),
	(101, '2023-02-15 17:36:34.652912', '뇽', 1),
	(103, '2023-02-15 17:39:47.971732', 'syd', 4),
	(104, '2023-02-15 17:39:49.902504', '뇽', 4),
	(105, '2023-02-15 17:40:51.181360', '제혁', 3),
	(106, '2023-02-15 17:41:41.693234', '하늬', 3),
	(113, '2023-02-15 21:26:14.344331', '유저', 18),
	(114, '2023-02-15 21:44:03.896147', '유저', 18),
	(115, '2023-02-16 08:18:23.300076', '뇽', 4),
	(116, '2023-02-16 10:25:24.396596', '유저', 18),
	(117, '2023-02-16 11:58:21.055283', '하늬', 3),
	(118, '2023-02-16 12:41:51.642982', '코로나', 19),
	(119, '2023-02-16 12:49:45.136582', '유저', 1),
	(120, '2023-02-16 18:27:54.978871', '치질', 23),
	(121, '2023-02-16 18:53:49.329952', '제혁', 6),
	(122, '2023-02-16 19:52:05.027466', '치질', 3),
	(123, '2023-02-16 21:01:47.047301', '뇽', 4),
	(124, '2023-02-16 21:25:41.067270', '뇽', 4),
	(125, '2023-02-16 21:51:26.966815', '치질', 3),
	(126, '2023-02-16 21:53:33.699724', '라식', 3),
	(127, '2023-02-16 21:55:47.217268', '라식', 3),
	(128, '2023-02-16 21:59:50.605625', '치질', 3),
	(129, '2023-02-16 22:00:28.611493', '라식', 3),
	(130, '2023-02-16 22:02:39.004016', '치질', 18),
	(131, '2023-02-16 22:03:12.386883', '유저', 18),
	(132, '2023-02-16 22:03:16.465015', '라식', 18),
	(133, '2023-02-16 22:04:39.526585', '라식', 18),
	(134, '2023-02-16 22:04:39.567499', '라식', 18),
	(135, '2023-02-16 22:04:51.613538', '라식', 18),
	(136, '2023-02-16 22:04:55.448919', '라식', 18),
	(137, '2023-02-16 22:13:50.790840', '치질', 4),
	(138, '2023-02-16 22:14:40.002614', '치질', 4),
	(139, '2023-02-16 22:27:17.988842', '치질', 4),
	(140, '2023-02-16 22:27:56.259748', '라식', 18),
	(143, '2023-02-16 23:12:31.336282', '치질쟁이', 18),
	(144, '2023-02-16 23:12:31.344616', '치질쟁이', 18),
	(145, '2023-02-16 23:13:32.575092', '치질', 4),
	(146, '2023-02-16 23:19:43.622882', '치질', 4),
	(149, '2023-02-17 00:11:36.466315', '치질쟁이', 24),
	(150, '2023-02-17 00:25:16.652101', '뇽', 4),
	(152, '2023-02-17 00:31:07.019565', '유저', 3),
	(153, '2023-02-17 00:31:49.470574', 'user2', 1),
	(154, '2023-02-17 00:31:55.123093', '유저', 1),
	(155, '2023-02-17 00:37:09.526752', 'im', 3),
	(156, '2023-02-17 00:37:33.337693', 'im', 3),
	(157, '2023-02-17 07:54:21.484575', '뇽', 4),
	(158, '2023-02-17 08:46:39.900082', '제혁', 3),
	(159, '2023-02-17 09:07:46.167448', '유저2', 3),
	(160, '2023-02-17 09:08:45.564253', '제혁', 3),
	(161, '2023-02-17 09:12:08.615386', '유저2', 3),
	(162, '2023-02-17 09:13:07.136998', '유저2', 4),
	(163, '2023-02-17 09:37:33.775366', '유저', 7),
	(164, '2023-02-17 10:00:04.234963', '치질', 7),
	(165, '2023-02-17 10:04:22.466770', '치질', 3),
	(166, '2023-02-17 10:15:20.831739', '치질', 3),
	(167, '2023-02-17 10:49:12.500115', '치질', 3),
	(168, '2023-02-17 10:50:02.657558', '치질', 1);

-- 테이블 데이터 imfine.subscribe:~34 rows (대략적) 내보내기
INSERT INTO `subscribe` (`id`, `created_at`, `user_id`, `diary_id`) VALUES
	(2, '2023-02-14 05:11:10.925411', 2, 25),
	(3, '2023-02-14 05:11:15.745125', 2, 18),
	(7, '2023-02-14 21:32:37.701282', 1, 25),
	(11, '2023-02-15 00:48:57.708651', 16, 18),
	(12, '2023-02-15 00:49:05.497849', 16, 22),
	(28, '2023-02-15 15:39:55.059976', 18, 18),
	(30, '2023-02-15 17:39:37.164805', 1, 32),
	(31, '2023-02-15 17:49:41.705549', 3, 18),
	(32, '2023-02-15 18:53:17.331612', 1, 26),
	(33, '2023-02-15 23:44:46.280577', 18, 22),
	(34, '2023-02-16 09:44:51.227428', 4, 35),
	(35, '2023-02-16 09:48:08.010673', 18, 37),
	(36, '2023-02-16 09:48:10.505534', 18, 36),
	(37, '2023-02-16 09:48:13.401209', 18, 35),
	(38, '2023-02-16 09:51:42.851465', 4, 32),
	(44, '2023-02-16 12:43:39.351963', 19, 21),
	(45, '2023-02-16 12:57:44.567328', 3, 31),
	(46, '2023-02-16 13:35:58.909549', 20, 32),
	(47, '2023-02-16 13:38:16.314377', 4, 47),
	(48, '2023-02-16 13:55:41.539905', 3, 22),
	(50, '2023-02-16 17:45:49.088573', 3, 47),
	(51, '2023-02-16 18:53:33.784318', 23, 50),
	(52, '2023-02-16 19:20:38.680013', 18, 48),
	(53, '2023-02-16 21:58:30.018107', 2, 51),
	(54, '2023-02-16 21:58:32.626374', 2, 50),
	(55, '2023-02-16 21:59:53.240750', 3, 50),
	(56, '2023-02-16 22:00:36.656326', 3, 51),
	(57, '2023-02-16 22:02:55.667234', 18, 50),
	(58, '2023-02-16 22:14:52.124575', 4, 50),
	(60, '2023-02-16 23:03:06.809857', 24, 51),
	(61, '2023-02-16 23:03:10.033466', 24, 48),
	(65, '2023-02-16 23:31:33.267731', 25, 51),
	(69, '2023-02-16 23:33:58.154571', 25, 48),
	(70, '2023-02-17 11:02:45.151761', 1, 18);

-- 테이블 데이터 imfine.suggestion:~0 rows (대략적) 내보내기

-- 테이블 데이터 imfine.symptom:~62 rows (대략적) 내보내기
INSERT INTO `symptom` (`id`, `name`, `symptom_code_id`) VALUES
	(1, '두통', 1),
	(2, '어지러움', 1),
	(3, '기억장애', 1),
	(4, '눈시림', 2),
	(5, '다래끼', 2),
	(6, '빛번짐', 2),
	(7, '코막힘', 2),
	(8, '이명', 2),
	(9, '눈꼽', 2),
	(10, '눈충혈', 2),
	(11, '안구건조', 2),
	(12, '입안통증', 2),
	(13, '미각상실', 2),
	(14, '가려움', 2),
	(15, '환청', 2),
	(16, '환각', 2),
	(17, '호흡곤란', 2),
	(18, '난청', 2),
	(19, '목의통증', 3),
	(20, '기침', 3),
	(21, '가래', 3),
	(22, '목아픔', 3),
	(23, '뒷골땡김', 3),
	(24, '거북목', 3),
	(25, '일자목', 3),
	(26, '어깨결림', 4),
	(27, '어깨탈구', 4),
	(28, '두근거림', 5),
	(29, '가슴 통증', 5),
	(30, '호흡곤란', 5),
	(31, '복통', 6),
	(32, '구토', 6),
	(33, '소화불량', 6),
	(34, '답답함', 6),
	(35, '울렁거림', 6),
	(36, '포만감', 6),
	(37, '굽은등', 7),
	(38, '허리통증', 7),
	(39, '변비', 8),
	(40, '설사', 8),
	(41, '항문통증', 8),
	(42, '어깨통증', 9),
	(43, '팔통증', 9),
	(44, '관절통', 9),
	(45, '무감각', 9),
	(46, '관절경직', 9),
	(47, '저림', 9),
	(48, '관절염', 10),
	(49, '관절잡음', 10),
	(50, '다리통증', 10),
	(51, '무감각', 10),
	(52, '관절통', 10),
	(53, '무릎통증', 10),
	(54, '평발', 10),
	(55, '저림', 10),
	(56, '가려움', 11),
	(57, '버짐', 11),
	(58, '출혈', 11),
	(59, '단백뇨', 12),
	(60, '혈뇨', 12),
	(61, '잔뇨감', 12),
	(62, '식욕감퇴', 12);

-- 테이블 데이터 imfine.symptom_code:~12 rows (대략적) 내보내기
INSERT INTO `symptom_code` (`id`, `image`, `name`, `my_medium_blob_field`) VALUES
	(1, 'data:image/png;base64,iVBORw0KGgoAAAANSUhEUgAAAIwAAACMCAYAAACuwEE+AAAACXBIWXMAABYlAAAWJQFJUiTwAAAAAXNSR0IArs4c6QAAAARnQU1BAACxjwv8YQUAAA7WSURBVHgB7Z3LchtVGse/bqlbkuNbEkMwEEfGUzUsZiomi5kFVMVeMOvME+A3IDwBnicAnoDwBBPWLKKpGhbDInYKFlAzJHIcYofYiew4ltSy+sz5t3SkI7llXSx1n26dX5Wsq61L//Wd73Y+G6Q4jLHZarV688Q9yZqGmXVdN2sYRpYRzVLzFCUKtRPL4wp/T5suc/MJI7GZTCYf8PdWIIUxSDG4QK6VK+VbBhnLXBQr/KYsjRPME9ImF9JdnNu2/YAUQgnBVCqVm4zYLZexWzRuAukGFxC3OjkuoDuWZf2LQiY0wWCpcRznU/4KbnFLskya7nDxcOGsc+HkuIi2KAQCFwwXyXX+rGvcmqxR9PwPZeAH7o5t2etBCycwwRSLxayRML7mT7lCmqERtHBGLhgsPdxH+dwldps0IyMo4YxUMCWn9Cl/inXSS08w1H0cHll9QyNiJILRy0/YsFzKSq2NwtqYNGRgVYyEuaHFEibGSrnibJZKsPBD/ss0JLSvoirsy7Sd/oyGxFAEgyXITJj/1PkUReG+TcpOrQxjiTq3YGr+inmPdIZWbYYkmnMJBkk4vgTlSEdBUaFgcv/mPPWpgQWjxRJZziWagQSjxRJ5BhZN34Kp+yw8bNZiiTiFlGUv9+vT9JWHkRxcLZboM1t2yjn0H/XzS31ZmJJTfkQ6GooVBpq0LHu1106/ni0M91u+IC2W2IHcWblS/rzXx/dkYepFxC9JE19cdjudTn/V7WFdBaOd3LGhJye465JUqzprsYwBs3xputPtQWcKxjlxPtFV53HCWOlW4e64JOka0diCpWmxU9TU0cLw6jM85yxpxo3Zs6ImXwtTty6PSDO2cCuT9XOAfS1M3bpoxphODvApC6Oti0bAC5TL7QXKUxZGWxdNA4PWTt8koa2Lpo1TEVOLhUlYiZuk0TSZ5bm4lrxMi4XR1WiND5tpO/WBuNKwMBi5QVosmtMs17Xh0RCMy9w10mh8wOwecdls3uhNe9JoTlEf9OSRxA/HcZZdYlkaAyquS8eVCh2Ui/xy1bsOLNOkCcumiaRNM6kUaVrIopUTmV9PMNzOXCeXYgtE8fjwJe0eH3GhlBoi6QTEM5NK09WpGZrLXOAismjcwdxBfvaVJxgmmZw4AWH8Wtinhwcvuoqk/ff2isfeCUA47196Y6yFgyGVtXOKZzgNofzycs9XKDjwlzMT3JIkPGsC8DhYn+OTChX5yY8xF06eh9eLBqYulCvOS4oJOPA/7G43rIPgcnqC5i9M0sL0rCeUsziuON7v/8ot06FTbrkPYnlv5hItzV6icYNnfS8aiLGrzM1RDIAz+/3TLc9KCDL8AN94c97zRQYBVufXwgvaPjpouX0crY1h0q1klVWXFZzv3Dd+YoEl+PPcFToPcH5vXHmb5icn6ce93xvL1farA9rnVujDd66NjWiYy7JJbxw7YxR1ftzbbRHLB9yqLEwNr3d9/sK0d/r5xXPPNwJ4vtz2I/rw7QWyEgnaOTqk/VLRs0oAt0FMb2EpnIp+Hz20YpSc0r0oNXrXIpjXVKlWvQMGpxXnDw+abtifLl8ZqY+x8/qQ7v++Qyd9RF4QTuStEWN3IyMYOKG/vHx+yplt548X5zzfYtTAMf7308cdIyo/4GzDGmGZiyibhuohNXyTjedPuwoFwMH927U/UFC0iwaR2AJ3hiEILEe4f+f1K3rM/R1hjWBhVq4udo3UFCUPwcCWK7nA+jmyAAdmwrK8D7+W6ne829+/NMcPVoaCBM994JS8KKyTCNqF9d7MRe6Mv0URpADBKOnx+okFyw18kyh+O+F3fc9FA/D6P762FMn3MfQ5vcMC0YgQS5I7tivvZj3fJKKm3LNAsIwARc/HhwcURZQUDL6NcqLsxptvB77UjAJkmgW73LeJIkoKRv72IaM6f2GK4gDyOIKDtpJDVFBOMPBdZOsCRzYuCEcdYFk67iMkVwXlBHPgFBuX5xANJW2KExmrmbgTGeEooZxg5HwLWhDihpzpRSLy8Sul/4nsKRS0MM21fdAKs8qI/htwUC7TBi8x5J48jMzypJxgipXmBzdhxa8KvMQr6NN2a88whIMiZi/Z7LBRz+mVvmlxbBtAo/nq1ffo44Ulujo507gdTjASlaqLRinB9NN3G3UgHPTZQDgZ6Yvxw+4TpZcnZQSDiCG3/ZDGDQjnI17Bzkjh9g87T0hVlBAMxOJXNxoXhGiSdYcYxUyURlQkdMGIIqNYjvChoWckiJ4WlYBo3r/YfM9oCIO1UY3QBSOLBWZ59epi4OG02IcUNqjEy0sTms9VI1TBPD4stCxDH72zEHhmFxbuu63/esJFX3DYLM1cbFzePVavQBmqYEQzNYDPEkYZAFGJsHBYBr7b+l+oUQr2TTV8GZ6fUS3MDk0wYpchQI9LGBvD7j976jmYMnhNEM3935+GIhx8FnJ1Hq0eKpGkkDg+cRqX0VgUZGMULMr9Z795m/Pl17Bfan6bse8Ipzlezwp6Uz6KrnhusK+YhQlNMDC3giDHa8CytSfHxE4D9N7+/GKvpb1C3pSP5m6vnziZ9Bq65HaFYTI/OUUbz3dqr1exvpnQBBM0YpKD7DcBeVuKyL6iB6ddOABi69SS0C6cv7z17sDbSWBt8fcgatE3o0qZJDTByFXbUfsKiMYgFPl54FhiG63fjkRZOLAu2CYiL1d+tL8HbORHa+mgTNvpxt+EH6PKzsnQBCN/+9odz2EBocBK+E1yuHFlvmtUBuEs4MQjF3zThYXB34PFwraRTmLffX3k/c6gvpmVaH6hKlV1amyhCgbfcmzwOuT+DHyaYfgyZw0RwvMhmzpIRIYDD8cXp6XZy6fuF8L5z862NyJE7AwYNPqTlyCVMr4hLkkJmuFmV5h67FeeSQ1eDqjNc9n3ogo/oSzVZ7qMKhoTBxghsZgpA9EuTM9EdmuMH6E6vfARxOYuJM1g+vtx7iASbEXdflXwbY0IQijt4Lngv8BywuogvT9IXUzFOhIIVTBicxesDD6gDZ5Iw4SDTuAA7B2/pj3+eOzr6dQ/4+1xnq5tTwn6243nw7L30/4z7zqcbbyOfiOm48pJ47JKnYehh9WylYEQOoWQqPPIIz3aEdYEibawe4FhZWD5xHKLvE+/oz6KUmJTpZ0TSuVhUKn1+1ARVvqJpTasZ8rbUahawzjGpN178qixNH3/21bPovEiMiecxGY3QheMvMtxrsO2EvkxyE8sTE17AlF5zgpC8r/y5J2wnv2IRq4fTXOxqOQ0h94PIyfEOiWnDqU8DZJtCGujMJQHov7gjfnGdSGabnuRdo6aNa65tFqWM1TBoBdFrlh3sjCqmudeQOQH0YiWBbxf7EXq1BzVvlUYA4pUIlzBSI7djO0vhONK67aTKOY0IJrVdxdbdgd06nORrQ+WI9UsaaiCkQt5mQ6h43FLtBDdfUrCpxEc+pRDPOvyqmldEPWpRqiCkfMoncQgJ7CSEc+YinIIEJVoGXmIEqyRiqNaldmX1CkJJxfe5IJcVLnQYVnyMtYRGHMS6hGQrYrsq8jEbeusPJFCvGec/7T3rHE7OvxUHQQdqmBkh06UB9qRb4tDEQ8FV4Fok5A7ALEUqTxEKXTBJBv/fsZ/H05rSB3ZgcgN5Iw0viQ/Pt9t6QdChljlIUqhOwVyJID0f3sLpDz+Q+7SiyooJMpfEtlvQbuo6jNxQj8CKP2LeSn4AHO8/iL2FcuJPRAHCwPkZUkQ1Mj786JE8RH5CXlSNloCkI+Qy/pz6fiML0OxVC6JREUsQAkb3z7yAni9LzGddydbygnPyY3O4AFlnAKIBv9YAnWXjE/4HKd5d1GeDIolCcULZYJ+1F1wkmfzgzjNu4twuaMAC6Pk3M92ixKneXeq9uv2QME0FBVMnJGz2tNRivwMI2+SQXnSBEqUyx3cwhh50gSKqjsCusH9l03TZW6eNIFSYdGsj0ErZtJM5klRRAo9E7MBz5bRFMmEFZ0BGsxgDwzG2Gy54rwkBcG8FkxOwKa0OP1XE0RJO0evvOUoSvmllGVfNHBB9f8sq1EAxvLpVHrRs/lcNTnSaM5mEz88wTBim6TRnIFpmHe9c/xgVfYtaTRn4DjOA5wb4gbtx2g6UvdfcLFRrTYN4y5pND4YhpETlxuC4RlfLRiNL67hfiMuG/IdPB+zwfMyy6TRCKTlCLQ1UDFtZTQt8OhoXb7eYmHqWV84v2ruotIEDs/uZrkPsyWut1gYfkeBO793SKMhz5rckcVSv60VHm8vu8Q2SDP2tFsXcKoJ3LZtnvVlOdKMNX7WpX77aYrFYtZImI9IM7b4WRfgu80kk8nkuS/zJWnGkk7WpX6fPzpiGlN43iVlp1Y6CabjRjYvYiJjnTRjBfIuncQCDOpCySnd4w9bIU384TWjtGWvnvkQ6kLdAUaYrZemeFPgju7yWdYFdN1b7TnAemkaA9h6N7GArhZG4FScL1zGbpMmdiAiti37s14e27NgEDVx0dxjRLqaHSfaqtHd6HncB6Imt+r+nV/MkyYe1EPofn6lZwsj0E5wbOjJyW2n74FCdSd4hfTUhyiDHNtKv2IBfVsYAa9qX3drRUptaaKFJxZeZH5AAzCwYIAWTeQ4l1jAuQQD6j4NzwbrLSpK06VG1CvnHooIn4ZVXaST86RREm4VNochFjCUKZoQTdpOLeqWCPWoJ+VWhyEW7+/REEG2kK+RyAbrCCp8+DFgt3FMkEOjIXFuH8aPml9jfK2r3CHBq86ppLU2LKsiM5LBzrUlKr1qmsYaad8mSDyrkh7iEtTOSCyMDKyNmTA/5zWoNdKMDPgqVtL6xzCXHz9GLhiBFs6IGOHy4/t0FDBaOEPB23DoMOebSXsy0GFQgQtGAOEkrMRN12XrpJN+PYF8Cv9x107aX4166TnjNYRPsVJcMZn5Cbc6K6TF0w62/NytUvXbjJXJUcgoIRiZI+do2Tbt6y5jt4h5zVpZGi/yGFKJuYMYJYeIkxRCOcG0g06/0klp2WDGddMws67o+GMsS7WiZ9QKn1hKClhSuCjQKpLHhG3DNLbshJ0La6nplf8DOTP18if6QAwAAAAASUVORK5CYII=', '머리', NULL),
	(2, 'data:image/png;base64,iVBORw0KGgoAAAANSUhEUgAAAIwAAACMCAYAAACuwEE+AAAACXBIWXMAABYlAAAWJQFJUiTwAAAAAXNSR0IArs4c6QAAAARnQU1BAACxjwv8YQUAABCTSURBVHgB7Z3NchNXFsdPt6yWbAwYMN8BxDBVYTEUhsVkkVRhNrMmTxC/QcgThDxBkicIeYIh61nEUzUskgU2lSySqgGESTAEm9jGtuyW1Df339KVrtr66JZa6ntb91dlS5b1Yav/Oufcc849bZHiMMZmqtXqrYpXKdiWXfA8r2BZVoERzVDzSyc2al+siB/4/7TsMa+YsTLLExMTj/n/tkEKY5FicIFc2i/v37HImuOimOc3FWicYL6QlrmQHuDScZzHpBBKCKZcLt9ixO54jN2hcRNIL7iAuNVZ5AK6n81m/0sJk5hg4Gpc1/2U/wV3uCWZI0NvuHi4cO5x4SxyET2nBBi5YLhIrvNXXeDWZIH0iz+UgR+4+07WuTdq4YxMMKVSqWBlrG/4S86TITZGLZyhCwauh8con3vE7pJhaIxKOEMVzJ679yl/iXtkXM9oqMc4fGX1LQ2JoQjGuJ+kYYu5bG5hGNbGppiBVbEy9pIRS5JY8/tld3lvDxY+5memmDCxiqqwr/JO/jOKiVgEAxdkZ+x/m3yKovDYJufk5uNwUQMLphav2N+TydCqTUyiGUgwSMJxF7RIZhWkCxs2j28GqU/1LRgjFm0ZSDR9CcaIRXv6Fk1kwdRjFr5sNmLRnI1c1pmLGtNEysNIAa4Ri/7M7Lv7i+g/ivKgSBZmz91/RmY1lCosNGllndthO/1CWxget3xJRiypA7mz/fL+52HvH8rC1IuIX5EhvXjsbj6f/7rX3XoKxgS5Y0OoILinS6pVnY1YxoAZ7pru97pTV8G4FfcTU3UeJ6z5XhXuji7J1IjGFrimy51WTR0tDK8+I3IukGHcmOm2amprYerW5RkZxhZuZQrtAuC2FqZuXQxjTKcA+ICFMdbFIOAFyrlggfKAhTHWxdDAooWDN0mMg3Upex7tlsu0uV/i16v+z92YmsjSVNahrJ2ho7kcjRkHVkwT8m8z2cwtz2OUJiCI1e0tWtvbpfXSLu1WytQvWdvmosnTifwUnT10ZBwENMNzccjLfCFuaLEwaapGr3Fx/PrnG25J9npakX6B9Xn/+CzNTh7yr6eU5byTuyF+aAgGIzeqzFskzVnZ2qCnW2+5UPbb/n6CWwkcXFgK0OtAwyL5Lszdo0oX4V04fJSuHj+ZSuFkLHtejBppuCSPeQukMcKi4DIIXMjspPg6RP2yW3Z94axub9Pq7rsWAb14t+l/vX9s1hdOmsDsHn7hC6ZhYXR1R3A3v7z9g55u/tlyOyzJlaPHeaxxuGFN4gbWbIWLZH2vVaSwMh+ev5Qma1PkbukyrviCcV13ziO2RJoBV/Hjq9/8T71ACOXKzHF/ZTMK1ko79OiPVSoFAuo0WRuR+a3lYWy6TpqBYHbxt6ctYoHruX3hsn+QRiUWADf3r0t/pxsnz9KkZFV+/XONflp7RWkAcwdx6ccwrDZbThtW3m3QEv9EC2BVrh476VuVJLl4ZMaPk37gVm/LrQXdcJVbPAD/59n3RiriuMGQytol6RW/rO68892QAJ/oD86c53HKJKnEL2/f+BZGMMutH+IajfHjGBtTF0gTscANLf3xsvEzxPLR+YvKiQXALSKGESBx+Ej62zWkAK3YlUpFi/hFBLgiCSfEMjXhkKoERYNl95ONt6QrbtW9ZVdZVYsRHUtvXjbS+jqIRQDR/O3oscbPP6+/bpsr0gHmsYKNceykOE821lve5JunzoYWCx6HeAKBclJcmz3jr+AEcKsofOoGtGLzDK/SFgauSA4eYeLDZmsfvX5JD18+9x+PVdV/nv8/sQMFkWM1B2ApdXRNOM9D7DPu4gbWQY5bwibCVne26MX2ZsttOFA/rb2mJECLBJb+Aiy3B6mcJ4JlQTBWgRQF1kU+6DdPnQv9WNmFHXGabQhJBp7IEwnXBEuHD4NmzMDCKLtJTX5DUQ1GUiwsm26zWh0MPOGikvp0Xz3eumrSLJZRVzBB63LxcLQ/EzkbwVTdlYm0PQ7Sw9+fJ3KwEH/JAbBmscyMsjEMCnqCI7lcJOsCIYjWg1prZd6//OjcxZbA8+HvK4mIRrYywSq76igrmBXJuqD6HAXZuhyV4pdg4InC5eKLZyNfcsPKCOFCsDrlZSZIQfAmrktvYhTrAmTBTGZbe1IQeOL5xVIdlgZL7p/56qmfvhlYrkm/gy8XqVXzIo/JhHWBNY36PyaFkoKR3RGKdlEzunJAe9Q5KALRSvkLF43oYcHSPY5PethWTQhECGbdWJjBkPtxj/TxqZcPQCerIVoRnmy+5Tmb7QPNT/0StlVTTj7KKzrVUV4wUU11rWG7+fhuW0EQ0yBtf22W6rsLogfAeAxeE6KTWzWFy+skGrgyWCFYQ/85+KUOLZ1KCqZUcRvXo76JwdxN2KalQft+r8yc8JvE//dypWGtIBq8fqfGriPcXQr3CcHqIBglV0k7knuYyoZ/EyEWOXcjL19HASwWWjUvTB9t3NYtSZjNNN9+WCkdUFIw8vaNsBYi2OGGGCKp9odrJ083yhFwN0uv2zdOyRZFl4yv8sXHMCCPIosFpj7Jbn2I/Nrs6cbP6LbTsZ2hHdoLpta22WwIh1jQXJU0wRIAepHTgJKCEVlQ0O2TCbGg30XgN4SfPa9Md/7ZQ9ON65227uqGkoJxpAPeKRjUocdXDth1CWp7oaRgTki5F3mjmgBvPiyL6j2+sqWrmBhmeMirh6ApD4oF7kuXhvBuDGskSdwoKRhZJGt7Oy2/e7K53pLXQMuCrmKR/w+ThxmAMmua71K50vI7uZh449RZJTexCZA9FgH8iR4ljq02rldFFK0lNd+8YJ0FRUMEk6IxSmXwN95+77Lvbtr9reVq0w3p0hCunGAgluCkJ5hrOa4ZZCjQqEG5oBOyJQU6FCCVE0y7BNeuX4zsXbX2l9qvX/iXN06d84cJBRElBDSFo1LdC4zrQN9Kp3YF9ND8+OqFb03mL1yOlAOqVFsFgwFFqs+TUSqGwcGRU/xRgbAQMMMFrGxttr0PelVA2H1Bosmp09+FsoQ/yrVSjpzN3Qm8Pl5D9Q37yggGXXaDNkTLn270pgQFsRYYuxrG/MtZ52CHPyyZ3KwVdbXWbsgiBK1yj68yLkl+k85MIaVu0avdaJ9YBJZI4pXqTUnYGlvbMWD7B1cWC3plwiD33mIj/dPNt37QXRsQ7bZkmqM0e8nLaAgd/7NozVC5x1cZC5OVPsnZTKalVyQKH5x5r8UqIIgOWpbalttwvTLyfiaA58HzBef/ytXpMOxKTWLyzgag8qQqZQQjLztf7WzzJWczIIyS1MLzYCkrV4oFEBJuj5IZFvuZ0BQlC1GA5/uQ/75dgN2N1tSB19L4pXK6QBmXJNoB1uu9I692t6lfsJT96Pwl/3nEgfF7aOv5m36e7+bp2r5u0fs7yPMB2eLJ9bKorm3UKLWshpt4+HLlwO39JrVwMOPO2cT16e+0U0CFXp5uKLWsxsGVR3wJ5IxoWii1cbNJtpWGRblaUnAuHNClzhIWUe6Q0WUItJK1JPHGiWTZKEr/onsPrzXsgycHvAikb3bISquIsj29OGDyhvVhN1HL3XsQ6jCTZ3JGGGNMdBELULoJ/FCXRqq4cQOCHKZA5YBXl034AqUFI++rls34MJDHgGBpO6xP/aCTKZJGyRhGgAzoi/r1zSEHvtjOin3YOKDDbJ9Y3W66I0ym0O38A0oLRj5wyP6O8vWGRUvNTKPYRaC0S5JbHNstRXUD/8OqVFDVzR0B5Xc+yrEEGox0Bu6oIlW3VW8xbYfygpmViog6TWpqx0qCkyXiQn0LM3244ZawqV3XEzsEm610dEdAecH4BcR8MxiNa1N77QSfG7HdrxfBQUe67qVSepUkuDJzrNF9hxZGmPNBlqMQwdKb5sSHTkOjw96vF8Eh1bq6I6CFYIK9MuitHaTWI2dxMSoEIsSYkGxjReb5Bc+WJqcBKuY/rTdPFKqzdQFaCAbIvTLosfU3tPW5hwePfcKfQ8yiQ1zULTbyM7/T09QPsFJyDkln6wLwkdJirSoP6Ok2BiwMou2yXRtnkKgtnTLBcz3pbl04G5ZOZ5RFN73ckfePE6cHPvUwOv9RdsDBLTfOT2DXgu2pQwPtRPxh9UWj1VSn0w52oThhcdUw0gNYGexYlDeXYXk6SAIM/brdtrP2C1ZFcl8ydhXoPpKELKtok0VF0ojgaWzQx6JayaDdRE+del66YVtkFUkj2p/G5rkyogmKBRvUdGi9DAN/x5dxktAiaYa/jeTcpQOiSToLHNwbjqW62J6SBqAVe8KeKJKGIG45IJqXzxM5j6IYoybvDRfjX3Xrd+kGs9hjizE2s1929TotmERwvj/AyuZ9nu/oNzMbFqyqcE5t7LeWG9WxSxLTwNMkFpDLOscsXNFpad0OiOYRz9jKZxMBQjhRTnwVhk5CAXEs9ZWEsWI+l7/sC2bf3f+GL60XSHOQVZVPmiWD5TcCUMzEi1ophihqm/p3fFG2i5WQ4Ls2e0rpmXsDwdgDLpiP/dIAI7aM8Rq6I06atcJrQ/iShRNM/4sxIFiiw3VkAxvtERNV6kLptgITkyCG7f6SxrbsB7j0VVIqlQpWxn5GKcJvh9x+5wsn6KriABblat3djQMVt3xjenp6uWFWdI9juoEYR1gYlAG2+jhlHmIgjE5FByCautIW0HalHr/gaqNabVvWA4+xu5RCkLe5iK8jTbchxnbUakjVA8ErBIKhRkjnDzLWIw1YlrXYuC6ulMvlW1XmLZLBEIBZ3u3J7OQirrdEujwfs8TzMnNkMAgkdwQCPb3sARkMEnx1dE/+ucXC1LO+CH7TvUY0hIZndws8hmmcxazFwvBfbPDg9z4ZDORbk/uyWOq3teK67pxHbIkMY0/QuoAD+5Icx+FZX7ZIhrGmnXWp336QNGZ+DdFoZ11A252Pk5OTRR7LfEWGsaSTdan/rj1mxTSm8LxLzsnNdxJMx73V/oqJrHtkGCuQd+kkFtCzp2HP3fue322eDOmH14zyWed217tQD+oBMJbZxjWlmw0e6M51sy6g57gPPwA2rmkMYPd6iQWEbrNzy+6XaW1/GHewInayzmdh7htaMFg1cdF8z4hMNTtNBKrRvQg9gQqrJq/qfcyvFsmQDupL6CgPidz5bYLg1BAqyA0SecZdPQieJ03myhjaghzbfFSxgL73lvCq9nWvVqQ0lkYvfLHwIvNj6oOBNiMZ0WjHQGIBA+9eq8c0PBuczi0qqaFHjSgsA8/pRUzDqh7SyUUyKAm3CstxiAXEMtgZosk7ucumJUI96km523GIxX8+ihFkC7mPRDbYrKCShx8DdhfHBDk0iomh7MCvxTXWN6bKnRC86pybyC7EZVVkhnKugZqLyt+2bWuBTGwzSnyrko/RBQUZioWRgbWxM/bnaZg/ozKIVbIT2S/idD/tGLpgBEY4Q2KI7qfty9GIMcKJBX/Docvcb6ed6WUaISMXjADCyWQztzyP3SOT9AsF8in82wNnwvl62K6ny9+QPKVyad5m9ifc6syTEU8QbPl5UKXqd2LkRpIoIRiZbXd7zrGd6x5jd4j5zVoFGi+K/KAsYu4gq7LvsOIkhVBOMEHQ6bdX2ZuzmHXdtuyCJzr+GCtQreipW+ETrmQDLoWLAq0iRUzYtmzruZNxFpNyNWH5CxVrL+ZnH6LLAAAAAElFTkSuQmCC', '얼굴', NULL),
	(3, 'data:image/png;base64,iVBORw0KGgoAAAANSUhEUgAAAIwAAACMCAYAAACuwEE+AAAACXBIWXMAABYlAAAWJQFJUiTwAAAAAXNSR0IArs4c6QAAAARnQU1BAACxjwv8YQUAAAtmSURBVHgB7Z1NdhpXFsfvK6gCJFvCjtNtndNx43gQT/pInUkPhQY9V68g2kGcFVi9gjgriLyCVlZgZZBJT4ROJsnAMXa6LcVRFCRLAgqol3eLquKB+JQoeBfu7xxEFcKmSvzrf+99XyXAcKSU2UajsV736jlLWDnP83JCiJwEyELrQYlS8yGLuKPOqeBJr5gQiUIymTxQ51YCgxFgGEogf63WqpsCxJoSRV69lIN5QvpCKigh7eKz4zgHYBBGCKZWq61LkJuelJswbwIZhBKQcp09JaAd27a/hSkzNcFgqHFd93N1BJvKSdaAGYwSjxLOthLOnhLRa5gCExeMEsmq+tQt5SZbQC//MAb1xe04trM9aeFMTDDlcjknEuJr9ZF5YMbGpIUTu2Aw9Kgc5akH8gkwsTEp4cQqmIpb+Vx9xDZw6JkMQY6jKqvnEBOxCIbDz7SReyk7tRWH21gwZtBVRMLaZ7FME5Gv1txCpYIOP+b/GcYE5yqmIp+lnfQXMCbGIhgMQVbC+g+3pxiKym1STio/jhB1Y8E08xXrBXALrdmMSTQ3Egw2wqkQtAdcBVGhZKn85ib9U9cWDIuFLDcSzbUEw2Ihz7VFM7JggpxFlc0sFuKUUrazNmpOM1I7jJbgsljok6261T0cfzTKPxrJYSpu9RVwNTRTCBykZTsbw470G9phVN7yJbBYZg5sO6vWqk+Hff9QDhN0Ij4DZnbx5JN0Ov3VoLcNFAwnuXPDUEnwwJDU7HVmscwBWRWadga9qa9g3Lr7Gfc6zxMiP6iHu2dI4j6iuQVD08NeVVNPh1G9z5g554CZN7L9qqauDhO4yytg5hblMrluCXBXhwnchZljeiXAVxyG3YUJUR2Ua50dlFccht2FiRCwdfUlDXYXpoMrFVObwyTsxDowTIusaotra5dpcxjujWa6UEg7qb+HO5HD4JIbwGJhrrIWaMMnEownvS1gmC7g2j3httV60V/tiWGuECz05OMLxnVdnICWA4bpTi4cytl0GAtWgWH6gOsO4rMvGKlZDsN0AxepxOdAMDwnmulPmONauOoCGJy/1DwPXpZ+gzfvjV6+9locly/9c6t5DSAA5jHZZL1eNzp/+eHkHfx0+ru/vZB04F5mAWaBy1oNvnvbHD1wXC7DP1b+AqbjNtx1qyEbZMLRLLkMxXORnsxZuBw7GMzK4u1o++f3p3BarQB1MMziuYSs3LoFFECtWKqF12iHuZdZhA/SrTC0/+6QSszvCeYtl/Wav51J2vDgNo1JGXifh7GvcRcHn/5pBZJW81BP3Qp8f/wLUAUT3R9/P472H9+9B2QQAgUjcmA4C7YDj+98GO2jnX9/fATUwER3/93baB+dk4q7BGTxsiVxxI+yd+GTO62rESun7/7/OrJ208HcC6siPRR9+ucVIEZWVNyqBEL8cPJrm6UvqD/8J8rWTb5SMWfBY8ZkF8HwuvHRQ7+ZgBpJIIZtJdr28YrFRPjHk2PjhNPMV371n3XwGCmKBSEnmMu62+P1lnDuq1Icv5TlVAomDboIhp9uQmm9h26VR04w2NIbtvzeU0njB2pfD1EonJ9OT/wHhiv8/eO7H/rbcYIieak+8+jifRR6QsIKrx68Trm1mkRZrYPtMiHHlUs/Gf7ng0fw8fIdP5HUQfFgRbX/y1uIm/8e/c//rE6xfHR72c9XdCgLhmQOs+ykVHtM1d8/rVb9L+Bv9+6rB8DhxRkcnp/D4eX76IrO2PG6i/8ZSqxhBYRuhkJBMePxovtEx6J+RzV/QcgJBllKpTXBVNqu2JXFJf+BHJcv/LaPlVu3IW6wcREbFVEMy+r4dPTujGUnDZQhKRh0mJ+DbfySeuGHrwxMBGxcxEc39GOcRiI+TsjlMIh+BfcTjCmEboh0ug81yAumXKuD6ZRrrdbouKu1uCEpGEwkw1IV2zRM7x7Qj48dZkosaldqrWFuQ5ie8FJ3F4SsYDJaaWqyw+ituiyYKWInWoduclO7fmzJjn4wipAVjH61XtbMdRj92HSRU4X+GRiO3lXAIWmKtDkMkUFUswA7DDMSLJiY0d1vweaQxMwZLJiYsS2t/G94QB0WTMzoY5CpT8BDyApGzw3sGWgQo8JMOIxu+6ahH9sslP9kBaPbu8kOM2vuRzckaeNgTC5X9e6AssFdGMNC12EkDYdZdlpjRDkkTZG2cSZEHKZzCgpFSAoG85c6kU49aqMDB0FSMPqQgSUCo/AXiQzFGAaagtHmVy8kzJ8UtqTPciC+5BpJweiT3CnM88F5VCEUpsX0g6RgqM3zoTaPqh80BVOlNZNQF8xZtUq6T4mcYChObMdKSa/kcAEBqpAUTAilie33F1tr8VJOfMkJ5vDiPNqmtM6KLm5cdIgq5ARzXLmItikJRl9yBJN2qnkMKcHgei96/kJpnnK4EBKCYqGax5ASzKFm5RSX/bqv3TfhkGhYIiWYIy1/IbaCto8ucv3mFJQgIxisLMKOO7R3ig6DK2LpHZG9lmU1GTKCeVk6ibb1EpUaD24vR9sUwxIZwfxWaV2NFMNRSOf9n6hVSygY428Nhkup6jd1oLzOLYalJa1aenNGKpcpkRDMm7OzaHsW7vmouwyxRrySJQwXDA44Orps/VFJ3ZCqB7jgcwiuZk4m+RWiaIGAIhgM3u4mBO8tQHkV7RCs8u4v0GyTUQ4jimAo6C56svuxdmVS51H2TrRNJflV+UsBbxJaBEPxl37Xkl099lNHv/kpikVvNjAV1IqVtJJFMBSyN9McEv2c8JY+pruMFPLASiQS34KBvDkrkbxV7yigy4S37KFQYqeT6YIlhMAqqQgGM4vuEvJYu/Gp0atsSllErfh3M1Gl9Z4E2AKDeLAUOIqg3bI7iPA80WEMP88C/vAFI0EW/G/GMCLRzDgUztMS1q7/jD9kQ34DDNMH13UP8DmylYpbfaWecsAwnaj8JZ1K+zeujLIslf3uAsN0QSW7e+F2JBjV4suCYbriCe95uN2W6VZr7r6Ucg0YJkQLR0hH4S/ZZZg2VHW0re+3OYxyl6xyGUx+56OeZQaSsp2cymFeh/ttDoMteSr53QGGAd9NdnSxBK+1o+rtNQ/kPjBzT6e7IFc6LxzHUa2+cg+YuaabuwSvX6VcLudEwnoFzNzSzV2Qrt2jmUymqHKZZ8DMJb3cJfhdd7himlNUu0vKSeV7CabnAAy/YgKxDcxcge0uvcSCDBzTUHErL9Tb8sDMPqrPKG07G33fAgMIEmAsszk0zTYlleiu9XMXZOCYQD8B5tA0B8jtQWJBhh5m59bcLz0pnwAzc2BF7NjOF8O8d2jBYNWkRPNCAnBv9izR0Rs9iKGHqWPV5DW8f4HhMwyYEQhK6FH+ycgjvzkJnhmGSnI7GXkiTJAE54HAMiFMT7CNLT+qWJBrzy1RvdqrXrOTkp2GFr5YVCfzAVyDG01GYtGQ40ZiQW48ey3IaVRrME9RMZoBfUTDcuPJvJjTyIaHzclFYIxEuUJhHGJBxjL7G0WTdlIPeUiEeQSNchvjEIv//8EYwdZCFSOxNZgrqOmjvgP5BL+TYIWOsRDLDPxmXiO+5l7uKaF6nVNJe2tcrqITy4IkzRCV3rAssQWc20wS31XSYwxBncTiMDroNlbCemra+jOzBuYqdtL+9zjDTzdiF0wICycmYgw/XT8OJgwLZyz4Ew5d6T6/5dwqwASZuGBCUDgJO7HueXIbuNFvKLA9Rf3YdZLOV3GHnj7HMH3KtXLektZnynXywOLpBKf87Dag8U3GzuzBlDFCMDrn7vmaYzmrnpSbIP3BWjmYL4rNRSplAZeSw4oTDMI4wXSCI/0q9cqakGLVElbOC0f8SZmDZqcntY5PDCUlDClKFDhUpIgrbAtLvHYSzt60Qs2w/AHKYqvCS33zUgAAAABJRU5ErkJggg==', '목', NULL),
	(4, 'data:image/png;base64,iVBORw0KGgoAAAANSUhEUgAAAIwAAACMCAYAAACuwEE+AAAACXBIWXMAABYlAAAWJQFJUiTwAAAAAXNSR0IArs4c6QAAAARnQU1BAACxjwv8YQUAAAxDSURBVHgB7Z3PcxPZEcf7jTQj2RhbEC/BJEtEOCyXFA6XHJIqzCF35y9Y5y9Y9i/A+QsW/oKFvyDsOQdEVTgkh2Bq90Cqsrsyu8uvFSADtqSRNC+vR5rR0yBZM9LMmzdSf6pAIyEjzHzd3a9fdz8GmsM5L3W73asdp1M2mFF2HKfMGCtzgBIMfmWJeu8Xr+IT8T3tOdyp5lhuL5/PPxLfWx00hoFmCIH8ptVubTNgm0IUW+KlMiwS3BXSnhDSXXy0LOsRaIQWgmm321c58G2H821YNIFMQghIWJ2KENBt0zTvQ8qkJhh0NbZtfyb+BdvCkmwCMRkhHiGcXSGcihDRPqSAcsEIkVwWn7ojrMkOZC/+0AZx425bprWrWjjKBNNoNMosx74UH7kFRGyoFk7igkHXI2KUGw7w60AkhirhJCqYpt38THzELpDrUUM/xhErqzuQEIkIhtxP2vBKwSzsJGFtDIgZtCosZzwksaQJ22q17b1mEy18zH8zxATFKrrCbxat4ucQE7EIBl2QkTP+TvkUTRGxTcEqbMXhomYWTC9eMe4BZWj1JibRzCQYTMIJF1QBWgVlhboh4ptZ9qemFgyJJbPMJJqpBENiyTxTiyayYPoxi1g2k1gyTr1gWptRY5pIeRgpwCWxZJ9Sy25VsP4oyhdFsjBNu/U90GpormBYpGVa18JW+oW2MCJu+QJILHMH5s5a7daNsO8PZWH6m4g3gZhfHH69WCzemvS2iYKhIHdhCBUET3RJvV1nEssCUBKu6fakNx0rGLtjf0q7zosE25q0wz3WJdEe0cKCrunCuFXTWAsjdp8xci4DsWiUjls1jbQwfevyPRALi7Ay5VEB8EgL07cuxAIzLgD+wMKotC5tx4Enb9/AsmnBxomToIpa4wgOWg3YWFmF5bwJxGjEBuVmcIPyAwuj0ro8fv0Svnn1Ev79/Ef3JqrgqN2GB0/33c99/PpnII6BwU7wpSHBoHURqeIdUIRp5PzrZ4fvQAVP3mk9HEErsDsVa7Xl14YEkzNzV0Eh60vL/vVzRYKpNQeWTKUbzCglkYsbyssMCcZx+C4oZK1Q9K+POm0R03QhaQ5aTf+a4pfJcA7b8nNfMDhyAxTnXdAlrVkF//lBqwVJgoLsiEDbQxYsMZbNvjZcfME43NmBFFiVbpr8058EGPAOPrcARDhwdo93bQxedKc9KUd2C+iWkuSoY/vXFssBEY7+oCcXVzC2bWMDWhlSYEgw7WQF0+4O3NGSSfFLBMpeKWfPwhhwGVJiKPDt2pAksgWTl/TEZHDuID66guGSyVGNfOMa7Q6owjRin0Mw1+CQSnzsCya9nuhlyTUkvaxOOkaaZ7wY1+hn8sqQInnpp13VTV2mGCYqGMeUjE6nk1r84mFJbqndTT55R0yH3bWvGl3eTX1Ex9KQW3KA0BPu8LKB49ghZUwpJyLnSuKGYpjZQK0YIsObuoUxc7RiyQJ4zoN2d0pOrhGawRgKhpUhZeScSJJLa5O2A2alhHcq9Sa1NLKuy3kLiMjoIRiZJAPTt/ZgN5wyvVNR0uJ/LY2bZ+bIPU2DFoJZXzrhZ3vlss24WbUGG53f1l8BER3WtFscNOCobbtJuySr4GqNQ3jw9In//JNT63Dp9EdAhEcbR469SUmXTKIl+0VxYMH++6YG/3n5lBJ6EdDGwqgCl+3//GlfBMDD9cPoCj8+ueaKiorDx7NwgvH4uvYcvjt4M/LPUDBo7VatgvuIy37c3SYhLbBgEIybHr+uwQ/vDyJ9XRjhoCXzNlJxFYguFwWIvVBZ7odaaMF4oHCwVRe7L7HRrZPwjjkK7pPT63D+ZPYGe5FgRoDtLrhrjn1SeI2WoiEC47iD49+unYLfrZ+FLEGCmYIwwkE35G15oHtC4T07fO9asYb09eti1fbHX0WarZwqJBjFoHhwaoQccGfJ0tCGimLQ6qA4MGnogeJRNe5kVkgwKYEZ5qEkYkZm1ZBgUuTKmQ1/Dw1XZ1mwMiSYFMHczHmRXfbIwrAjEkzKyEm852IVpTskmJSR965wBaW7WyLBaMDZEyv+ddIzcmaFBKMBa1Jh14FNgiEmINcBvSKXRExiOUOtwiQYDcDsr5eP6ZVF6DuQgASjCUMTLDS2MiQYIhIkGE2QR54kPRxyFkgwRCRIMEQkSDBEJEgwmiCPIqFlNTGRNensg+/qr0FXSDCacLF0eqiY6ltNRUOC0QTM9l5cO+0/x75vHXu+STAagXW+S1JtzMMXT0E3SDCagXW+Hjq6JhKMZmAFHvYpeejmmkgwGqKzayLBaAgGwEHXpOqY5kmQYDQl6Jq+qb3QIqFHgokI1qo8eLoP/9j/n9sjnSSya8I45rEG3ZEkmIjUGu/dVhC8gRiQJkmvD/uM/xx7sNMOgEkwEZGnlquYYL5xYnWoBzvtAJgEExE5jlBVf3vp9GDSQ9o92CSYiARvloqbhwHwxyuDHuw0Jz2gYPTvANeIg8C4VlU/7UErg+PUUqBOgolIsJX1h3fRJnBOC056kGOZlCY91A1GggkNxivBCZsqG+hlK6NKqEMwVjWAQRWIUIxrlFcVU8iHeHiDFlUjLAyrAhEKeUUkD3fGmEJVFlaeJ6O6cV9IdQ8PCa0CEQo50MRzCeSYQlUZgixU1f1LqBUjb+SrQIRCzrJiA70cU6jKwsqCkZv4VcAZf5TP5XL3OxpXqevEkGDylnsCClqZV32X9PXPL+APG7+GJDm/WnKPbcYsM8Y0Kinmi3sGYwxXSVUgJtLpDn6wvGMHZSvz/OidkhUTbheoFgtwXkWtuN+1WFpXgJjIYcAlIcEyhIfze2DXHv7mCoYD3wNiInIORt54DJYh6Fi8PSsGM+66j/gb7/KvgJiaURVyeDTgPGHb9iN8dAWztLRUBYpjZgJdk3x+AGZi50Y0In5ZWVkZuCT3grG7QIxFzqqOO5ENXVNQNP969mPmYxoR7Fa8a18wIuNLgjmGcVneIEHR4MrpwU/7mTmtZBQOc+54175gTNO8L5REwe8YZAuzOuG45KBo0MJgHXAmjzwW7mjJXKp4TwMFVJyszBhqjYZ/LU9aGAeK5vcfbfirJwRdFBaP44m2WUGsjnaHnstPrLx1C6jcYSS15qF/jRneMGBW9k/nzg9VyyE6FHOHRXieivx8SDBuJo+x20AMUWsc+jkYtBi4LRAWLHy68stz8OfzF/3NSnzMwhnYIqF7W2hiP/DaMGK9vekAfwiEj3woOu5SXzlzDqYFg2cV3QZxUDCtclAwHxSBW5YlAl9eAcJHPsdo1rOmsyKWUdYFGdk1IDK/fwXCpXeGdS/e6O0Qh4tfso5lWrujXh8pGMz8iljmJhBDhVHyuUbzzDjrgoztSzLz5t+AVkxurYvHrO4oE4i8yzjrgowVTK/2ge3CAoPN74vmjjDvMs66uH9+3BeLAPjWogbAuJqRm+3x+ZzWuQwQe0bint857i0TW2X7AfDCuSbvDKN1kTNZykDOJAbqhby5M+lNEwXjBsAL6pounfrIrW1pCMtydvlkJpJt08OPdUUeDEJit+0vHM6vw4Lx5G3d7ae+WDoVKcObJXBFLALdz8O8N7RgOOclIZp7HGATiPlBrIqKheKFsG8PPe4DV01O1/kLUGXe/CDEUrAKW1G+JLSF8Wg0GmWWM3CvaQGSEnNNXewVbYaJW2QiDxTqB8FbQEm9LIM5tq2oYkEiWxgPsat92enlaMjSZAtXLCLf8gimYGrBICSazDGTWJCZBIP0Y5p74rIMhL70A9xp3JDMzEMRMabhXeca0OpJW4RV2ItDLEgsUzRRNEWrcIFKIvSjn5S7FodY3L8PYgSzhcJHYjaYVlDpI+4Bv473pD+hIxZmjmFG0Ytr2JfQW34TqhG7zriRGJdVkUlksHPPRRWvGQbbAYptVOJalWKMLihIIhZGBq2NkTNuiD2oHSASA2MVrJKM0/2MInHBeJBwEiJB9zPy40AxJJxYcBsObW7fWbFWlPbDKxeMBwonZ+auOg7fBUr6hQLzKeK3u9jSnLTrOebfkD6NdmPL4ManwupsAYknCLb83O1C9yt5ikJaaCEYmff2+03LsC47nG8Dd4u1yrBYVHFIJc4dxFFy/elg2qCdYIJgpV+z09xknF02mFF2vIo/zsvQ2/TM2sYnupI6uhQhCiwVqeKEbWawfStnVdJyNWH5P/SOFgvpJKkaAAAAAElFTkSuQmCC', '어깨', NULL),
	(5, 'data:image/png;base64,iVBORw0KGgoAAAANSUhEUgAAAI0AAACMCAYAAABBAioAAAAACXBIWXMAABYlAAAWJQFJUiTwAAAAAXNSR0IArs4c6QAAAARnQU1BAACxjwv8YQUAAA8dSURBVHgB7Z3NchvFFsdPj6yR7HzYSQyxySUxya2CBSkMi8sCqnA2d4vvE2CegPAEMU9A8gbOExCeAFN1WVwWsSlYhAVcJyG2k9iJnA9LmpGm6f9ILfWMJc1I1kfPqH9VLlvySJY1f51z+pzTZxglAM75TKVS+aDKq4sWsxZwW9y9yInwXX4ljS1GVODEC4zYFjHayrDMpud5W7Zt/0Iaw0hDIAq36n7OPb4khLEk7lqg8aIg3oVN8f0OhJTNZn8kjdBGNEIolxzHWeGML4mXtUSGJpxvMcbWhZVd00FAIxUNLErZLX8hflw2QolJXUB21l4V3+/TCBiJaCAWYVW+4oyuUzLjET3g/E7GytwctvUZqmiMWAYFXxexz+qwxDMU0RixDAdxMteG4bYGLhrXdT+rcm+Nxm8FNDIYp9VcLvcNDYiBicZfNrvuDY/4dTIMHxEw5+zc0iCszkBEY6yLPgzC6vRdNCWn9JV42ptk0AZxkjdFrLPcL6vTN9H4wa7rfCsyuCtk0I8+uqu+iKZYLC5YGes7IZhFMuhMYcLKrExMTHxPx+DYooFgWMb6gUz8khw8fj2fz9+iHrHoGBjBJBSL3SyXyzeoR3q2NEYwKaBHi9OTaIxg0oNFbMW27dvdPKYn0ZSd8oYJelNDQQhnqZvGr65jGlFD+tYIJlXMeNy7g36muA/oSjQInkxZIIUwtiBybHdiHx73wHoc838ypBh+M2/nv446KpZoah12zgaZwDf1ZJi1FNWXE8s9oVpNRjBjQdWrrtV3e7Ql0tIYtzSOdHZTkaIpOWUIZoEMY0UnN9XRPTkVBzsFFsgwdlR5dbXd7zpaGmNlxhtREV9uVRFva2mMlTFUqpWWzXRtReN5fJUM4w2Sfo5vPAK0FI2xMgaJR95K+L6WMY2JZQwq4ZXUEUuDnQRkBGNQEAm/QL3xiGhExXOFDAYVxpbULHFANPiF2U1gaIGc7uEzof4Gg4Qo5RxWXDool+jQdcj1PLp4eoamJrLULQ9eFPznms7lKWtlaHZyilLOsvjyW0MDohGWZplSyKHr0oOXBXr48sA/0Sr7xUP65ELs/iMfCGbj6U7gvqxlCeGcoLdPTdP8iVOUPmouijFWCInGH1WWKn7d26U/D563/b3Dq9QPYLV2Xr/0v2C5IMReLJjO1D3R7caSu77/ep1SgLQmP+/8RQdOKfC7CWERpu183a1Ywj1Ni5NrU7dI9wRXd+CUqRiyYHBZ/5r7B01ls/7P+FtJB6NMcnbuy4alweRMTec2dmRPuJeDcpH2S8VarBI6eZJz+Sl67+ys70L6AWIhFcRI957t0cNXB/5t16vST9vNHbAQDYR6WggW8U8SXVh9aGZTJSI6/k64p0TENHAFfxT2affwpRBKOfL4d8/MCsG8QcMA4vnv9oMjlicMRDQnhIPXlSQ3lsvaZxqiEVlgOH7tp1TBLfy2/9gXTjvUk4DAdFiCkcDi3X2yTZX6a3SE1al0eL3yNSZBPMyiZV809R7g56QxEMndx4+EdXkVuB8xCkz9rHA/s1MntH3j4a4gpp3Xr/xgOWyJ8LoRA8GF6Q2/7otG9yAYS2bEB2q8Mine5CvTZ/zYAoFm0tgrvhZW86ARA0k+fHOeLp7S1+AjGPYD4QqvvMNIz+geFiYsmMvTZ/2gNolikSAgr31N0b3new3Ls/Fkx/+/dA2UsVHSV4rFrO6yW0Pk16e7AcHgk3h19nyiBaMCS/npWxd9yymBcA4jAukRMlMzL1zPqjaCXtV8v3/uvNamu1emsnZAOIh/Nh5vk6Ys1ETD9Fw1/S7MtgTL5iszZymtQDgfi0BYslc69ANmHfFFE7U5ahTIjCvAJ3DYy+ZRgJUTPhyS3/Yek45om9tWrQyC3nEB1nSiXnLAhwYZb93QUjRhK5PGOKYdCPCvTDfd8O/PnpJu6CkaJfhV38BxQY3dENsgMNYJ7USDN2hfMcnzJ0/SuAFrgwKrBElAndBONEi1S07ncj21LaSB+RPND0u4vWPUaC2a2Xx/2hiSiNrCsa9ZMKyhe2pWg9PQuNQraN6SdKrojwLtzoqaPlffuHFDLZOYQDgCtbUB1e1xRf3fdauzaS0a3Xz5MEHrhGTazpFOaCea+ZPNlgDkKHTMiA4DNSM+p1mbhH6BcNVrpNGBupoaFxDDqLGdiWkiuCfS5rKfFiWEqOQeLBEeo3H/SQCUSLBxrxOIYS5Pn2ncxr4tnYSjlWgQ/Kn9MyhUdkruyW0iMOUa95802Hn9wt+ZiSarexE1JVT11f6aPwrPSBe0Eo36RqJRPKpQqbquJFgadbvNYeQWlwy9p7RJ6GRttBLNfqkZ9L6bwv6ZbpOVaAWV8V1tN0P0Hq9hoI1osMRU2yG6ncKQhD1DveRb1Cp/VCw0LLQRjdraOAZjO2Kjuujd169IB7QRDTbRS+I2XSU5Yxy3co1SStBFjT4FoY1o1OzvdC5eBlR94/s1MmRYFN1K7GPVPVA6tEloIZpwnSWu71etU6WqVyW4FeGEXdwVn271OD1EU3EaP3dTZ1Gtk27tA60IL5nV+lInAqLRILWQ2IYVJMpUcELi5jGQRe7nmy+nYEVxGHJJDzVr44xLckXz6uhKIo7pllnk9Yf9u4TV/3Yf0s+7f0UGqUXFogK41zhCV/uKisY99Ua43CCJEyTKuo66Ke24zE+dormpk5TNdH471RgMxC0PqB+GSQ0a0yZIA7pNerWr2/gZ0xhdBFdn56ifYMtJ1JZh1QphCS2LsigP4LFx3wMdGrK0sDTYjopPPwK+yxFvPuIR1cqoFmOvFC+wHAXhhnm1GBlVvESPEba0YMDklZkzNGq0sDQAn/6rER4DZnrjSbOajbFj+JTKhqUX5VqMoOMYkh0lm4uMN07+T9sP/NuwNqjmt7NW+H8+vaDPNJjExDThaVi1oQCzRzaWHXfSAiyZ+hzh2z0/r2IFIRpsUVF7ZjBHUKf2h05oY2k6IVc86jL547kLjV4bnARZIcdJRhlCDoJG3mc6N9mYG9wOPE6dh4PhSXAjcqwrstTvn5vrWBfD0hvixohaBL14DF4L8jFqY5mcq4eeGfzdF/UAGcJBMK373vVEiAZIwSCIxCQsCEGCE/l7fcwkinoYy4olMHioPAdipqW33wm4L5zk9b/+PJIcRFCNGEK9LQWE4UphV9JuMjqErW6rVUWH14GZNHFGyOpEItwT3twP35j3YxhMjAp/EmHqpYuCVXrw8iAwjkzSanTHvedPjwgGy2e4vvC8GMmfB0E3AuG1H6XPaeew6d7Crx3DjK4JIePv4CsJQ6kTY2nQkBSeEq4CV6A2cUFccE8y+4uvE+JTHy6Gol8Fx0BsOGEXhTDVLbFwIbgP08iRB4IrgXhVkHxDfFILaLN0WrhEWBSIDpZGnSHcyr35XXoJajpLjGiiUK0FTiI+wVdmzvlfncCJ/felf3Y8Bs/10fm3Oh5TW/31N/+jK6nZLO1W1T3gei251S05um1H6YX0iEbpp9FNNHZgX7b+1fgoxncsw4hwq8bSaINa/dVt2sSkxmNDesFYGkPXpEY0jqfGNHr9W8HOO4eSTmpEU/H0XT2lDeOeDF1jRGPoGiMaQ9cY0Ri6xhcNrupOBkNM5EXCEi8anes7OtfFekFeJGyLEo7O9R2d62I9sOWLxuPefUo4WY2HOxYDe9UTHkYyVhNNhjKblHDOKc1NcfdIDwN09clWVVgZ/a+7HYHnFXzRZLPZLUo4apskOuh0mD8sLw8tmTuR/MsQMYttqqunRAfDap8wQGP5qCcs3H38KPAa0nBZRY+8HxsOljFap4Tz0ZvzgZ2LPz26P5L4Bhbm7uNt2j1sbpDDDoY0XLsqP5HfbIiGc75OCUde31q9cCh2MQ7zUsX+pj4h1vDW4VRcHprzLXilhmgyLPnBMKgJ51LA4sBV3RvCBURh1RDDqNMrIJi0XB5aCGbd/67eWXLK2LyTikvTYsNceBPa3NQpuvrG+YGMj/2jsE+/7T8J3NdqU12SsYit2LZ9OyCaslv+jnNappQA4dx9shPYDwXBvCsC0n5tffWHEjzdDqzW4B6xc1LdP5UGcll7QVib+4FMk0jyfU8pwndVFy4FdkkizsG1CfoVIN8NCea0nfd3TKZNMMI3rUMw+DEgmnw2f4cSvvRuBWKKT0SArG7VjZpaFRve/PHy9FlfMGm8wq/FaU3+zMK/TJuLUoG78idJiKxsvywBnhN7x+X4kLQiXRN+PiIa13U/q3JvnQyGOkIkazk796W8fcRGi5LCj+LbFhkMdTzm3VZvt3Hs/CYZDEAk9Cazk+vqXS1Fk8vmoCzTzWcgi1mrR+5rdSBSxaIWZazNuCOsDJJ54bvbrjvtCfsWGWsz1rSyMv797R5QK0yxVTKMJ22sDGBRjy05pR/EYUtkGCvUvEyYyLSoqH6vkmGsQF6mnWBApGiQt7EYM0HxuAC3lLVXOx0S6Z5qz8Nnyq6zIX5cIEOqke0PnY+JQT0oTmU9ytBEpFlWowTjH0dd4DjOV57JFqcT4Zbyufw7cQ7tqj9AqPCWiW9SiBCMKEguxT28K0tTe34+47jOD5xokQypQIQei8Ig/BL/+C5BfONVvf+QqYSngnrgG1swtcf0wOTk5BavetfICCfRxA18jzyOjkGxWFxgGUtkjM1SPGlAMLls7hvqgWOJBhjhJBF+PW/nb1GPHLu7Wroqob5UbLZLOci3rRxHMODYlkaCVZVbcW94nF8ng36IZbXFrOVug95W9E00krJbvsE5rZJBHxhbz01kVzoVIbt6OhoAInP8gcgcYw/VAhlGCpKxogD5NfWRgczyggmsxzlrZBgNwh1x5l3rt2DAQCyNilNxvvA8vkrG6gwNP/8yYd8a1KjfgYtGUo91ECSnYiqFlvQ5dmnH0EZNIpEkXNaHxmUNACEWuKJ81r42aMH4f45GABKCVsa6IYqeS2TcVu9ALFT9JryZbeB/lkaMH/NwWhGB2xIZ4uDvSRMxy9owrEorRi4aSa0cwT5nzFoRiULTdhGkIJbOa1Wqfj9sq9IKbUSjAgFlspnPuCesD2OLYyiigvi/N4l7dzjjv+ggFBUtRRMGJYpSpbTIOPtApMIXROJwQbz0GfEL8d1fjSVtRebPbcaSmBPfYpzwfZNZ7L7nepuo55HG/A3Lmt+PFQjEDQAAAABJRU5ErkJggg==', '가슴', NULL),
	(6, 'data:image/png;base64,iVBORw0KGgoAAAANSUhEUgAAAI0AAACMCAYAAABBAioAAAAACXBIWXMAABYlAAAWJQFJUiTwAAAAAXNSR0IArs4c6QAAAARnQU1BAACxjwv8YQUAAAsNSURBVHgB7Z1RcttGEoZ7QAIkJVvSOtqtqFL2MpUXv1m7r7tVpk8Q7QnCPYGdE5g+QawbyCeIfALLD/tsuWofNg/O0nZVlFSkhJJtSQRITKZBAhxCpERSJNAD9FflAgiCpAn+6O7pnmkJMAAp5Vqn07nXld1NS1hVfKwOb0oA3Ib/TKMpAFoSZEuAaIKAZkEU9n3fbzqO8xoII4AgKAqv630tfVlTwqipQ1XIFy11FfbVdheFZNv2SyAEGdEoofzVdd26FLKm/ls1YAZI2RRC7Ckru0NBQKmKBi1K22t/o3a3WCgT0heQYzsNtX0LKZCKaFAsyqo8lAIegZnxCA2k3C1YhadJW59ERcNiWRRyT8U+jaTEk4hoWCzJoH7MnSTc1sJF43ne/a70dyB/I6DUEBIapVLpCSyIhYkmGDZ73mMf5CNgkkcFzCWnVFuE1VmIaNi60GERVmfuojl3zx+qt30KDBnUj7yvYp2teVmduYkmCHY99zuVwa0DQ485uqu5iObs7KxqFazvlWA2gaFMq2gV6sVi8Tlcg2uLBgUjCtYL4PjFHHz5qFwub8OMWHANWDCGYomn7Xb7MczIzJaGBZMBZrQ4M4mGBZMdLBB1x3GeTfOamUTTdtuvOOjNDC0lnNo0E7+mjmlUDek7FkymWPOlv4vzmSZ9wVSiweCJywIZRIiqyrHtTnz6pCf245j/A5Nh5NOyU/72qrMmEk1vhp37CjjwzTwFYdWumpczkXvCajWwYHJB1+/u9Fd7jOVKS8NuKY9c7qauFM2520bBVIHJFZe5qUvdk9txcaVAFZjc0ZXdxrjnLrU0bGXyjaqIb42qiI+1NGxlmE63M3Iy3VjR+L5sAJNvMOnnBsZjiJGiYSvDhPjg1+PHRsY0HMswOvGR1AVLgysJgAXDaKiE31C98YJoVMWzDgyjI0RNzxIPiQaf4NUEzAjC7h4BQ6LBRkLAMKPZCnfilmYLGGYkAxcVE03QqoxhRhJ6okg0/VETtwFhxoI9EHEbiQY7ZwJhjtvn8L/ffoXTjgd55N1JC959aEGa9JtmQjE8IIJhFZDE87vwn5/eqq0PR2en8I8vJp4DnQlQMK9+PYge37mZmkMI2vFGloZ6PBPq+fD8FA6VcPLED78fAhXcrns/EE0/KiYbz9hWAb5avRU9/kG5qbyAViZ0yZWinaaVCVBxTTUQDXYDB+J8tXYLilbPMObJ2uhW5u6tdUgbAWKzJxrZ+RKIg9bmzs3V6PGb498g6xyefRqyMuuVJUgbXCgZiMYSlhGR5cbyzWj/508fggA5y7w7OY72UTBLRQcI0A+EpRlV7fXKMnxWHtxtb1rZtTanngfvPw5EQ8E19enFNMpRGZPU21i+Ee3/fPoBsgq6ppD1MhkrE6CPnozgzspaFBAft9uZDYh/1GK22yurQIlrdcJKAwyI9dhGvyOzArqmY7cdPda/LwWMEw2ij6LefziGrHHw6STa/3zpZnCjUMJI0ayWypGLwiFp1upRB6cfo/2NGzeAGkaKBu+89fJy9PjgY3YCYkwjHGlxGoXcTBwjRYOsVyrRPuZssgLlUVOIsaLZWF6J9vWg0XT00eCKcsMUMVY0S7YdxTVo0nG+TRagPGoKMVY0iB7XHLvZEI0ez6yWSkARs0WjxTWY6DMd3VpigZLaUDvEaNHoFxUTYqZz2nGj/WUlGqoYLZpVLVA8yYB70oVPNQhGjBYNBsMhOH/YdPTvYFt0f5rMuKcszK3RM9v6DUENo0XDpAOLhpkaFg0zNUaLJmtzhPXg1+vSDeyNFs3wEJVm9nQalrTcDOXpHmaLRkuGLRXoVYOnRR8xnRCupRktmoOPg8lKVOs004CrLUKwcEnV/RotmqNzfbLSMpgO5p1CF9Wr3NOspxkrmvgaZ4oz3Gbhtjb/meqadWNFo69x1tdCmQ6uWQ+humbdSNHozY1wIpZ+oU0HXdTtGwNr89/DX8jFNsaJBofZupXBFiQU59FeB1yCGy0IdHsdwChhnGiwI1YIxjJ3b/0ZssaS7cDdPw2+14/Hv5NyU0aJ5k3raMgt/fOLO5BV0OXqzQ7QTVHBGNGgW8I7LiSLbinO3/+yMeSm0m7UGGKMaPCC6UPsLLqlOOimhtvG0ei9Z4xo9DXbhHq1LBy9bRzeNBSsjRGiodasMEniTSrfn6Tf8MAI0ei9WvJkZUKoNakkL5p4r5aslAumId6T5yDltevkRfPm+Cjax7pM1kdM46DUk4e8aPRlqlTXNicBVvH1tetpuijSomHXNAyVtnGkRRPv1UJ1bXNSrGsZ4iO2NKPRTfDnOXZNIRs3BtcgzZl9pEWjr89eJby2OSniM/vSanpAVjTBdEctnsnCHOB58JkW16UVDJMVjd6rBZen5D2eCVl1BjdPWo2cyIpGN71ZWJ4yL/RlLiyaGPpiMXZNA1adQfevM68DaUDYPenxDAfBIfEGlWmMoOgGwnJwMTieGcYZ6suT/JrvQDRCCBpTwjTOPDMa/KTBijOwvGm0wg3/SBg50Qx1hSLctDAN7ILWXSI19ySgCYTQLwS7pouk3JKkGXy6L/23QAj9QlBuWJgWqfYaFKInmgIU9oEQeguRYoFFEyfVPja+3wp+Edu2m0AUR7B7ooSwxL4+eiIXDDP08MF/Gdl+IWAPGOYKysXyfiQaKeUeMEYwNOROcvQkZRO9UvTpBUErGGbGo4+eOgmOnpRg9nAbiUYFwy+B4xrmEgTERBMc5LjGCPRpI5UESyzKsOzhdkg0Ksn3HBhmFMo1KfcUJIGHRFO2y7tAwEXpPrvCxcoL6AXcpMosloSdcF/En2x77e+lhC1IGVz0jynyOytrXH8aQdLXp2Q71dDSXBCN53n3u9LfA4bpo0SyU3JK/w4fXyjs9EdRTWCYPr7wn+mPx1QD5VNgGEQl9Cp2ZU8/NFI0JbuEyuKcDQOWsBoXjo06EVPFKmfD1ibvKCvjOM6z+OGxk1WcorMNbG1yzSgrExwf94JeYUo0gMknY6wMIq567bl7/kKdVgMmV+h5mThXzqVU1e8GMLkC8zLjBINcKRrM21hCcFCcF9At2U7jslOudE+995Frbc99pXarwGQaFcfWx8Uyg3MmoB8Up16PYhaLSrM0rhJMcB5Mgeu6D33OFmcT5ZbKpfKXk5w61aIipcJtjm8yiBKMKkjWJj19KkvTe3+55nruCwmwCUwmUKHHpjIIryc/f0owvvG7/r+AK+GZoB/4TiyY3mtmoFKpNGXXfwAsHKOZNPC98Dq4BmdnZ1VRsFTGmIfipoGCKdmlJzAD1xINwsIxEfmo7JS3YUau3ZIhdFVKfbzYjj6Yb6tfRzDItS1NCI6qvI732JfyETD0UMNqS1hb0wa9o5ibaELaXvuxlNAAhg5C7JWKdv2yIuRUbwcLQGWO76nMMa6hqgKTKpiMVQXIb2GOLKTNFJrAfpyzA0w6KHckhf9g3oJBFmJpdNyO+43vywaw1UmMIP9SdLYX1ep34aIJ6cc6GCTn5+8jJ82cY5dxJNYFERNJymX9jV3WAlBiQVdUtp0HixZM8HGQApgQtArWY1X0rAG7rdlBsUD3SXwx28I/FlImiHkk1FXgVgNmEoI1aSpm2UnCqowiddGE9MoR4mshrLpKFPK0i2Faaui804Xu86StyijIiEYHBVSwC/elr6yPEJs5FFFLfe99kP6uFPI1BaHokBRNHCxRnHfON4UU91QqvKoSh1X1X19TT6htMBozbUQW9G3GIbEE2RQScLsvLPHW9/x9rOcBYf4Axgp7txpDuc0AAAAASUVORK5CYII=', '배', NULL),
	(7, 'data:image/png;base64,iVBORw0KGgoAAAANSUhEUgAAAI0AAACMCAYAAABBAioAAAAACXBIWXMAABYlAAAWJQFJUiTwAAAAAXNSR0IArs4c6QAAAARnQU1BAACxjwv8YQUAAAsKSURBVHgB7Z3RUhtXEob7jDQjCWxgHXYrVMqsUrnxndm93a2y/ARhnyDaJzB5AuQnCLwBfoLgJzC+2Gvjqr3YXDgr21UhqUAisA1oRpqT0yPN6GiQQBKSps9Mf1UujYYRhtGv7j7dpxsBBiClXGm1Wg/bsr1hCauMz9XpDQmAj+E/06gLgIYE2RAg6iCgnhO5Q9/3647jvAbCCCAIisJre19LX1aUMCrqVBmyRUPdhUP1uI9Csm37JRCCjGiUUP7qum5VCllRP1YFmB5S1oUQB8rK7lEQUKKiQYvS9JrfqMNNFsqIdAXk2E5NPb6FBEhENCgWZVWeSAFbYGY8QgMp93NWbmfe1meuomGxzAp5oGKf2rzEMxfRsFjmg3oz9+bhtmYuGs/zHrWlvwfZWwElhpBQKxQKT2FGzEw0wbLZ87Z9kFvAzB8VMBecQmUWVmcmomHrQodZWJ2pi+bSvXyivu0OMGRQb/KhinU2p2V1piaaINj13O9UBrcKDD2m6K6mIpqLi4uylbO+V4LZAIYyjbyVq+bz+edwC24tGhSMyFkvgOMXc/DlVrFY3IUJseAWsGAMxRI7zWZzGyZkYkvDgkkBE1qciUTDgkkPFoiq4zjPxnnNRKJpus1XHPSmhoYSTmWcjV9jxzSqhvQdCyZVrPjS38f9TKO+YCzRYPDEZYEUIkRZ5dj2R7581Au7ccz/gUkxcqfoFL+96aqRRNPZYee+Ag58U09OWJWb9uWM5J6wWg0smEzQ9tt73W6PodxoadgtZZHr3dSNorl0myiYMjCZ4jo3da17clsudgqUgckcbdmuDfvatZaGrUy2URXxzUEV8aGWhq0M02q3Bm6mGyoa35c1YLINJv3cwHj0MVA0bGWYEB/8avzcwJiGYxlGJ76SumJpsJMAWDCMhkr49dUbr4hGVTyrwDA6QlT0LHGfaPAL3E3ADCCc7hHQJxocJAQMM5jN8CBuaTaBYQbSc1Ex0QSjyhhmIKEnikTTXTXxGBBmKDgDER8j0eDkTCDIafMS/vfbr3De8iCLvDtrwLsPDaBAd2gm5MMTIlhWASk8vw3/+emtevTh5OIc/vHFyHufUwEK5tWvR9Hz9buJO4JgHG9kaajGM6GOjy/P4VgJJ0v88PsxUMNtu48C0XSjYnLxjG3l4Kvle9HzH5SbygpoZUKXXMrbFKxMgIpryoFocBo4EOWrlXuQtzoGMUvWRrcyD+6tAhUEiI2OaGTrSyAKWpv1u8vR8zenv0HaOb741GdlVksLQAVslAxEYwmLdIS5tng3Ov7504cgQE4z785Oo2MUzELeAUJ0A2FJu6q9WlqEz4q9T9ubRnqtzbnnwfuPPdFQck1dOjGNclTkk3pri3ei45/PP0BaQdcUslokZ2UC9NUTadaXVqKA+LTZTG1A/KMWs91fWgaK3GoS1jzBgFiPbfRPZFpA13TqNqPn+u9LCWNEg+irqPcfTiFtHH06i44/X7gbfFAoYpRolgvFyEXhkjRt9aij84/R8dqdO0AVo0SDn7zV4mL0/OhjegJiTCOcaHEapdxMHKNEg6yWStEx5mzSggmrphDjRLO2uBQd60Gj6eirwSXlhiljnGgWbDuKa9Ck436bNGDCqinEONEgelxz6qZDNHo8s1woAGXMFI0W12Ciz3R0a4kFSqpL7RAjRaPfVEyImc55y42OF5VoqGOkaJa1QPEsBe5JFz71IBgxUjQYDIfg/mHT0X8H26L/lhjvntKwt0bPbOsfCKoYKRomWVg0zNiwaJixMVI0adsjrAe/Xpt+YG+kaPqXqLSzp6OwoOVmTNjuYaZotGTYQo5uNXhU9BXTmQG1NCNFc/Sxt1mJep1mFLDbIgQLl9Tdr5GiObnUNystgulg3il0UZ3KPe16mnGiifc4U97hNg73tf3P1HvWjRON3uOs90KZDvash1DvWTdKNPpwI9yIpd9o00EXdf9Oz9r89/gXsrGNMaLBZbZuZXAECeV9tJOALbhRQ6DbmQBGEWNEgxOxQjCWeXDvz5A2FmwHHvyp93v9ePo7STdlhGjeNE763NI/v1iHtIIuVx92gG6KGuRFg24JP3EhaXRLcf7+l7U+N0VlUGMIedHgDdOX2Gl0S3HQTfWPjaM1e4+8aPSebYKzWmaGPjYOPzSUrA1p0VAdVjgP4kMq35/RGXhAWjT6rJYsWZkQqkMqyYomPqslLeWCcYjP5Dki0rtOVjRvTk+iY6zLpH3FNAyKM3nIikZvU6Xe2zxLsIqv965TcFEkRcOuqR9qY+NIiiY+q4V6b/OsWdUyxCdsaQajm+DPM+yaQtbu9O4BhZ19JEWj92cvG9DbPGviO/uSHnpATjTBdkctnknDHuBp8JkW1yUdDJMTjT6rBdtTsh7PhCw7vQ9P0oOcyIlGN71paE+ZFnqbC4smht4sxq6px7LTm/514bUgSQi6Jz2e4SA4JD6gMskVFL1AWPZuBscz/Th9c3mS6/kORCOEILNZ48Iza8DPPFlyepY3yVG44R8JIyOavqlQBgwtnCd2Tpsukbh7ElAHAug3gl3TVYiMJKkHP4Uv/bdAAP1GmDCwcN6QmDUoREc0OcgdAgH0ESL5HIsmDok5Nr7fCN4Z27brQAxHsHuiiLDEob56otVcw5DEB/9l5AOEgANgmBso5ouHkWiklAfAkKZvyZ3E6knKOnql6KfICRrBMDMcffXUSmD1pARzgI+RaFQw/BI4rmGuQUBMNMFJjmtIo28bKSVQYlGG5QAf+0SjknzPgWEGoVyTck9BErhPNEW7uA8JuijdZ5e4WHkFvYA77zKLJWEvPBbxLza95vdSwiYkBDb9Y4p8fWmF608DSOr+FGynHFqaK6LxPO9RW/oHwDBdlEj2Ck7h3+HzKwWe7iqqDgzTxRf+M/35kKqg3AGGQVRCr2SXDvRTA0VTsAuoLM7ZMGAJq3bl3KALMVWscjZsbbKOsjKO4zyLnx66acXJO7vA1ibTDLIywflhL+gUpkQNmGwyxMog4qbXXrqXL9RlFWAyhZ6XiXPjnkpV/a4BkykwLzNMMMiNosG8jSUEB8VZAd2S7dSuu+RG99T5PnKl6bmv1GEZmFSj4tjqsFimd80IdIPixOpRzHxQaZbaTYIJroMxcF33ic/Z4nSi3FKxUPxylEvHai5SKtzl+CaFKMGogmRl1MvHsjSd7y9XXM99IQE2gEkFKvTYUAbh9ejXjwnGN37b/xdwJTwVdAPfkQXTec0ElEqlumz7j4GFYzSjBr5XXge34OLioixylsoY81LcNFAwBbvwFCbgVqJBWDgmIreKTnEXJuTWoxlCV6XUx8129MF8W/U2gkFubWlCcFXltbxtX8otYOihltWWsDbHDXoHMTXRhDS95raUUAOGDkIcFPJ29boi5FjfDmaAyhw/VJlj7KEqA5MomIxVBchvYYrMZNwUmsBunLMHTDIodySF/3jagkFmYml03Jb7je/LGrDVmRtB/iXv7M5q1O/MRRPSjXUwSM7O30meN1OOXYYxt2mImEhSLutv7LJmgBILuqKi7TyetWCC/w4SABOCVs7aVkXPCrDbmhwUC7SfxpvZZv7fQsIEMY+EqgrcKsCMQtCTpmKWvXlYlUEkLpqQTjlCfC2EVVWJQt520U9DLZ332tB+Pm+rMggyotFBAeXs3CPpK+sjxEYGRdRQv/chSH9fCvmaglB0SIomDpYoLluXG0KKhyoVXlaJw7L60VfUF9RjsBozbUUWzG3GJbEEWRcS8PFQWOKt7/mHWM8DwvwB8dt7t9dM53EAAAAASUVORK5CYII=', '등허리', NULL),
	(8, 'data:image/png;base64,iVBORw0KGgoAAAANSUhEUgAAAI0AAACMCAYAAABBAioAAAAACXBIWXMAABYlAAAWJQFJUiTwAAAAAXNSR0IArs4c6QAAAARnQU1BAACxjwv8YQUAAA2RSURBVHgB7Z3NcttGEsd7QAIkJesjlnbXrlo79Hqr4kOqrL3s1fRlr9E+QbRPYOcJTD9B7DeQnyDyeQ+WD3tdyZU9OFUbh7ZTkRPLNmlL/ABITKaHBDigSIlfgHrI+VWpAFIgJRJ/dPf0dA8YaADnfLXZbN5s8daGxaw8PhZPb3AA3AY/ulFiAGUOvMyAlYBBKcVS+77vlxzHeQaEYUAQFIXX8r7iPi8IYRTEU3mYL8riW9gX2x0Ukm3bT4EQZEQjhPK567pbnPGC+LcKYOjCeYkxtius7DYFAZ2raNCiNLzG12J30whlSDoCcmynKLYv4Rw4F9GgWIRVucMZ3AU94xEacL6TslIPkrY+iYrGiCUu+K6IfYpJiScR0RixJIM4mdtJuK3YReN53q0W97dh/kZA5wbjUMxkMvchJmITjRw2e949H/hdMCSPCJgzTqYQh9WJRTTGutAhDqszddHU3fod8bYPwEAGcZL3RayzOS2rMzXRyGDXc78VGdwtMNBjiu5qKqKp1Wp5K2V9JwSzAQbKlNNWaiudTj+GCZhYNCgYlrKegIlf9MHnd7PZ7EMYEwsmwAhGUyz2oNFo3IMxGdvSGMHMAGNanLFEYwQzO1jAthzHeTTKa8YSTcNt7Jmgd2YoC+EURin8GjmmEXNI3xrBzBSrPvd3sJ5p2BeMJBoMnsy0wAzCWF7k2HaGPnzYAztxzE9gmGH4g6yT/easo4YSTbvCzt0DE/jOPClmFc6qyxnKPeFsNRjBzAUtv7Xd6fYYyJmWxrileeR0N3WmaOpuAwWTB8NccZqbOtU9uU0XOwXyYJg7WrxVHPS7Uy2NsTLzjZgR3+w3Iz7Q0hgrY2i2mn2L6QaKxvd5EQzzDSb9XGk8IvQVjbEyhgAf/K3e5/rGNCaWMaj0jqROWBrsJAAjGIOCSPhF5htPiEbMeG6Bhrz6WIZXn8pAncNaFZ6/fwvVpgfawFhBzRJHRIO/0LGb4OD4I+y9PYC93w7kCaFK1fPgP7+8hB8+HML3b38FjQhW95BERIMLCYGGeC0/3Kd8BVebbrjf9FugGZvBTq+l2QQNsVPdj1Hz6IrGU4QiEmegF10X1SMauVSZdtianADVIqpC14XAE4X/eWfUZJYBMQwE10DEbSgaXDkTDLGiWhfV6uhCZ9HMrmgY03fNu6oSx+RsG6iiulENA2FELscbikbXeAZRR0wLabqiWUg74b5WeRoFt+XekqLpRMXaxjPqCaAcFKvuSVfRiLgmLz8FrgYOGqOegJVMFqiCglYtoY7CYcA22qLhzWugMZVGPdxfyWSAMstOV9SHtWPQDWyUlKKxmDV0dx01UDBNvz0SyYmrmHrORhV1pdEADekEwlzfWW31al1x6LqmgPXcQrj/5vgTaEg7phGOStsg+KB6FO5fvnABqIMxV9pqf+0Y0+gY16ijJ+3A/My7WjV8rF7FVEH3qVrEgyP9rI1+EyAKqmtazy5E8iCUubzYtYg6uiitRfPqqBLuX1leAV24urwauqjDelUWZumEtqLBUZNurikAXdR6djF8fKCZtdFWND+W34f7V5ZWtHFNAddXPwv3X3+qRGptqKOlaDAAfq24phsX10E31nOLsJZtW0cUjHoRUEdL0ah1wDpamQBV7C8qH7QZfmsnGuw60N3KBPRaG12KzbUTDVbyB+hsZQJU0b+pftJiJKWVaNDKBCYc55l0tjIBaG3+stINiv93SN/aaCUa1cqgYOK2MtijtPvzT5FZ9Di4cfEPYd6m4tbJD8G1EU2vlbm6FO/MBzbgoatAwTx/fwhxgnmb6ysXw8cviI+ktBHNi0r3i0zCLamF30nU815fvahNllgL0WBepuJ2a090yv4OC1qbq0vdqRDKLkoL0aCrCJiFEdMgLi8uhfuUJzL1EI1aM6N8sbMGjqR0qLUhLxpMeuk6MTkO6kVBtdaGvGjU4e5yJqNN3/a4rDhKDbEb71B/XLQSjVpOMKugiwp4R3QERV40h7VauE+5e3JaLNjRviiKJRP0Yxre/dIoN8JNi96GOs+nt1CAVu5pgXBz/zRRG+rinsIYB/KiaSpX2jy4JySyJIlxT6OhLiEyL4JBIv3eBJeDIy2ayBp1Gi43Ni62RXt1CW1E47DZzs+oUM9Fzc/la5gaRjQEob42nxENQaivzWdEMwA1AHV5sieO+iLVRjR9wBtzqPXIHxsN+O9vv0BSUF+kOg0aE9ygAvni4rqc7Js0n/P94RvZuNYLts6ieP5++c8T/w0s5fzhw1u5/XLtT7LUUydIi0b17f1cBC41ErgRvAML5jcuLS7JovNR627wBO4Ja6K6JSxgx2VBAhFhqcK/X/4fvvhsXa78MIp48H2xOB57m9Rl014dlU+IhnpftzaiafYZRaAw8MTWOicaJ/fQIuAPCqjdwZgTE505OW+F74fP43F4Yg6rx7L2+LVwR70Tg3js7SvX5BbdhdrVia4Lf7Bg6pIQFZaf4vsHIpKz0+I1lUZNvj+WbvZL0mGV3tULJ7sqPOJTJ7RFE5mDOSmaBduBf3z+V3kFPxcnsaacGDwei7PHLdBWr/Zqq39Wdtz3R7FgywpamH6JPGNpJkD9Qk/7ItFV4A+6q1cfK7IFpDZi+j04keim3tXbxU8oCHR1ajHUl2t/FIGyiG/c0VbmxPfHZdOw4+DyhaVTs74RS0NwZp98IIzmOTDtuD3NXKM7CirfsKSgHfM05X5NKdTGE+iIk7bsZKS1wrgleN2P5XehaDD2OEx3l2jDctPrq2vyp+q5UlQoMnxfnI0P3h//RymSTFaWb8qt+Bl2eiC6bD+9zgvyolEn77yWsDZD+vjgRI2K+prD+rE4ad2vaCHVPYEotkBA06bZ6lpV9fNTgXyeZlk5iUkUWquiqXnNyFWfVCeE2hhI0T2RF02kTCCB2hJ0IUHvEcZRb467PVdJnEA1dmuP9kxGeGTUNXeTqi1ZjNTodk9iEsPfyH0eHJr3eaBvaZRhd1J9QDkl+Ex6JKPDzVE1sDS5cB9jjCQYNN+ThKtQs8VU7yhDXjR4dasxhk5Lp45DVDQ0W3a0mOVWY4wkbnfTb5ibVEBaU274TrWYXgvRRIbdCfQB9RNIEvkStKLqcJu0pWGMlYEwSTfFn5cL7F3sgCrBTcJIiybppvh+k6NJDPejw226LcjBTcJKQBgdmuKngbrYAWHRlKRofO6/BMK0b6yV3L0fB1mVuK3NR8X1kl28ibG2aFKQ2gfirClfoo53mT0LnCIJRCkvEqorZPh+WYrGtu0SEEc113HHNbUBPeRxzn1VXNU10Q2CmcX21dGTNsFwxU3OPakWrqrkUKbNwdFR379JDR/8p2HygTHYBcKoNbiyvjcmaxNZDydtJ2ZpovEM3WXisunsfigazvkuECeJuKbak5GNiCamQFibxbU5L6FXCkWTYvSD4fVs98t8F5ul6Z685Z7qv7j+Zu9df6kiBLOL21A0Ihh+CsTjGizIDsDi8TjyNb2zzEnkiFRXe4nw4toMekQjnyQe1+BQdE25EuO4f4AaW+CIrXfhxDhyRAfV7uegvLi2MCy7uI2IRiT5HgNx1iNxzfTdRb9ciRpLTdvSoGsK1hXExj+y+RnhmoR7kkngiGiydnYHyA+9470SseUWLQtuA26IfWx3QSsXZ2EUZStjcdgO9lnvLxte4zvOYRMIgx2VeMVjg9wsLHuvw+fJ2E4+sDQnRON53q0W93fBYOggRLKdcTL/Ch6fqCzqjKJKYDB08Jn/SH08oByNPwCDAREJvZyd21Wf6iuajJ1BZZEOiA3JYDGreOK5fgdiqljkbIy1mXeElXEc51Hv0wOrpZ208xCMtZlr+lkZ+fygF7QnplgRDPPJACuDsLNeW3frT8RhBTDMFWpeppczm3nE7HcRDHMF5mUGCQY5UzSYt7EYM0HxvIBuyXaKpx1ypntqvw9fbXjuntjNg2GmEXHs1qBYpnvMEHSCYtLzUYbJEWmW4lmCkcfBCLiue8c32eLZRLilbCZ7bZhDR+pqFyp8aOKbGUQIRkxIFoY9fCRL035/vup67hMOsAGGmUCEHhvCIDwb/vgRwfjGb/n/BDMTPhN0At+hBdN+zRjkcrkSb/m3wQhHa4YNfE+8DiagVqvlWcoSGWMzFNcNFEzGztyHMZhINIgRjo7wu1kn+xDGZOI1wQJXJdRHvtnOAJhv25pEMMjEliYAR1Ve07vnc34XDPQQw2qLWZujBr39mJpoAhpe4x7nUAQDHRjbzaTtrdMmIUd6O4gBkTm+KTLH2EOVB8O5gslYMQH5DUyRWNY5RRPYiXO2wXA+CHfEmX972oJBYrE0Km7T/dr3eRGM1UkMmX9JOw/jWuo3dtEEdGIdDJJXwRAPU45dBpHYiuWYSBIu62/GZcWAEAu6oqzt3I5bMPLPwTmACUErZd0Tk54FMG5rfFAs0Lrf28wW+5+Fc0bGPBy2ROBWAMMwyJ40EbNsJ2FV+nHuogloT0ewrxiztkSi0JRdRCmLofN2C1qPk7Yq/SAjGhUUUMpO3eK+sD6MbcyhiMric+8D93c4488oCEWFpGh6wSmKerO+wTi7KVLheZE4zIt/fVX8QmzlaEy3EZlctxmHxBx4iXHA7T6z2Evf8/dxPg8I8zvGNxfuabFJEAAAAABJRU5ErkJggg==', '엉덩이', NULL),
	(9, 'data:image/png;base64,iVBORw0KGgoAAAANSUhEUgAAAIwAAACMCAYAAACuwEE+AAAACXBIWXMAABYlAAAWJQFJUiTwAAAAAXNSR0IArs4c6QAAAARnQU1BAACxjwv8YQUAABD1SURBVHgB7Z3PchNXFsZPt6SWbIwtgxMwECPCVCWLoTBZhAWpwl7MrJkniN8g5AnieYIkTxDyBEPWWaCpSjZZYFPJgtRMgrET24AB2RhbaknduV+rr3zVakktqaW+Ld1fFVi2ZVt/vnvOueece1ojybFtO1utVm9XrEpO1/ScZVk5TdNyNlGWTv7FiULtn72BT9hzWrdsayOhJdaTyeQj9twKJDEaSQYTyOVSuXRHI22RiWKJfSlH44TtCGmdCek+PhqG8YgkQgrBlMvl2zbZdyzbvkPjJpBOMAExq5NnArqXSqX+SxETmWDgakzT/Iw9gjvMkiySojNMPEw4q0w4eSaipxQBQxcME8l19ldXmDVZofjFH9LA3rh7RspYHbZwhiaY4+PjnJbQvmF/cokUoTFs4QxcMHA9LEb5wiL7LikGxrCEM1DBFM3iZ+xPrJJyPcPBjXHYzupbGhADEYxyP1Fj59Op9MogrI1OIQOroiX0NSWWKNGWSmVzvViEhQ/5N1NIqFhFVuyvMkbmcwqJUAQDF6Qn9P+ofIqksNgmbaSXwnBRfQumFq/oD0hlaOUmJNH0JRgk4ZgLypPaBcWFgs7im37qUz0LRokltvQlmp4Eo8QSe3oWTdeCcWMWtm1WYok5hXTKWOw2pukqDyMEuEos8SdbMkt59B9180NdWZiiWXpCajc0Umho0koZy0E7/QJbGBa3fElKLCMHcmelcumLoPcPZGHcIuJXpBhdLPtuJpP5utPdOgpGBbljQ6AguKNLqlWdlVjGgCxzTfc63amtYMyK+amqOo8T2lKnCndLl6RqRGMLXNOVVrumlhaGVZ8ROedIMW5k2+2afC2Ma12ekGJsYVYm5xcA+1oY17ooxphWAXCThVHWRcFhBcpFb4GyycIo66Koo9FK85cElHVReGjaMTVYmEQqcZsUihOyLBfXkJdpsDCqGq3wYT1jpG/wT+oWBiM3SIlF0cyiqw2HumAs21ohhcIHzO7ht/WTLzrTnhSKJtxBTw6OYEzTxAG0HCkU/uR4K2fNwuh0nRSKNmDuID4m8Z8tmBzZKVsW7Rwe0FGlTJOpFM0YEzSTTpNisGBIJT66gpH/TDSE8vjVc/p9/3XT9yaTKfrgzBzNTZxybivCh8e4GqYulMrma5KYveMjWnu+7ViVTrx3eoY+PPOOEs4AYFnfWQ177Kpt5UlSfiu8pF9ePm/42tnMJLMmk7RfKtJe8YgqzPqIpPQEvT8z6whHER6aTneSVbu6KOF8Z4fHr17Qr6/36p9PMKvx0bvzjusR2Two0OabfXrJxAPKVtX5uS32tVsXLytrExK2Zed0jGMnCfGKZdrI0CcXF5rEAhams+x7l+nj8xcdUXHgwvJbT2jn7RtS9A+0ohXN4gPZGr29YnlvaoauvXPOcTVB+K3wih6/ftHgqm5duOy4MUUf2Pb90Gfc9YufWD46dyGwWMDV7BlavnSlwdr8tPuH46oUfaBpOSYYLUeSgCDWTyy9MJky6JMLC3XRQCybB/uk6IssLIw0h9Q235ycbEDM0qtYOBDNXObEDSkL0zdyCWbfLNVvf8gScf2CZB/fOQG/gFnRFdkkSUSlemIBwtgKI4fDk31wTVEFvRAu3O1+6dhZFAjGYe3wmCadx3UqNgG5VIIRLQzqRP2ArbQYD4VhsboFGepf2W4NYil7kosieJwQzlkmGtmz1NIIxhtftNoV4YXfPHjtfGy1MvEGoZTAQblg4fTwPC92er/vv2orEi+whEcs0Yhk4wezc9JmqeURTPXkxW21wmA1IAT+RmBlogRwbe58/T5Y1T/tbtXvA7M/LOtyVC472/d9s9j0PTyn86dOs49Jx3piQeD+sKp4XsdCnUzmLLU0gjmqmPXbfi8SXtxf9p41rVpUr3ffHtKNdy8wsbxtKiUgOzyZNGjQ4PH9uP20oUCa1HW6OnPGyUT7vvETtQ/X5s455Y3H7LFz4eD3/PjnU5a9vkQz6QzJglQxTDsghoYAlm2Xtw5reRXnxd1uPAYctVj+fvack0AMCkSFf2Li0ilt/PFEqiy1NJleMYZJ+sQvopnHqkWOBr7eD1SzhyUWgDeZiwVWZelSriuxiCB2+cfC1YYsNSyrLEgZw6QSwXSMF3eBBbSPX+05b1gKLoC9UcPMt8CVcEsHPmKucSY9Qf3As9QPmHXBFhyLBfWxXkUYJrFxSTPGiR9HQMhfPLy4/WaE+0GMmd5nlm+eBbZhgOcFS8p/Pz4uTM90VVMbBFK6JL8XZX7qtGPuAVYc3EDUYNWLcVXYuzEsCv6cZamFSSQYwSXpzQ8LIvpw9iQ3gRWHLXSUINfCgVjCXv34fbAynK3DQLOXB4p07Q3twIo7KxQTkfMI0uc7CBC7iNZlUIlB0crsl0qRL5JYCQagRVNsWUCuIooq9KYQ6A4yMQgrg8CeE3X3YOwEg2DwJktm8VWHVf7Tzh80TJB3eXksVsEHmyMRA+ldJZjuQebzGkuMcXBy4Oe9XRoWO28P6rfPT54eeL4Hz1dcIFH29cRSMABZUTFxhxIBdi3DYOfosH57fmqKBg3c0ikhkRdlHBObPIwfSNzBPfDE2S8vnzmrsV8XgR2bU4oom2xFV+oretLtXxmmO+JMs+fF2z+itDCxFgzAaQLkZQ7cFxM7p6X3rvRU5eVZ26AreDqdHlr5QXw+WCRREVuXxIG5RhDs3Tl1s92GQL5/+n9ae7HTlbmfy4xfy6c0FkZM1nXTeAS8tReIZe3ZttNP0o52B/yR74F7Q/8KRAkh1lstXWt2NTtL44ZEgjnJkvbio/l2+8ftTedzvnMSm6tE8ObDEolVcN6/gmRZ1DUbL0jacaLsj4l9DCOCKjV2TrxgB8uBr3kLgn5iQeFwEOn9sDgQHmuUXXixj2G8YOeEA3Cctec7TRbr4bM/G8QCkaHrTVaxeJvHorQw0ghG7IERe2N6ATsnMQgW8zOocu8KeRSZG645YpU66s47eQQjrO5Kn3kG/C7UnDhwTRAOtqNi/0ocxCLmmUAUx2VEpIlhxHxGGBVoxC7Y6eDkI7cye8IpyFr/ivxiEXuVcVxmWHmfVsizS0r0vq1uBVYj3zWJlgWg51dW8PxxalM82zTM4zLtkGpbjW0tP0bqTMnsczcAK8N/p4gMK9UPP6FwEJTL8Jil2lajb5cfnkeCLIzto9gXy5FhpYogu4w+l603BV/rilgrrF7hfpFLMKw2wwWDFzGMFwlJuIaZMxJYF54xxnYZz7ddOaLb802DRirBYMvI0/QHpSKFAVwdelZ2j2qNR1GuVIgEFfUg9apWAyCjRjLBnLw4e+7uJoxk2rW5d2lyv9aaEJVg/MbHtkLmrLNUgsELxLfCAAmrMMwx6kwIGqPCO7cPQLwmWxBiQI7nDnH3exBukEhXS5o/NVUXDPpXZfLfveA3Pvbm/EUnjvqB5Vh4M9YN5n6GOZKkV6SrJaH1kvev7nUICGUHM/v8Zg0flSvO8zoWGqHiMk5NOsF4j1X8KsEJx16oDTXaqX/OxQKQvfVOe4gLUlarxcA0jlaGDxbiYMcDN8SDWHw+4ckx+Z32lBEpHyWvA3HiZGWcXhvBenjn1EA0/7z8N+efiKytFV6klbWYjY2TlUGvjehqbp6/6JsoFBu54yIWIK1gYGUaG6G2pR7MDMvy8Nl2Q68NsrR8i+xN+Ysj2maM+FxRTmrHiUYo8cSfDCM+vNSmehYov/V7Q98K6j88JQBr8v3T/zlXVuHsC5nsaYlm2HVC6p5ePuID6XSAssH8qenIu874QTe4Sb+CobcxC9YE9zEFCymenozTNSulbwLHKkUllyfz+jmoFhQxBoF1wAlIuEMcL0GirdV2GNYQAvcmG+Feb11YqA+rHvZh/jDRimYJ1T6pU4x4sx4wc85HkqIN4hbbeYQVLPIr1SL+gOXotYELlXDMuOsEYh3uvlAYvTl/iWJCARYGY42kFgw/3YgRpAAd/w+f7fT9QrdrWOoEv+4k/sHaYcZukD4bb49uzEofBa1kltZskv8yxAB9uTyeAUFXtJdOQoFrMVzrxd0P/tYcPw3pTvJuB4Ja/KyYhPTO8+318UeGpuWTpNEGxeC61QCrkV8AFGCaJujmRW91SePa2LGZpqndmAWDN/pq9mz9a2WnjdRqm53l49QwyRuiwf3FEWtOvCNZ518QkhppGzYuYx0T+O6jW9G0OkctNirxTjhRMNiVecEWGm98uwndE277AnZAftcgwOOVsa+4HWx5rCct29qQ9TLErfATzUGpRB+zmKbVdQr8rgPg3dEEEQLgy6tdIvETdxCAn0WTqUe3G6CVZFJPblQkzqC2wisarF6clxavANLuekUY1YHZvyLcKkym2mcbMCkCv6/dkVWIdO3FdlNJQ7Ye3W6wNfuRZtt2tlQ2X1NM8etmwwp+GaD+BGF9wOIIsXHJ2xbKhdapmoyf45lcDBrCFVZEZO3R7YZ0yph1fBHLxeCZ5iimIDB9+Hyn6fyRyDSr18AiOEmzYqOQsFtpdSU0DBrq5KbazZkBsk+GCIRtb2TSmSuO7WWqyTO/vEIxBYHp8qUM/bC92XChKsBrOuKb5b020ZZ7JTQI5+rM2YZUvd92IOgxEeRqIJQRuTjpOv5zLUzxM3bzKxoBIAa0Qzhj17OzLXciSPfjKihiEo3jDD9kuRZ0yZWrVcfdoJEcHzFLr1Yq8LdmCKbh4tCbPEpXsdVJWzEM41tHMMfHxzktoT+hMQTu7Oe9502WqVtgTSAS5HFi7XpaUDHLN6amptbr++m4xzH9AveCYy07R2/axkIcfhVYZH+x2xpFkdRx4xfcrO8fdU27b9n2XRpTaleorbmQWlrfdAJkcZcEUQQtDYwSGisJ1G/zG+Vy+XbVtvKkUHiwNWt5IjWRx+2GFC/Lx6yxvEws6kqKISG4I+DJRtn3SaEQ0DV9Vfy8wcK4WV8Ev/Kf2VQMBZbdzbEYpj43rcHCsG8UWPB7jxQKcqzJPVEs7tcaMU1z0SJ7jRRjj9e6gKaKGsvmsRSwnSfFWONnXdyvNzPOmV9FDT/rAnxr9hMTExsslhmJ2pKie1pZF/d7/qgd05jC8i5pI73USjAtu4KcHRNpq6QYK5B3aSUW0LGZt2gWH7C7LZFi9GE1o0zKWG57F+qAGwBjm61c02hTYIHuYjvrAjpOb3ACYOWaxgB7tZNYQODzJWbZ/HKc2x9GGeyIjZTxeZD7BhYMdk1MNA/icqxWERBPNboTgQcKYddkVa1/sZsbpBgN3C10Nz/S9ZFHFQSPDIGCXC9djyxzg+Alqo0JUcQT5NiWuhUL6PlQNatqX7dqRUplaeKFIxZWZH5EPdDXKXwlmtjRl1hA32Mb3JiGZYPH94hKLOhQIwpK32NXEdPYVQvp5A1SSAmzCuthiAWEMqcXoskY6SuqJUI+3KTcchhicX4fhQiyhcxHIhusdlDRw94D+y7eE+TQKCQGMnqqFtdo36gqd0SwqnM6mVoJy6qIDGR0fM1FZZZ1XVshFdsME8eqZEJ0QV4GYmFEYG30hP5FnOfPxAHEKqlk6t9huh8/Bi4YjhLOgBig+/H9czRklHBCwTlwaNrmt1PG1DoNkaELhgPhJFKJ25Zlr5JK+gUC+RT2330jaXw9aNfT5jFEz3H5eEm39U+Z1VkiJR4vOPJzv0rV7/jIjSiRQjAih+bhoqEb1y3bvuOOtM/ReLFRG1Jpr9tV+zvsOEkipBOMF3T6FSvFRc3WruuanrN4x59t56hW9Ixb4ROupACXwkSBVpENTNjWdO2pkTDyUbmaoPwFDomKrsEIOw4AAAAASUVORK5CYII=', '손팔', NULL),
	(10, 'data:image/png;base64,iVBORw0KGgoAAAANSUhEUgAAAIwAAACMCAYAAACuwEE+AAAACXBIWXMAABYlAAAWJQFJUiTwAAAAAXNSR0IArs4c6QAAAARnQU1BAACxjwv8YQUAAA4YSURBVHgB7Z3LctvWGcc/gARISrKo2EoT143DJJ1JNhkr2WSTGcuLdu0+QdQniPMEUZ8gyRPEeYI66y7CLLrpwqanXjgztU3bGd8qOaQsiyRI4uT8QQI8oAgCvEnEOec3IwukQeqCv77rOR8MWnIYYxvdbvdyx+2UTMMsua5bMgyjxIg2aPCRJmq9D1bFA/4zVVzmVjNGppLNZm/zn61GS4xBSwYXyLutduuqQcYWF8U2f6pEKsE8IVW4kG7gs23bt2mJWArBtNvty4zYVZexq6SaQOLgAuJWp8wFdN2yrJ/plDk1wcDVOI7zJf8OrnJLskWaeLh4uHB2uXDKXEQP6RQ4ccFwkVziX3WHW5MdSl/8sTTwC3fdtuzdkxbOiQmm0WiUjIzxPf+S26SZGyctnIULBq6Hxyhfu8SukWZhnJRwFiqYptP8kn+JXdKu52Toxzg8s/qBFsRCBKPdz2nDyjkrt7MIa2PSnIFVMTLmLS2W08TYbrWdSrMJCz/nd6Y5oWOVZYV9m7fzX9GcmItg4ILMjPlPXU9ZUnhsk7Nz2/NwUTMLphevmD+RrtAuN3MSzUyCQRGOu6Ay6SwoLdRMHt/M0p+aWjBaLKllJtFMJRgtltQztWgmFkw/ZuFpsxZLyqnlLHtr0phmojqMEOBqsaSfjZbTKmP90SQvmsjCNJ3WA9LZkFQYWKRl2VeSrvRLbGF43PINabFIB2pnrXbr66TnJ7Iw/Sbit6SRF5ddy+fz38WdFisYHeQqQ6IgONYl9brOWiwKsMFd0/W4k8YKxuk4X+ius0oY23Ed7kiXpHtEygLX9F5U1hRpYXj3GZFziTSqsTEuaxppYfrW5QFplIVbmdKoAHikhelbF43CRAXAxyyMti4aH96g3BpuUB6zMNq6aAIM2jn+lIC2LpohjmVMIQuTsTKXSaMZsMFrcaG6TMjCyNKN3msc0VHHofOrZ8gyM6SZiUrezn3iPwgsDEZukARieXRQo38/eUi3Xjyle7WXpJmZrb42PALBuMzdoZRz1G7TL7/tBY/brnvsHDx3r7ZPT1+/Ik0yMLvHPzYHT3rTnlLN3Zf/566o7R0XshZ9sPHGsXMgljv7L+g/z371XFfS97354gkXW5dUpD/oycMTjOM42IBWohQD6/L4sB48/ujsJq1k7WPniRc9iZWBi4PVevyqrrKLK/lLOXsWxqRLlHJgBXw28yt08czoFRkIhH2eTeiW6q0WqQrmDuKzJxgmmJy0st8cuJcPz74ZeV4xl6es2fs7gfvyXdi4830OnCapCoZU4nNfMOneE/309UEodtksrESeizS7aA9EsNd4Pfa9VywrOMbXUDWO8WNcE1MXKOXxy9PDw+BYdDlRiIKKczMQ2Ep2IJpRmZciII7ZMDudTurjF9FVJBFMMZcbvLYV72bWBYtUb6nrlpyuc9nssm6q3RFcRN0ZWIlx7sinaBeCY/G1UaxY2eAY2ZiqMJeVTIxjpxQj/sWvC5YjKRBcXOAruqS4c2UGWjF5hTf1FsZnJWMneg2KdiJxbiYU+CpsYXCfh7nPuDtpxAsoXtgoUK+pD6XHcSIQC4Aqp9ZkGBCMUaIUI2Ytljle/2gFiL0mnzg3I3a8Fc6SwAZ+w0psUoMVucX7QT5ZQVxxtRXRcqlah+mjjmCGG5Mfn3sr+L96AjejA1+PjdTHMFbIUox2FwhqhxuTm4XV4HGnG+9mQl+nq66VkUAwYnwx+kKKWdE7Z4peY9LKDH70JBajIAS+SqfWlHLEC98Yke1g/YvoimBdvNdxoU0Sx4hfR+U4JvWCEau2w3/5CHTv138LHn9QPBtKkW2d/UxM6gUzrpv86FVtaAXe2dBrJ4lLQkGvwsW71AsGRF1Msa/08eZbx16XzQwsDMSliSdLEnCOC+PoVS8LQnHOX/SETOgvFz/w3I24EMrHMgaCgeuCuxq2QsG5CbIxFZDCwhTtQdNxuKayYtkjxQLEQBagChyVASXJxlRACsGINZVnrw9pWiCEW8+fkCYaOSyMsE43yXKFcew1j/SepTFIIRiwmR9YmaeHyS64GCyLNZk7e89JMxp5BFMY1GOeTWEhLvIKsLibIOkmN9WQRjAX1wc9VLiVSQNTBLUo7Pn8Iuxz0gyQRjC44Ofyg7rLo4M6TYqYUg+LToyLRFemGtIIBpxfXQuOp3FLw6JTeadjFFIJBm7Jj0NgIaaJQ9CcXOd1HQhHrBSL1kblmTNSVHp9cCGRLT076lkXpMdJtp2IoKZz5Z33jz1/1O4Ex0nWDsuKVBYGiCM+MHFhXlXZNtMWBkgnGFiIQj8ohVimCX5HIa61iVtsLjNS/uSoqfiMC34niUvELCmqN6UCUgoG6XGS4De0RSUT/auYdXelTEgpGFgL0crMWoTDRE6fpLsrZUVaZyxOoJqm8isiWqiitjBygjhDLMKN6kCHq7fRliM8HWKVVEbqcF+s/E7bTMSSz31tYQKkFoyYzdSn3EQvjjTDsEXVJ4tLLRjRzTSESu3gufjJD4+EHZPvrBdJdeQWDBeBuBJvOPAtCF3nUcW4YXc0aZtBRqTqJY0Cm9U6/XoLBFDMDVzKp384T494+wBCGOVq7tX3g+O3V86MDYxVQfoatzjQcHitL3YUfHT2zcjMR7QuF7U78pBeMNPuiR4etphkOqcKyC+Y0HbY5BvQxHbAZl7HLj4KCGa6DWjiltusvklXgLp9+gkY15hUDf2b0EyEFkwE86gSy4gWTARi5feg1VJ9emaA9IIJdaQnWLw9vOVE33C0h1KCmbRxKC4ox/wYbWUUEEynO/1q//Or66EF5TefPyXVkV4wYrV2mrUs6Df5YL/TXcX3XEstGLFaC0sxzVoW9JneLw5cE6ZUqSwaqQUjLn4S7/M4KR9vvh0KgFUWDQQj7fjIvUYjOD6/tkaz8Nn5P3l7rn0gmvLjB6pNBa9JKxj0gvw91mDWxU9wZ59feDfknlDQg2gUSrlrpiGpYMRdAug2z2PxE0QD9/ThG5vBc8ie7uw/p/Kv9+W3NoZRNcmgKknI/frgr37ea3Gx6Arzf8Ulnpgl86+H/6ObL55ILRxuYYwqSQaCXXFkvLipbV5gtd5f3/1zyNoATIzwhSPbnDwev1SyLnOr3NaQTIQWPy144TasDbbl3n25F7onE4SDD4w3QyPTD5gh5EZfzFg+ipV8aVlcDq1ks2a22pGs5B2atGAvftICrM2nb/3RW/cL4ew3j0LfCz5G7byEBYLrxD2ccC+EZd/zxAx2O5vJZH6WTTCnBYp8n19Y5Rma4wkHe7obCeIZb/BR1/VS92Umn81XsoZh1JpOq8ofl0gSxCmXmA8TdcOJYTD+A+6s3mpwq9DxMiBccMRBuJ9BMVdI5D58iwN679cMrB6+N79rjmFHvhtDCQAWZ2ndE2NVaMXbl8QjmDIj2iFJwHDEO/svvGP8lf937xkXzblj41J9gcBd4H7U44LUx/3PeA/cPQWxS5Lxq4hfogYQwSLhe/DrRfheljieqeAfTzCMWEWmwBexAAps/t3Y8BkfuBh+KnzAm5JicJwULybpB7R4P8Qf6GpPM8YMAhVvnL7Ma4dNw7yBz55KGo1GyciYD0gyYFnEW/glYd1zPXnPBUF4cB89t9IaG5P0hHPGsxrjxOMFwIcH3KochiwahPz5hYtLu7uy47Q/WVtbqwRmhccxEEyJJOPRQY3u8UzkwBk9pBkCwUXGvQp6F3t8poIajxh7jMK3ZCvBWhrXE5oYy4jg3M/evuDFSEsJj1/yufx7OAwE47Sdb1zGrpGkIHNB78ffzAYrAusxbSqL94OFGCfGODAoAPc3QFC+zCk1F8n1nJ37e/+4R7vdvtxlbpk0EwPLgU39sD5x4oFIil7Bbs0LztMwb4YZ7pWCVSjjOBTpttrOLcbYFmmmxtuT3U+l/SmdiGm8KeUrq+m7sYXgjsDQuA+GSFgLZgY8YXgxkRyz8Hh2tCs+DlkYbl02uJVB8Dv/bp0mleQsu8QLdg/9x6H8D5U80zCuk0ZDvWBXFEv/uTCO42y5xG6RRnmGrQs4VmGybZtXfVmZNEozyrr0nz+OrJVfTXJGWRcwsoZdKBSqPJb5ljRKEmVd+v83Gp0xKQqvu/Cq7naUYCK7ZF7GRMYuaZQCdZcosYDYNQ1Np/kTP22bNPJjGOW8ZV8ZewrF0A+AkWZr1yQ3NR7obo2zLiB2xY4XAGvXpABsN04sIPEyO9mXP6gMMmLbsr9Kcm5iwSBr4qL5ienmpFwMdaPjSLyIFFmT23X/xg+rpJGDfgo9yUsmXvmtg2BpSBTkDjPxMvV+ELxNEs+VUQDU2LYnFQuYem8J72pfcntNSm1p0oUnFt5kvk1TMNNmJC2a1DGTWMDMu9f6MQ2vBsu3RUUqYnpESZl5qx1iGtZ1UU6ukmYp4VahMg+xgLnszYRo8nbuPb0kYvnoF+WuzEMs3vvRHEG1kPtIVIN1BnX68GvAruGaoIZGc2IhO/B7cY3xve5ynxK865zLWjvzsioiCxkX0HNR+SumaeyQjm1OEs+q5OfogoZZiIURgbUxM+bXMs2fWUYQq1hZ6x/zdD+jWLhgfLRwFsQC3c/IL0cnjBbOXPA2HDrM+WHNXqvQCXLigvGBcDJW5rLrsl3SRb9EoJ7C/7lhZ+3vFu16xnwPp0+j3dg2mfkFtzrbpMUzDLb83OhS90d/5MZpshSCETl0Drds077kMnaVmLdYq0RqUe0NqWQV1mU/IuOkJWLpBDMMVvo1O80tgxmXTMMsuf6KP8ZK1Gt6pq3xCVdSg0vhosBSkSombBum8dDO2OXTcjVJ+R3Za0huaFT3RQAAAABJRU5ErkJggg==', '다리', NULL),
	(11, 'data:image/png;base64,iVBORw0KGgoAAAANSUhEUgAAAIwAAACMCAYAAACuwEE+AAAACXBIWXMAABYlAAAWJQFJUiTwAAAAAXNSR0IArs4c6QAAAARnQU1BAACxjwv8YQUAAA28SURBVHgB7Z3LchtVGse/bqlbsuPYTjBDHEiikKmCxVAxbFhMquIsmHXmCfAbEJ4AzxMAT0B4ggnrWeCpmlnAgjgFVQNVE6IkVJLJOImdiyW1pG7O/0hHOmq3Li21pNPS96uSpdbd3f/+ruccWWQ4QRCs1uv1yzW/VrAtu+D7fsGyrEJAtErtS5rYb1yCIjbE/7TrB34xY2V2s9nsLfG/7ZPBWGQYQiDnKtXKVYusDSGKTXFXgeaJQAppVwjpBq5d171FBmGEYKrV6uWAgqt+EFyleRNIP4SAhNXZEQK67jjOP2nKTE0wcDWe530ivsFVYUk2iOmPEI8QzrYQzo4Q0V2aAhMXjBDJRfGpW8KabFH64g9jEAfuuuu425MWzsQEUyqVClbG+kp85CYxiTFp4YxdMHA9Ikb5zKfgGjFjY1LCGatgyl75E/ER28SuZzI0YxyRWX1NY2IsgmH3M22CnZyT2xqHtbEpYWBVrIx9k8UyTazNStXbLZdh4RN+Z0oIjlVMJfgi7+Y/pYRIRDBwQXbG/jvXUwxFxDY5N7eZhIsaWTCNeMX+lrhCazYJiWYkwaAIJ1zQDnEWlBb2bRHfjNKfGlowLJbUMpJohhIMiyX1DC2a2IJpxiwibWaxpJz9nONuxI1pYtVhtACXxZJ+ViteZQfjj+K8KJaFKXuVO8TZ0ExhYZCW414ZdKTfwBZGxC2fE4tl5kDtrFKtfDbo8weyMM0m4hfEzC5+cC2fz3/Z72l9BcNB7twwUBDc1yU1us4sljlgVbim6/2e1FMwXs37mLvO84S12a/D3dUlcY9oboFrOt8ta+pqYUT3GZFzgZh5Y7VX1hRpYZrW5Q4xc4uwMoWoADjSwjStCzPHdAuAj1gYti6MQjQoN8INyiMWhq0L08KiraN3abB1YUIcyZg6LEzGyVwmhmmzKmpxHXWZDgvD3Wgmgt28m3tfbbQsDJbcIBYLc5SNpjYkLcH4gb9FDBMB1u5Rt+32nXK1J4Y5QnOhJ4kUjOd5mIBWIIaJpqCGcjYsjE0XiWF6gHUHcS0FE2gmh2GiwCKVuG4KhudEM71RMa6FVRcqVe8ZMUwfRNX3hF2r1Th+YQbCq3uXs/WgvmHg+s4zT9X36eHL53RYq8rtlVye1haOkWMnvsZTYgR+UMjK5dhFEMNMhsNqlX5++n+6//LgyGMQy9srJ+ndk6+TiUArtqjwcsA7ISCWfz+4GykWAKvzy7M92rl/R9yuk2ngdx6ylBKwM+89f0ZPyiU6qJTJyWTkGXnm+AqdPW7+LBglFuWCwGv5ReGGFhvu6dULKjUfO/DK9MP/HtKH62+RUVhWwUpDh3qvdEg3Hz/o2Nk6i1mH/rT2Bq0fO06mAjcE6wGyQugfnnpLxizdngP+fPqcFJRBFBFhGX16QizhMzMMHvv+0W9074W5vxxz/0XbDb0nxB0WC0Ds8vbKidb27f2nZBircEnGCgZmHJZFgTPzgggKlSWBa/pZnJHKlP+091geCFgck8D3VIJ37ExPF3ph5TX69aBRFnsuXJNhrBodw8BEqx29IERw6c2zQgxu6/FGKrpI/3pwT4oGgSLOSpzBJqEHsCturudzF5222HtZ1WlhbtJPnWfYuyfXOsSiWHRc+uAP661t3fSPwkGlIoLsfRmM4vYo6N/7wKv0+dz2/wxrZBpGWxh95/Yy43BDcFc1kW3gbMaZOaxbglX79eCpzFx08H7vCNEOk5HBaujfD3FZt2BWj8OQRZmG0RYmDu6IZyMEgvoHspSwWABEePPxQ/ru4W9D1UgQeym6ZXwQi4pfwPrSEpmG0RZGnZUAbmElF+3/ERzrB2AY6/L9o/uy/qF/NoLrar0uLZ0KrB8dvqAf92zhBk9THC6snhSCOJDvg+/6j7v/le//Wn5BCvRJ+VBaHgWsi4n1JaMFs5Y/Jg8QgKvoVsjCY+3XxDfjiFX0g/XOibUj5Xm9RoI4CQczTo0E8QhqL9+J9F+JD/ERLmEQ4H/wxjqZiNEu6cJquyYB4fwQMuU4M3/ce9RRaj+zvEJxQcyiiBILCNdIftFEOijI6i6dPkunFrsXGNFLunLmfGSAbwJmWxgRzOIgKb+OMxsX7HigZxQAOzuuGUc80hFc9xCcXiPpl+10A1kdLOU3t//Tug/fG+n2+tJxIzMjHeN7Se+tnZI7US+Zh4UCziytDFV/qdbbAS5in15ntl4jGaU5qH//ZRGXmVY36kUqmo9wBziYCBoRHOogOESNJqrUHpeo7Kjz8WQ6yLpgFjNmup5upKZbfXZ5VV72Sq9Eb+mevA9n56U3Yy1kfYQ4NZKHL9sB6nIuR8OiZ2OGNRf7kro6jO4yanWfkmCQGgmsgu4W9dfERY9/VDyWFlJjYcYJaiS3RaYEKwOxoIB36thSq8kJq3NfFNWUy0LaO8pQiidaCr8ygqWaBiwYatRILp0+J5qYd1uuSWVkYeC+0AQdNpsJB7ymZ0Vh0ueSxtTNhWu48tZ5aT26gQB71BpJmgNewBZGAzWSv5z7owysf36618rIkszE9IBXuSN9BgEurSZqtdp8vC6fA1G///r6VOMeFkwEEMbawmFLMMhkkhAL0ANevCdEsfPbr31TevlaYZ2QIX507sLUXJkxgsEOQ79GjYHBNhp/ygVhByEQRSUXNRnljkYZyjANdJcEC4PtQcSigLVB/2lajUljBAOTrPd0FHqcgh2V1Jk+CZBd4TtDGDjAEEdNy7RwEqj2BywNXCJaBE7Glo9hG2B2BEYSqrReuappYIxgBglgs3JWYPSku9v7T6S5xw5fyS1IPz+NWYRqOsyjw5cdHXAEylW/1tpecdtxCNofacHIGAZ9IdRGMPfosOrJ+3BW4UzFjteFIMeriMtPTx7L7fva++B5DeFkaBlnrt155ip3N6xLq6rq8OErKVa4U10kOotOVoj6eWs7bfUXhZGCwYFUmUDrYC60H89m2gFfI3vIdQy20h9TBzBq3EkYCOqdE69LsUYBK6a61Spz6QW+E8b0YJgGhB4OeNPITGRJsBqooUAcuMC9IX2t+fFaBxAA4qgowUAgyor1A2n4OgJ00fvSs5lwwJtGUikYx9ItTKODDDdzFpfldvYg6xrCpakhnBAEtpVlwMg3T7xeFxam3kZ+pjjwCFRLWqwFC+I23Z0KWLuNaYkKeNNIOgWT0WKYHkMOGuNbnA53Ngoo6rUnpNmxDvphzWvdPpaiMkAYLtzFZNgAuWOAd8qGNOjMzDQT00nzkAadVApGP8unWcSKw3pz4Dfil7QNmtJhlzQhkHlhgHlag10Fu6QJknaxgFQKRjfp+vgYZvyk0iWhSvrR2QtYQitVnepZILUxjOoHMZOFYxgmFiwYJhYsmC7oQyg4sG7DdZguoIkplyqzyOjlXCcNC6YLqJl88Ea8RYPmAXZJTCxYMEwsWDBMLFgwTCxYMEwsIBhzf9GBMY19IwVT9ZNZKGiWMGSg2H5W1KX2TfgBPwxZ+KW5CDbWZcHgbu5EN8AJpNYrBlMb4mlZxayoZBbJgN+txpAFNY1DLejDHGXU1a9GxbbIKpIhYNHjBbYqXVE/ATQtRPyym/UDv2jKzxCrBX0evno+8k/OzBpJrlEzLNBKNmtnizXDfsF0/diyuBBjGIEV3LKCIFitVL1nxDB9yDnuCduyLKTVRWKYXgRBEVqRlV4RwewQw/RmF3+kYAIKdolhemBb9g15jT9BPfiGGKYHnufdwnUrny57lTviqkAME0bEL/lc/jxutrrVIvq9QQwTgQh2d9TtlmBExZcFw0TiW/7X6nZHiVfUY26KuszU+0qMQWjuCIQGUAVsZZgORHa0rW93WJhm1RfBr3k/mMxMBVHdLYgY5q7a7rAwspJnWdeJYUhak+u6WJr3dSLy7Q2fgpvEzD1h6wKODAJ3XVdUfYMdYuaaKOvSvP8opVKpYGXsO8TMLVHWBUROM1lYWCiKWOYLYuaSbtal+Vg0nDHNKaLuknNzm90E03UiW2Psg7VNzFyBuks3sYC+g3nLXvlb8bRNYmYf0TPKO+6Vnk+hPjQDYKTZ7Jpmm30R6G70si6g79xqGQCza5oDgu1+YgEDzy/xqt7nfhBcI2bmQEbsOu6ngzx3YMEgaxKi+Tag6c+SZBIk1I3ux8DLfSBr8uv+X4lnGMwOzRQ6zktiT3nkIHhmGCjIDRN7QaFmELxJvK5MmkGNbTOuWMDQk6pFV/ui32hSsqVJF1Isosl8i4ZgpFn4LJrUMZJYwMjLNjRjGlEN5ikqRtOnRzQoIy+KiJgmqPsoJxeJMRJhFXaTEAtIZBVNiCbv5s7zkAjzaBblriQhFvl+lCCoFgofiWowZ1DTRxyD4BqOSXOFjkQYy9JTjbjG+oq73FNCdJ1zWWcrKauiM5aFnRsuKn/Ftq0t4thmkkirkk/QBYUZi4XRgbWxM/Znoge1RczYQKziZJ2/Jel+ohi7YBQsnDExRvcT+XE0YVg4iSAnHHqB9/WSuzTRxaAmLhgFhJNxMpd9P9gmLvoNBOop4s8NN+t+OW7X0+M7TJ9StbRpB/bHwupsEosnDKb83KhT/ZsFZ2GHpowRgtF56b3ccG33oh8EV5tL2hdovihikUqsO4il5JBxkkEYJ5gwGOlXrpU3rMC6aFt2wVcj/oKgQI2mZ9oan3Al+3ApQhQYKlLECtuWbd11M+7OtFzNoPwOhnP29JENNrwAAAAASUVORK5CYII=', '피부', NULL),
	(12, 'data:image/png;base64,iVBORw0KGgoAAAANSUhEUgAAAIwAAACMCAYAAACuwEE+AAAACXBIWXMAABYlAAAWJQFJUiTwAAAAAXNSR0IArs4c6QAAAARnQU1BAACxjwv8YQUAABCsSURBVHgB7Z3NchPHFsfPjKSRbIxtvm0+HJEskkVSGBawSKowb8B9gvgNQp4gvk8Q8gQhT3DJ+i7wrUoWySI2lSy4VZcgDAETDNgGLGlkzdz+j9RSz2ik0UdL0yP1rwos27K+5j/n/Pv06R6DFMd13flqtXr90DnMm4aZdxwnbxhG3iWap+a/JLFb++cW8A17T5uO6xRSRmoznU7fZ+9tlxTGIMVgAvmgXCnfNMhYZqJYYT/K0yThekLaZEK6i6+WZd0nhVBCMJVK5bpL7k3HdW/SpAkkCiYgFnXWmYDuZDKZ/1DMxCYYpBrbtr9ir+AmiyTLpImGiYcJZ40JZ52J6DHFwMgFw0RyiT3rKosmq5Q8/6EM7MDdsTLW2qiFMzLBFIvFvJEyvmdPuUIaaYxaOEMXDFIP8yjfOOTeIs3QGJVwhiqYkl36ij3FGunUMxrqHoeNrH6gITEUwej0EzfuejaTXR1GtDFJMogqRsrc0GKJE2OlXLE3SyVEeMmPTJLQXkVV3Ns5K/c1SUKKYJCCzJT5L11PURTmbbJWdkVGihpYMDW/Yt4jXaFVG0miGUgwKMKxFLROehSUFHZN5m8GmZ/qWzBaLIllINH0JRgtlsTTt2h6Fkzds7BhsxZLwtnNZqzlXj1NT3UYweBqsSSf+bJdXkf/US9/1FOEKdnlR6RHQ2OFgSatjHWj206/riMM8y3fkhbL2IHaWblS/qbb+3cVYeqTiLdJM7447q1cLvdd1N0iBaNN7sTQlQmOTEm1WWctlglgnqWmO1F36igY+9D+Us86TxLGStQMd9uUpOeIJhakpovtRk1tIwybfYZzzpNm0pjvNGoKjTD16PKINBMLizL5MAMcGmHq0UUzwbQzwC0RRkcXDYdNUC4HJyhbIoyOLpoGBq22/khARxdNgJYRky/CpDKp66TRNJlntThfXcYXYfRstCaEzZyVvcy/aUQYbLlBWiyaVpbr2vBoCMZxnVXSaELA3j38ttn8obfbk0bTQn2jJw9PMLZtYwFanjSacPK8lbMWYUy6RBpNB7DvIL6m8Z8rhJxxoOI4dFCp0F65yG5Xve9BxjRpOmPRdNqiuWyWhsnBIZ6/xF6H3Xh+MJfNsdeRopNT05QksEklvtYFk/w10TgoW/tvaPvgnXegxIMUxnQ6QyfYQVs8ctT7J4Od4gFtvd2l7fdv4QnpMOI1QDQXjs6xr0e816My3OMa2HWhXLHfUEJBJHm495qesAMVJZJ24GB9fPwkLR3tr7Fwa3+X/vtmx4sq/QLhfHL8lNLCYVXfYwbG2FXXWaeEAXE83H1FfzKxhAmFRxCEf6Qi/jeIPnt2KfTs71U4iCgbfz8LFUqaPefJHHv+VKohglqqtL3779vl0Mf8+NhJTzgqYph0M111q8sK7u/cERz0X7efthyoEzmkmBlamp33hBL1GA93X9NO6YCK9cfB4238/dz73WcnFzr+/e8720ys/sAMkXw0d9xLNUgznYBwILgHLDIVhfeBSPXk7R59fu4D5aKN67h5w67Y37JxdmI2AUJUwYcqRhUI5RMWGaIOUjuQUoIHDgcr7KAhBUKsiFIcLpSP5o9HCjWMneJ7+o0JtRg4AT49ccZ7TFUwDeO2UbJL95LS6P3g9UtPLBwcqE+OnZLyoeKMf/Cand3v9ho/C4oGYvn52WNfZFuYnqErZ872JZQgEO7vr1740qVSKcp17yZGMEGxzFo5urZ4zhsiywRp6g920DhcNBgmBMUyjAgA4f70bMsXbRQSzaaRhBnqoFguzMzRZ6fOSDmrw3j+ft9LEfxMn2PiBGIaunx6se9RVRSoHf324plXIuAoIpoChg9KL1J7zmoaQbHISgHtWDwyS1eYIDgQyqjEAvDeri1e8N4rB58BPouYmVdaMPAMf+w00wPMLcQig71yuWPdBKJBygmCM32YYhHBe8V75mAEN0itRwLz0vfplQlSEf+AppiXuHJmkWQAc7n+9E/69+P/eUPbdsCfQCAABjuOtHBt8bz33gFS1QZLVXGSJkVBLUQcsSBFyDK4YnpBmO80rwOB4B8O1jDTYDvwnHjvPzMjDFA3gsjjmotSNsJgiMvh8y2y2BOqrPvlUld/E4dYOHjvPj/DIm9cKCkYeJftg6bBQ1FOJq+ENLTXpkSvGuJngCgTl5dRUjAY1nIWpo9KrbXsBSJKrf2hSqqDtgzRAMOHxYGaghHqD4szMySTvZAU1Mn4qsRH88cat1/F9JqVEwzOdvHDkNWrwhENLwcpMAmIPg5pKY7IqJxgxAgwm81KN5thniVMRCqCz2LOanYKxiF0JSMMZzold54IhIXypAgGzGZzjdtxvG4FI0wzAkxn5PaDiNFrSmhbKFYOKSnwZjBQqfbXYTgISld6xQ9HBgeHduM2JhSnhQpqzCX3rhFTtPYwQ0YcDWHVwKyVE373njTRKDc14Au5jtyQKxpejDjEM7QbA+nVPgwa2eRjGOJrjqP6rKBgBg+58EGZlNnSXil6GESYg0rO9zedgFg2Xj6vvS7mHeJqnTwQ/JZsj9cNyqWkOWEU0A9oPMJM9M9/PfYJDmLhDVEwvN4QVXiu/YgRx5YwEbodY19KUfBhcUQYJQVz+dQifTh3vOc5JEQBPsMNE7u13zzIQcMLxDMU928X0ZCuxOF4nHM5Ylod9urNMJQ0vVgm8tnJMz3PIYmdeUCMBEHDC3CGimmrnY8JM8RxzOWIr2MYRc1uULYfplfEZisOL5/jgw0aXg4Wux28rUUiFMLCUiIWywXpdy4Hy2SevKtNrmLFQS8NWWKL5pw1WOruF6UFAwF0M3qBKILLT7hfwSoAHJSg4W3cZqX2J/XbnvENTF15i/oFsfHH5mlJjFB8ZWU7MAsvLn7zFuuzx7hyuru20+33wqSs5Dm2blFWMOKopBdw5n168nSjQw0HCB/uYWMHh5QvlPt8TIg4H+69atxGI5fnZ0oHjdfIIwR+DrPdaykAqxy7WVPNxcXfQ1yCUbZw1+88ydXFc15aSTfWU1dp623T/IqTd7Xvpxq3uRBEgmf10tFm55uYlpASexHLgd28bzdRFJGSs3BEbstHLygbYbD0NKo2EgQHlBtlHFge/kUPciLQC4sIw9MMb6biEQgmU2xCx+Pj93x1Ik9Lwf5jsdFJBPflC9SmLbPxuFGjHQhKfPw4C4fKCgYdZl+c6+mCpz5wcIOL5UGYqT3CDhr3KRApb7AWh+X8Z7UWg5wvLT0RIhjSVjtPAmH9sv20IRoIFaPBqNHOA6GHFztCxLkZ0diMkoJgJIQzPZhmws5mtAw0BVNqHBDxb8WzGvUh7pFEs41o0al2BLF+cXbJS7eoFi/OHI0USzC6XJidozhJjGAwHEXU6cXs4cCLB71Wd2mt7fhGSnXvhBGNmI7Es5p7pOAeM0ijUbUjb8u0TPf1JTG6ILLFmY5AImarEfb/ePW3t81GL8tFg/M9QcPb+HlIU9LWfrMRPSjSsFEKRCV7fkmsXAMY+rhJhGDEghyWznY7KYkDKxrQE21yvygYNFMFl7mIzdcccbQE4EVkgtfgW1POnk/2ThX9kAjB4MzlHXIQz4MeFnJxT4EUstQm/0NY/mF4s+wPkxmaxpjI+GvCvJfsugh2uBJTouy1Wf2C7T5cSgDwFL9u/9X4vpe9WXhE6mQwf3n+1BdVOJ12auBbqg46wx4kuL3J1YXzsRXqgiSm4w67KXw410wN+ED3eljmGjUamc6E+/9OQ1iYV9liQXQTxYINAFQRC0hUiyZK6OJOBmEbI/ZL2GReu3Q0LHACYEsPTm3vPrV21EyUYBAlUMcQ/QwapWSIJixSjLLmAbFgSzSOzO1NZJK4JnCkgWssp3OTykXTbXpq/7j+yT+Ic1Q1D/TqQCwVoSPwi3NLSoyKgiRy1UCtYvqBXzSs8ipO0PVKsJlqVBN8KEgmRSwgsctMuGhET4PdLx8MsHeKWKcZRXTB0BkFSY7qYgGJGVa3I2yb0nabMnfzWA/ZhOX0EKq2/udp3Rx6WNvIyibxggFey8HLF74yOlBx3/6wncyHvY2sTMZCMJzgpswAw+Wri+dj37cfUWXj5TNfM7rMncxHxVgJBoSlKJy5aNuMa6Y3LKokJQUFGTvBcILldTDqaxJBIL+9+Mu3ozdQ+RI3UYytYEA7Q3z59Nmhd62FXUsJo6BrC+g5nqKkMtaCATDEiDbBds1hnuVh11LiKzmTYGw7MfaC4fRyTaR+CRsueyV+NuMtc5/hOIFgcCoofYEKWSBF/b7zwucpBr3eIwedgEhBwQt/Yev3pEcVgd1EXP5GNmGGeJAUFZaCVLuamiQKRtkub7CclPjLEPdKmCHutWYTVlsZB2PbFsNYN8mgAk0g3rqns0u+PfzhPbptl+DtCKJYsLj+xoWL4ymWOqZBRoEmFIgG1yTil7gBEMv6k0cdVyfgd2GX88NFscbIr7TAZqo3Tcd1CjThwLtcZWkk2M0XNvONqi1+x80tyvufs0g1hn6lBWglnTbThcMEXJxh2KBnGB5G9DXcGHMzHDTLSWhHkIlruPcN13XnyxX7DWk8YIax/lm8cn3tUn6ur3clqXNBg5DNWMcM3JjEoXUnkJJ+YuZ3v821lCAWRJZx9istuG4hl81d9DrumGrWSdPAazZnFeDZkKW1PA1NlFhqbOI/TzAuuZuk8eFdCnjhvO+aBBMsFjacNu/iq5eSisVi3kiZj0jTAjwNai1IU9jdcxLFAg7tyuWZmZlNg/9A+xhNW+r+BTcbqwZMw7hLGk0IBpsS4LcbgmEVXy0YTSiO4fzAbxviL1g9ZoPVZSZuIlLTASEdgcBCNldHGY0PNjpaE7/3RZh61RfmdyIaqjTRsOpunnmYxi4BvgjDfrHLzO8d0mjIiyZ3RLHUf+bHtu1lh9wN0kw8wegCWhbjW5bFqr7uOmkmmrDoUv95K7ryqwmLLiB0u4+pqakC8zK3STORtIsu9d+Fo0dMEwqru2St7Eo7wbTdUMgbMZGxRpqJAnWXdmIBBkVQskv32N1WSDP+sDmjXMa60fEuFEHdAGOYrVPTeLPLjO5yp+gCIve48wywTk0TgLsWJRYQGWE4dsX+1nHdW6QZOzAitjLW193ct2vBYNTERHNvEpfVjjWB2egout52FaMmp+r8g90skGY8qA+he/mTriMMR5vgsaErkxuk542d6yZ4BU9ImqSCGttKr2IBPUcYDpvVvuTUJil1pEkWnljYJPN96oO+BQO0aBLHQGIBAwkG1D0NqwbrJSpKEzFH1C0DX5wCnsatOignF0ijJCwqbMoQC5ByNROIJmdlL+qWCPWoF+VuyBCL93gkEVQLWY5ENViPoOKHHQP3Fo4JamgkiYE9TBg1X2N8r2e5Y4LNOmfTmVVZUUVkKBfYqqWo3A3TNFZJe5tR4kWVnMQUFGQoEUYE0cZMmd+wOahV0gwNeJVMOvNPmeknjKELhqOFMySGmH5Cn45GjBaOFLwFh7Zr/zBjzYx0M6iRC4YD4aQyqeuO466RLvp1Beop7L+7Vtr6btipp8NriJ9ipbhiuuaXLOqskBZPECz5uVul6o9Tmal1ihklBCPyzn63bJnWJcd1b5LrNWvlabIoYJNK7DvoVt0fMeIkhVBOMEHQ6Vc6LC0brnHJNMy8wzv+XDdPtUnPpE18IpXsIqUwUaBVpIAdtg3TeGylrPW4Uk23/B/3nlqYPEHp+QAAAABJRU5ErkJggg==', '그 외', NULL);

-- 테이블 데이터 imfine.user:~24 rows (대략적) 내보내기
INSERT INTO `user` (`id`, `created_at`, `email`, `follower_count`, `following_count`, `name`, `open`, `password`, `refresh_token`, `uid`) VALUES
	(1, '2023-02-13 11:13:53.824551', 'user1@user1.com', 4, 6, '무지졸린유저', 1, '{bcrypt}$2a$10$d7sTc95glrbYu5HV1SnNSOij865Cq/SRqHz3paVBCRHtxaJs0tvTK', 'eyJhbGciOiJIUzI1NiJ9.eyJzdWIiOiJ1c2VyMSIsInJvbGVzIjpbIlJPTEVfVVNFUiJdLCJpYXQiOjE2NzY2MDE3MDcsImV4cCI6MTY3NzIwNjUwN30.bQMezT6YJlQ_MMd8gYa_zmKWbOfu1YJoeqdWQM1XiTg', 'user1'),
	(2, '2023-02-13 03:30:47.480877', 'jhs1oo4@kakao.com', 3, 3, '스기', 1, '{bcrypt}$2a$10$6yCVLzS.GfusTcxm.IeK2.UDpMYhoBkzfw.KaF3p5vUPHtjgHe6E.', NULL, 'jhs1oo4'),
	(3, '2023-02-13 03:35:16.736602', 'isabella23@naver.com', 4, 8, '뇽', 1, '{bcrypt}$2a$10$CCmjOj670RUYJr0nZHO9Z.m7FzOS5LZv9eAXz3DKrlmFFQKl4cMU.', 'eyJhbGciOiJIUzI1NiJ9.eyJzdWIiOiJkbmpzZHVkIiwicm9sZXMiOlsiUk9MRV9VU0VSIl0sImlhdCI6MTY3NjYwMTgxMSwiZXhwIjoxNjc3MjA2NjExfQ.CGCfcJAq9WsIRWIN6s1fbZdtfvrXM-MhpXhWpjzSlvE', 'dnjsdud'),
	(4, '2023-02-13 05:04:55.790350', 'wpgur07@gmail.com', 3, 5, '제혁등장', 1, '{bcrypt}$2a$10$leVGokP0X71vN2Qm5DMYT.IZFD5rO7eQ8t3KJSlzH.HD4wtY0yr1i', 'eyJhbGciOiJIUzI1NiJ9.eyJzdWIiOiJ3cGd1cjA3Iiwicm9sZXMiOlsiUk9MRV9VU0VSIl0sImlhdCI6MTY3NjU5OTY3MSwiZXhwIjoxNjc3MjA0NDcxfQ.F2VWa98N6lB2F7gVKdZaoZpwdvc94Lw8-AAAowZcz7w', 'wpgur07'),
	(5, '2023-02-13 06:04:43.848733', 'hello17@kakao.com', 0, 0, '라이옹', 1, '{bcrypt}$2a$10$KeJiMXDxjzMtam1PXIYGie8Mvx3uXBnMpLauyHopXHkGmZdyYqTXa', 'eyJhbGciOiJIUzI1NiJ9.eyJzdWIiOiJsaW9uIiwicm9sZXMiOlsiUk9MRV9VU0VSIl0sImlhdCI6MTY3NjM0OTkzNCwiZXhwIjoxNjc2OTU0NzM0fQ.eEmpQVqZuLo04HXlwsCkW4_XFrnsQasZJjBvOn9_tYU', 'lion'),
	(6, '2023-02-13 06:05:14.113114', 'user2@kakao.com', 4, 0, '유저2', 1, '{bcrypt}$2a$10$/W6Q4YOsLudptZIrhgNdJusHE8SX0XvLA2HkqCJrwnSYFj36iNnHG', 'eyJhbGciOiJIUzI1NiJ9.eyJzdWIiOiJ1c2VyMiIsInJvbGVzIjpbIlJPTEVfVVNFUiJdLCJpYXQiOjE2NzY1OTg3NjIsImV4cCI6MTY3NzIwMzU2Mn0.-KN3vu8wV68s3jrOx1hADOw3LMeb294QR7JrlW_LWhs', 'user2'),
	(7, '2023-02-13 06:05:21.349234', 'user3@kakao.com', 0, 3, '유저3', 1, '{bcrypt}$2a$10$1TnMZSbySXoV6lGaMLy67OENGZl4Sdcm/nO8SGl4Yb.H1CdAVz112', 'eyJhbGciOiJIUzI1NiJ9.eyJzdWIiOiJ1c2VyMyIsInJvbGVzIjpbIlJPTEVfVVNFUiJdLCJpYXQiOjE2NzY1OTgyNjksImV4cCI6MTY3NzIwMzA2OX0.xgZXia7hYoNS1xAjh_nW9GAfLyLc7SBxgvw3fQH_Z08', 'user3'),
	(8, '2023-02-13 06:05:50.370774', 'user4@kakao.com', 0, 0, '유저4', 1, '{bcrypt}$2a$10$QEqPAycL/9k9MKBlEBo6n.lKhZZGsE51MzSfOlWczuXPHctPzcxjW', 'eyJhbGciOiJIUzI1NiJ9.eyJzdWIiOiJ1c2VyNCIsInJvbGVzIjpbIlJPTEVfVVNFUiJdLCJpYXQiOjE2NzYyNzAxNDEsImV4cCI6MTY3Njg3NDk0MX0.HopwDZialdbY2yoiSwUXuHgKz2XiMpZ90MHqiXCoURU', 'user4'),
	(9, '2023-02-13 06:05:55.273179', 'user5@kakao.com', 1, 1, '유저5', 1, '{bcrypt}$2a$10$tsDY06iRaJ.yTstNnKrgCusC78cMgzlSwiohIueEr/aHhqrGfyaKm', NULL, 'user5'),
	(13, '2023-02-13 06:06:16.950526', 'user9@kakao.com', 0, 1, '유저9', 1, '{bcrypt}$2a$10$KO85JBG.rg.YttlXBoCZ4O/aWm.F/iwaCi0hGHZcabAF/F46BklLG', NULL, 'user9'),
	(14, '2023-02-13 06:06:27.092997', 'user10@kakao.com', 2, 0, '유저10', 1, '{bcrypt}$2a$10$LnzTyKU5OTcuBoj5ruScfOor14jBArMJBf6I1SlUOX2mRLvmedra6', 'eyJhbGciOiJIUzI1NiJ9.eyJzdWIiOiJ1c2VyMTAiLCJyb2xlcyI6WyJST0xFX1VTRVIiXSwiaWF0IjoxNjc2NTU3OTE0LCJleHAiOjE2NzcxNjI3MTR9.4g1BH9LsjKZUIAQeMUXO-d3ZuM7HthE2g-IHOPvi17k', 'user10'),
	(15, '2023-02-14 06:52:35.902953', '누구게@naver.com', 0, 0, '누구게', 1, '{bcrypt}$2a$10$8dK0QjApNeW5roug5WG7he253d5FhgK2M6nySmEOrBIfJVCQm0HLa', NULL, 'secret'),
	(16, '2023-02-15 00:44:45.688546', 'sdyoon94@gmail.com', 0, 1, '귀여운아치', 0, '{bcrypt}$2a$10$m/mMkg.hmhjdx5ABRv9a..Bbb4fcsidSXySpaKrajSvNBH/D3CcRO', 'eyJhbGciOiJIUzI1NiJ9.eyJzdWIiOiJzZHlvb245NCIsInJvbGVzIjpbIlJPTEVfVVNFUiJdLCJpYXQiOjE2NzY1MzUwNzQsImV4cCI6MTY3NzEzOTg3NH0.eXzDpohrwtfRBqoYLcwQJO35IOPGeHeN0IrKFAa12Bo', 'sdyoon94'),
	(17, '2023-02-15 02:12:10.602330', 'bljh1008@naver.com', 0, 0, 'hrookim', 1, '{bcrypt}$2a$10$5P5Lu6PcDgTaOIl8Mdx4V.IagZuT1h5eQ7sp8VmWvN3aC0w2rR8kW', 'eyJhbGciOiJIUzI1NiJ9.eyJzdWIiOiJocm9va2ltIiwicm9sZXMiOlsiUk9MRV9VU0VSIl0sImlhdCI6MTY3NjQyNzEzMCwiZXhwIjoxNjc3MDMxOTMwfQ.qGgCaMEgSccpgmrHFdTKN6QUWgvCOoH0fnFRZ_NriyA', 'hrookim'),
	(18, '2023-02-15 14:37:40.754410', 'hanikim2057@gmail.com', 3, 5, '하늬', 0, '{bcrypt}$2a$10$SurfZV7b7OPs/8VcmMTGOeR4290lvzf8ej4yJoxHrZYlFUnLktE4i', 'eyJhbGciOiJIUzI1NiJ9.eyJzdWIiOiJoYW5pa2ltMjA1NyIsInJvbGVzIjpbIlJPTEVfVVNFUiJdLCJpYXQiOjE2NzY1OTgzOTksImV4cCI6MTY3NzIwMzE5OX0.tH9aJ95bHDi0LsCf4w0uPmcnhcOAWmS40dLrO00NMHk', 'hanikim2057'),
	(19, '2023-02-16 12:37:52.305598', 'myway01212@naver.com', 0, 0, '리미', 1, '{bcrypt}$2a$10$avlzZLEi/lShTQBePNHI1.2ySUIbJHc8x9lRmh9OegYVp6SlxFNbK', NULL, 'limi'),
	(20, '2023-02-16 13:32:40.282313', 'bhi991228@naver.com', 2, 0, '짱지윤', 1, '{bcrypt}$2a$10$l3rWcsqW2aC.MMxOyZ1/K.OP0gHtPIfua3SGHHPogUFR8p2rmsjXm', 'eyJhbGciOiJIUzI1NiJ9.eyJzdWIiOiJiaGk5OTEyMjgiLCJyb2xlcyI6WyJST0xFX1VTRVIiXSwiaWF0IjoxNjc2NTQ5ODYyLCJleHAiOjE2NzcxNTQ2NjJ9.JmIgDkpH5Y_ClAiENbdxUlJVpsBv3qmxotEojCTNg34', 'bhi991228'),
	(21, '2023-02-16 15:50:45.665767', 'jssafy88@gmail.com', 0, 0, '응애는아파요', 0, '{bcrypt}$2a$10$6pxeRBIjspDmVIuowpgiee8k11ueZWYrKUypLcF8s7bmBLz8fax2O', 'eyJhbGciOiJIUzI1NiJ9.eyJzdWIiOiJqc3NhZnkiLCJyb2xlcyI6WyJST0xFX1VTRVIiXSwiaWF0IjoxNjc2NTMwMjQ1LCJleHAiOjE2NzcxMzUwNDV9.JGZzChwEbcOic-eMyn1asBGqxcUCrBcDmAFzfK2l3eE', 'jssafy'),
	(22, '2023-02-16 17:44:23.664641', 'chichi@kakao.com', 3, 1, '치질쟁이', 1, '{bcrypt}$2a$10$PKiEDUoBKuO/f/IrB1gL4OrkBAO3JgxKCICsRppwrU0kyhhwADaj2', 'eyJhbGciOiJIUzI1NiJ9.eyJzdWIiOiJjaGljaGkiLCJyb2xlcyI6WyJST0xFX1VTRVIiXSwiaWF0IjoxNjc2NTk5NDY4LCJleHAiOjE2NzcyMDQyNjh9.9r1vsWxuufqWsIErrEktJnFsXbeB9VrlzBx3f6zRCMc', 'chichi'),
	(23, '2023-02-16 17:44:41.261165', 'lasik@lasik.com', 1, 0, '라식쟁이', 1, '{bcrypt}$2a$10$r0t904E4BSjvJnNQvmckUebVW3F8bKagucuI1095.jIGZFlrg7F7a', 'eyJhbGciOiJIUzI1NiJ9.eyJzdWIiOiJsYXNpayIsInJvbGVzIjpbIlJPTEVfVVNFUiJdLCJpYXQiOjE2NzY2MDE4MjMsImV4cCI6MTY3NzIwNjYyM30.TIlI7VbVwrRwH0u1tjngYDjf5sjABtjx10SaB6J0ELo', 'lasik'),
	(24, '2023-02-16 22:56:43.409401', 'gyeongrim.dev@gmail.com', 1, 2, 'imfine', 1, '{bcrypt}$2a$10$vzKhCW.tTm1Z6tw/7HskIOSH4qRYQZkggLjnADUV1vaMhOqHRMukO', 'eyJhbGciOiJIUzI1NiJ9.eyJzdWIiOiJpbWZpbmUiLCJyb2xlcyI6WyJST0xFX1VTRVIiXSwiaWF0IjoxNjc2NTYxMTA2LCJleHAiOjE2NzcxNjU5MDZ9.dPW4VGlJ4alCvD8qbqClcace1dzGKZcvvQ8jyUE6HPU', 'imfine'),
	(25, '2023-02-16 23:24:23.025257', 'imfineidle@gmail.com', 0, 1, 'imfineidle', 1, '{bcrypt}$2a$10$8uEVukRFxL8i2chp180AYOmkYKACraQVqalGp6aK5L53n5ADaHKOO', NULL, 'imfineidle'),
	(26, '2023-02-16 23:33:32.537876', 'samdeok.us@gmail.com', 0, 0, 'newnew', 1, '{bcrypt}$2a$10$aD1dHOIkSjF0DYq4QQWqJue0yKAE.mf4X1IPDvuUWZk4S4UPlHuO2', NULL, 'newnew'),
	(27, '2023-02-17 11:04:38.311726', 'test@test.com', 0, 0, '테스트쟁이', 1, '{bcrypt}$2a$10$E.ettUtkcp1gITK8upxhVOfESWvW5pYpIuG5faFAvqDMnmdu75LvC', 'eyJhbGciOiJIUzI1NiJ9.eyJzdWIiOiJ0ZXN0OTk5Iiwicm9sZXMiOlsiUk9MRV9VU0VSIl0sImlhdCI6MTY3NjYwMTk4MywiZXhwIjoxNjc3MjA2NzgzfQ.X8KsqIkUV7CWkinf9Opqmz3vpkzCfPR1NRjCcoU81PA', 'test999');

-- 테이블 데이터 imfine.user_has_medical:~10 rows (대략적) 내보내기
INSERT INTO `user_has_medical` (`id`, `medical_code`, `user_id`) VALUES
	(4, 1, 2),
	(5, 11, 2),
	(6, 24, 2),
	(23, 1, 1),
	(24, 2, 1),
	(25, 3, 1),
	(26, 21, 1),
	(48, 1, 4),
	(49, 21, 18),
	(50, 26, 18);

-- 테이블 데이터 imfine.user_roles:~24 rows (대략적) 내보내기
INSERT INTO `user_roles` (`user_id`, `roles`) VALUES
	(1, 'ROLE_USER'),
	(2, 'ROLE_USER'),
	(3, 'ROLE_USER'),
	(4, 'ROLE_USER'),
	(5, 'ROLE_USER'),
	(6, 'ROLE_USER'),
	(7, 'ROLE_USER'),
	(8, 'ROLE_USER'),
	(9, 'ROLE_USER'),
	(13, 'ROLE_USER'),
	(14, 'ROLE_USER'),
	(15, 'ROLE_USER'),
	(16, 'ROLE_USER'),
	(17, 'ROLE_USER'),
	(18, 'ROLE_USER'),
	(19, 'ROLE_USER'),
	(20, 'ROLE_USER'),
	(21, 'ROLE_USER'),
	(22, 'ROLE_USER'),
	(23, 'ROLE_USER'),
	(24, 'ROLE_USER'),
	(25, 'ROLE_USER'),
	(26, 'ROLE_USER'),
	(27, 'ROLE_USER');

/*!40103 SET TIME_ZONE=IFNULL(@OLD_TIME_ZONE, 'system') */;
/*!40101 SET SQL_MODE=IFNULL(@OLD_SQL_MODE, '') */;
/*!40014 SET FOREIGN_KEY_CHECKS=IFNULL(@OLD_FOREIGN_KEY_CHECKS, 1) */;
/*!40101 SET CHARACTER_SET_CLIENT=@OLD_CHARACTER_SET_CLIENT */;
/*!40111 SET SQL_NOTES=IFNULL(@OLD_SQL_NOTES, 1) */;
